"","Date","EMP","EMP_PART","EMP_TEMP","UNEMP_RATE","UNEMP_DURA_6mth","UNEMP_DURA_6.12mth","UNEMP_DURA_12mth.","UNEMP_DURA_24mth.","EMP_RATE","EMP_ACT","EMP_ACT_RATE","CLAIMS","CLAIMS_RATE","TOT_WEEK_HRS","AVG_WEEK_HRS","AVG_WEEK_HRS_FULL","AWE_ALL","AWE_CONS","AWE_MANU","AWE_PRIV","AWE_PUB","AWE_SERV","VAC_TOT","VAC_CONS","VAC_MANU","IOP_PROD","IOP_CAP_GOOD","IOP_DUR","IOP_ENER","IOP_GOOD","IOP_INT_GOOD","IOP_MACH","IOP_MANU","IOP_MINE","IOP_NON_DUR","IOP_PETRO","IOP_OIL_EXTRACT","IOS","IOS_45","IOS_46","IOS_47","IOS_G","IOS_EDUC","IOS_PNDS","RSI","CAR_REGIS","RETAIL_TRADE_INDEX","AVG_WEEK_RETAIL_SALE","AVG_WEEK_RETAIL_SALE_NON_FOOD","CPIH_ALL","CPI_ALL","CPI_EX_ENER","CPI_GOOD","CPI_DUR","CPI_NON_DUR","CPI_SERV","CPI_CLOTH","CPI_TRANS","RPI_ALL","RPI_GOOD","RPI_SERV","RPI_HOUSE","EXP_TOT","EXP_GOOD","IMP_ALL","IMP_GOOD","EXP_FUEL","IMP_FUEL","EXP_OIL","IMP_OIL","EXP_MACH","IMP_MACH","EXP_METAL","IMP_METAL","EXP_CRUDE_MAT","IMP_CRUDE_MAT","GBP_BROAD","GBP_CAN","GBP_EUR","GBP_JAP","GBP_US","OIL_PRICE","BANK_RATE","CONS_CREDIT_ex_student_loan","TOT_LENDING_APP","TOT_HOUSE_APP","MORT_FIXED_RATE_5YRS","MORT_FIXED_RATE_2YRS","M1","M2","M3","M4","LIBOR_3mth","SONIA","BGS_5yrs_yld","BGS_10yrs_yld","BGS_20yrs_yld","FTSE_ALL","FTSE250","VIX","SP500","UK_focused_equity","EUR_UNC_INDEX","BCI","CCI","CLI","PPI_MANU","PPI_MACH","PPI_OIL","PPI_METAL","PPI_MOTOR"
"1","1998-01-01","0.000975792909102324","0.00255581586919362","0.00228310601456894","0","0.00524385050601062","0.00711746776886457","-0.020548668227387","-0.0364696797813915","0","0.000999500333083603","0","-0.00711493574188715","-0.100000000000001","-0.000794777220377796","-0.00301659353942574","-0.00259403517704637","0.00198921845728607","0.000381640955426963","0.00101412942350121","0.00197492913328859","0.00458666123573312","0.00161708145862338","-0.000196514518640464","-0.00500476637639504","-0.00186588380243942","0.00338028490882358","0","-0.0219789067187754","-0.00257842858794444","-0.0185381209989108","0.0207530145862913","0.0107080142724723","0.0016406894574601","0.021720310892662","-0.0166948785721699","-0.0190068170871669","0.0211676831583496","-0.0050633019565467","-0.0410888797802418","-0.0752032079878013","0","-0.0342007960857842","-0.00996272250367447","0.00410678195265346","0","0.00581861163886277","0.00489007763159233","-0.00218455979848642","-0.00432088866126534","0.00067385316226632","0.00104836032746846","0.00130374299486027","-0.00240249525370177","-0.00708293705109258","0.00211572027248751","0.00322134895555077","-0.00427861073772862","0.00405290815610417","0.0019377607609424","-0.00042094635803106","0.00325262174204175","0.0054364089189169","-0.0330577520489737","-0.0524517830102482","-0.0432632313422872","-0.0625162927254479","0.0586965529951922","-0.0799522058408133","0.230593851290765","-0.143100843640673","-0.102222534310377","-0.104078906570294","0.0733312730855493","-0.124454174473406","0.0164387263431598","-0.108557877981558","0.0104286247486387","-0.00516578190712025","-0.00549305963779206","-0.0157643823672462","-0.0148105893883282","-0.123108599948428","0","0.0107883538828784","-0.0338903466827372","-0.021585935027792","-0.0900000000000007","0","0.00721374807540798","0.00272666653629372","0.00843539564726647","0.0120130189546597","-0.139","0.13","-0.2892","-0.2761","-0.0533602699861349","0.0508145134277314","0.0153177697809497","21.46999931","0.0100990103150949","0.0551864155672908","-15.82274","-0.3018","-0.168900000000008","-0.0135000000000076","-0.00469214335895301","0.000912759680275442","-0.0293971849101154","0","0.00211864486028546"
"2","1998-02-01","0.000712477765210551","0.00254930032343381","-0.00686501551968011","0","0.00625653761430556","-0.0434851119397388","0.0051768881795331","0.0169975763685715","0.0999999999999943","0.000606352452011905","0.100000000000009","-0.0142386987780565","0","0.00419382875945207","0.00301659353942574","0.00259403517704637","0.00397669576412522","0.000538440538711978","0.00344601664780999","0.00250504542436767","-0.000316318756368816","0.00431576002723635","0.00628666196227655","0.0121855973727982","-0.00778793152591381","0.0078431774610257","0.0292296383149386","0.0885533973414452","0.00143328102507034","0.0226114463865468","-0.00128452169235604","0.0117648415795868","0.0081633106391612","-0.027777042264769","-0.0050633019565467","-0.014356955602711","-0.0292916521076227","0.0050633019565467","-0.00669538608298481","0.0503165274083353","-0.000985707324758778","0.0177980226443273","0.00623832341269193","0.00204708362172479","-0.00156617103274481","-0.0047582029731732","-0.00162742025229434","0.000857324211185784","0.0019265231373744","0.00168269205009235","0.00129670361599667","0.00154341778016272","0.000779859209402234","-0.00178325227620741","0.00824194541395176","0.00320898143929649","-0.00358032848714859","0.000616491351982564","0.0027709608737396","0.00295381834266137","0.00304771368757638","0.00570006174300854","0.00327368253955562","0.00106876439645553","0.045355314030056","0.0537848231435216","-0.0439720197038049","0.0423267441693689","-0.0846595819457558","0.22748823591822","0.0314453287985863","0.0530815139455179","0.0396091380950461","0.0660434123169917","0.0134954814748847","0.0244910200082957","-0.00353524184017484","-0.001104362343053","-0.00522161352147068","-0.0258076308776038","0.0032967062824919","-0.0765924454813836","0","0.0133965532524609","0.0765859910076916","0.085490289663074","-0.159999999999999","-0.0499999999999998","0.0100567216808862","0.00487154553485425","0.00816415400715442","0.00774540022030124","-0.0366","0.0727000000000002","-0.0851999999999995","-0.0517000000000003","-0.106597883353405","0.0562284980266368","0.0675038825233614","18.54999924","0.0680783666566382","0.0649578962747723","-3.57956","-0.250799999999998","-0.00390000000000157","-0.0197000000000003","-0.00540345943389961","0.00049697675194775","-0.0122163970476693","0.00133600554274249","0.00211416569233513"
"3","1998-03-01","0.00112393238266328","0.00314018949628192","-0.000574217644259356","-0.100000000000001","0.00725016122505995","-0.0532445145188127","-0.012121360532344","-0.0084626739187339","0","0.000142617749022023","0","-0.0115094510599567","-0.0999999999999996","0.00203389900622764","0","0.00258732356495095","0.00152698007478512","-0.00188420289262525","0.00273669009096895","0.00322214200653777","0.00184483296589022","0.00146893965064707","0.00851753396970191","0.0174665361470623","-0.00703308137652116","0.00888894741724666","0.0263974718510247","0.0234516610350495","0.0167593753644253","0.00809721023261956","-0.00128617381074481","0.0173917427118688","0.0113178249326609","0.000184077312990638","0.00169061747790789","0.0847377523645099","0.00867236490488654","-0.00675678246287958","-0.050182687983324","-0.0728844809733662","-0.00197433430371774","-0.0336354577429541","0.00248447332766233","-0.00409836639228223","-0.00471328445209807","0.0323281701642548","-0.00162992308038756","-0.00398062093416129","-0.00390298281578438","0.00144353323930118","0.00128093904925098","0.000921772361014113","-0.000462891201837953","-0.000519569892501836","0.000282460477625414","0.00384867547563768","-0.00357689851288672","-0.00135206925932484","0.00262410956670852","-0.000524516900714487","0.00293016597538363","0.00695684066847387","0.0158611250131138","0.0203855653202449","0.0336824419770796","0.0419804488248197","0.0231712697458022","0.0438509520716845","0.0153508045961237","-0.0564786041604703","0.0393397678590581","0.111987527425342","-0.060018009726253","-0.0660434123169917","-0.0107817756032889","0.0169919130687362","0.017033475890508","0.000892079666645174","-0.00213252652177526","0.0389222776337013","0.0128987163945568","-0.0714326409191921","0","0.0270074820869279","-0.0421155507976128","-0.0426495571631982","-0.0900000000000007","-0.0600000000000005","0.0171709317465787","0.00577588762576653","0.00247900773857168","0.00713158951292137","0.0228999999999999","0.0626999999999995","-0.00389999999999979","-0.0541","-0.0413494640793876","0.0359632295089316","0.0605047104460308","24.21999931","0.0487384620342608","0.0756790643857634","36.3967","-0.384399999999999","0.0851000000000113","-0.0569999999999879","-0.00279542475590629","-0.00148526756517624","-0.0275858635072114","-0.0040133833134588","0.00631581046812446"
"4","1998-04-01","0.000037442665922427","0.00283265191271376","-0.0132988372239886","0","-0.00103252461418979","-0.0317486983145798","-0.00699303549097063","0.022409901399584","0","-0.000320918542932702","-0.100000000000009","-0.0040377399496121","0","-0.000903444443155266","0","-0.00258732356495095","0.00473828566725236","0.00624715845030264","0.00294666822720376","0.00226264186530909","0.00342077264807857","0.00579054974593966","0.000758350499168557","-0.00458467971882506","-0.00143686412931537","0.00441501820911672","-0.016161967956998","0","0.0175908486781786","0.00603016902659093","0.0115164420615592","-0.0138891121606672","0.00160642604827377","0.00642145129231686","0.00841047850859589","0.0222343671876573","0.0153692246624901","0.0134682170508666","0.0337333572425207","0.102932463333057","-0.00197824001210556","0.0413235790819675","0","0.0102145934097182","0","-0.0728852381228755","0.00488197013498315","0.00356619276869097","0.00458246804300266","0.00159350027060543","0.00130392096264672","0.0000884421605253762","0.000540685536117057","-0.00554145381807134","0.00311496616359533","0.00217467204553019","-0.00390085686250334","0.00388414985628814","0.00474093823938514","0.00173490342718722","0.00296571167925192","0.0107862476632905","-0.0154798925383819","-0.0258267646663128","-0.0319272591993567","-0.0410065121384022","-0.0943136406750309","0.0647745968852558","-0.179346973746146","0.163802509026717","-0.0257405515965878","-0.0927101936337102","0.020408871631207","-0.0451822227932324","0.0187924993493676","-0.0497817358917265","0.00233976272898317","0.0155466466765145","0.00335975505280119","0.0283698236837093","0.00677602808513444","0.0322972119755911","0","0.00826675135373023","0.00961901038878565","-0.0434338593633719","-0.239999999999999","0.12","0.00145857879437727","0.00364353612033952","0.00632564948730518","0.00326582150054122","-0.0314999999999994","-0.1514","-0.17","-0.1671","-0.01819794786046","0.00263167937654174","0.0153376518720094","21.18000031","0.00903552566870935","-0.0087848295557329","-21.8087","-0.540480000000002","0.0546999999999969","-0.131","-0.00447267298175912","0.00233809521338208","-0.0635146101815857","-0.00268456537066886","0.00418848779875169"
"5","1998-05-01","0.000224626559290897","0.00119029920317537","-0.00233100338647496","0","0.0102775827582411","0.0160003413464409","-0.0159154553059002","-0.0111421765532418","0","0.000142643178332236","0","-0.00693883348006263","0","-0.00113045456307237","0","0","0.00401916056184654","0.00543129161922468","0.00233362637027734","0.00288743357232248","0.00367601394150084","0.00354610841223467","-0.00186910772842471","-0.0114800966268268","-0.00279793740283746","-0.00662985853866971","0.0040650462481695","0.0229142595228757","-0.0144970478698623","0.00997017231984998","-0.0166777438417842","-0.00701757265864611","-0.0032154368539743","-0.004215162476779","0.00667782114260529","-0.00501003051953663","-0.00392183882213892","-0.00335008688528227","-0.0117763873238257","-0.127482432745096","0.00887142338741942","-0.0436066850965355","-0.00124146508806522","0.00607904607638243","0.0078431774610257","0.0126133148509346","0.0064725376162178","0.0122240924681254","0.0169418103512502","0.00205192166076248","0.0015901785593558","0.00379093182430586","0.00233711189562567","-0.000673713367148043","0.00157321791568623","0.00356797569768197","-0.00333146993048906","0.00147915576919743","0.00382174839721561","0.00370428682902053","0.00270010846756101","0.00780202868137844","0.00016334086552483","-0.0043053409594993","0.0216541539126283","0.0280039165512118","0.0394826318802597","-0.138094138182939","0.121511282535235","-0.264755490849924","-0.0018810257133417","0.0654736267867637","-0.0733312730855493","0.211309093667206","-0.0490561569891943","0.0458095360312942","-0.0289039278688756","-0.0111404199993196","-0.00943679115130611","0.000456085683170571","-0.0221768054072466","0.0595371214373812","0","0.0157571352091761","0.0468711922105349","0.042433529625864","0.00999999999999979","-0.0199999999999996","0.0110733058607551","0.00421661987552113","0.0102594038532704","0.00383406650182216","-0.0472000000000001","0.00769999999999982","0.0203999999999995","0.0398999999999994","0.00696784100382493","0.00471814187452324","0.0504963171836845","21.31999969","-0.0190056929246536","-0.0420482362434997","13.8466","-0.650000000000006","-0.149299999999997","-0.221400000000003","0.000770433346062744","-0.0000516124847202729","-0.0000543192089497626","-0.00539084863487638","0"
"6","1998-06-01","0.0020940849773492","-0.00372439909098254","-0.00526470944010793","0","0.0292212226837449","0","-0.0363016266762148","-0.0487901641694313","0.100000000000009","0.00245739746507567","0.200000000000003","-0.00430555189660975","-0.0999999999999996","0.000565387022467334","-0.00301659353942574","-0.0051948168771041","-0.00269404371447183","-0.00446670647275477","0.00198052603406133","0.0033266863406306","0.00165553917748804","-0.00264966667773764","0.00625790618104202","0.0185139115800658","-0.0140716646812895","0","0","-0.0229142595228757","0.00894610383574079","-0.0119761910467155","0.00258398076592492","0.0162983817331188","0.00160901080570053","-0.00774340152299491","-0.00835426746985757","0.00800404473214122","0.00284148760294833","0","-0.0109182226038733","0.0867676825812103","-0.0148297329710498","0.0214818888158996","0.00124146508806522","-0.00607904607638243","-0.0109977542095407","0.0618099373774035","-0.0113545077512009","-0.0143399350136661","-0.0301117499790937","-0.000163429660035187","0.000623428790627838","-0.000323008036196274","-0.00214180042815408","-0.00453866389393967","0.00252392183447525","0.00203300729850446","-0.00402333475076714","-0.00276910497490697","0.000991527580185574","-0.000981803712699409","0.00249144453109486","0.0021792940159275","0.00964411224087769","0.00795036311308195","0.0196877513881422","0.0231877939745395","0.0344138030315424","0.245879632294949","0.0177750858395731","0.492250929666591","-0.0123136767812202","0.0309883950511392","-0.102947969252442","0.0301530381706874","-0.0457222493380955","0.0617360905318689","0.0219970199778485","0.0221167483940456","0.00874348294903094","0.0472394397266962","0.00857852126021402","-0.162191275497465","0.2159","0.0114940755648316","0.0226366960590223","0.0115000334506856","-0.0800000000000001","-0.18","0.00722681920101387","0.00262003264788468","0.00625908197211977","0.0101449119316079","0.2259","-0.1187","0.1112","-0.0904999999999996","-0.0701939343054553","-0.0211777781345841","-0.0697508669611988","19.70999908","0.0386804144059028","0.0302137785964969","-20.56089","-0.58538999999999","-0.436400000000006","-0.308199999999999","-0.000855309702304842","0.0012465344755331","-0.00785485974781654","-0.00406229400887881","0"
"7","1998-07-01","0.00201515163166555","-0.000895923607783899","0.0168657676228694","0","0.000992555912751492","0.0615578929994332","-0.0186572576045423","-0.0208031276297636","0.199999999999989","0.00255781872374072","0.100000000000009","-0.000148798452770826","0","0.000903954863814782","0","0","0.0036538805597144","0.00826163497380674","0.00188440495340062","0.00227157621778128","0.0044836374741209","0.00420837769890362","0.00168333684768016","-0.00218496692733183","0.010337608608221","-0.00221975673831309","0.018090945649039","0.0547640854099751","-0.0205265185213763","0.0119761910467155","-0.00647251450561726","-0.0139537147738649","0.00321027563024856","-0.0361825789348513","-0.0050462680676242","-0.0749898909593254","-0.0413795070153729","0.00335008688528227","0.0362607094544174","0.0199077576579247","0.00496772010193425","0.0155386034277791","0.00123992576332022","0.002030457550382","0.00943403223335793","-0.0381146986425343","0.0065041108196171","0.0137847905586632","0.0217710007987684","0.00214407980105885","0.00130628587820622","0.000438269409383688","0.000964234335617089","-0.0021586425865509","0.00144774049694195","0.00322584638387558","-0.00515031223032642","-0.0035118516846821","0.00191387584074333","0.000751513398661143","0.00204886260135066","0.00909934994290545","0.00223517940824003","-0.00171364963536291","-0.0165858744826508","-0.0244232263270394","-0.0412690141105951","-0.203247430499067","-0.0795436543965815","-0.3382935799511","0.00356760992027461","-0.0589876129323557","0.102947969252442","-0.122745824998512","0.0344861760711694","-0.116964848479655","-0.000810304000400386","0.00991594045168942","0.00716766708793757","-0.00115042933378096","-0.0042496421410157","-0.0107040956159445","0.0340999999999996","0.0106043536236733","0.0282589834279339","-0.00399926180663357","0.19","0.14","-0.00311071374301619","0.00802369911946776","0.0131208481052827","0.0169890413456333","0.0921999999999992","0.187399999999999","0.0841000000000003","0.0575999999999999","-0.0101054145987592","-0.00319083984972224","-0.00384101141234439","24.79999924","-0.0116833118938127","-0.0302137785964969","25.38418","-0.529430000000005","-0.541799999999995","-0.361500000000007","0.000161907466072062","-0.000701945696642192","-0.0127201457571199","-0.00954335804690043","0"
"8","1998-08-01","0.000372731004352644","-0.000149398670631129","0.00632367729604066","-0.0999999999999996","-0.0129807114727214","-0.00749067172915741","-0.0113637586503152","-0.0181823190831905","0","-0.000177415063003394","0","-0.00245837647557945","0","0.00248167076039785","0","0.00260078170005773","0.00203228425066464","0.0113654918424238","0.00243713326450019","0.00371372719620951","0.00598625304881177","0.00276395264305643","-0.00752915029919387","-0.026838178534722","-0.0126835461901104","0.00443459706786609","-0.00199401860686432","0.00936044275956371","0.0185763855729357","0.00987174847915417","0","0.00350672480920977","0.00160128136697413","0.0148574161567652","0.00672271439487648","-0.117850170025849","0.0290076545617302","0","0.0162294731669794","-0.0736026919651129","0.00494316379751947","-0.0233993962917136","0","0.00606675268223755","0.00934586241823787","-0.0341034372455979","0.00646193252994554","0.00889077066535648","0.0017848988837379","0.000952340178000059","0.000934049256216292","0.00246294053959194","0.00100812611878062","-0.00476612710057565","0.00206754574511747","0.00211439990290635","-0.00407103166039592","0.000880435574328152","0.00311848567019649","0.00258179122214344","0.00285627445827422","0.00460866645171042","-0.0187078669801917","-0.0286193585699266","-0.0107945652416355","-0.0149873069963302","-0.210752877942301","-0.146574186040395","-0.228307567762688","-0.196811176969973","-0.0167588312983362","0.00440400007164143","-0.0109290705321907","0.0959883758289637","0.0168071183163816","0.0611811564750813","-0.00372745439636368","0.0235085981439614","0.0116089061720787","0.0217458637567187","-0.00714354168842746","-0.0141728091394597","0","0.0119743334221241","-0.0203036278489233","-0.0162966063788925","0.0999999999999996","0.25","-0.000167731096174961","0.0037862044673922","0.00196727020229837","-0.00655922314476243","-0.0779999999999994","0.2026","-0.3226","-0.2613","-0.00577444207354023","-0.113686765020406","-0.135860898013982","44.27999878","-0.157586078728966","-0.152107778197458","4.4568","-0.657179999999997","-0.387100000000004","-0.34711999999999","-0.00423231283510406","-0.000272288626349639","-0.0517049985761877","-0.0013708021337786","0.00104438651790595"
"9","1998-09-01","0.001638367956593","0.00655251786001898","-0.00574714225556772","0","0","0.0149256502166759","-0.0172914971100608","-0.00613498856751615","0","0.0014184399541346","0","-0.0101204057312811","0","0.000675751799563251","0","0","0.00087322357542417","-0.000299490526980143","0.00242626653342596","0.0034823791794284","0.0016566218362208","0.000165687498240486","-0.00350696240714351","-0.0108146173088807","-0.0268929046485618","0.00220994565080268","-0.00199800266267314","-0.00623054975063608","0.00139334006100444","0","0.00904983551991734","0.00233100338647585","0.00159872136369632","0.00772204609391025","0.00501254182354405","-0.0164487412486771","0.00817443243955829","0","-0.0133462419528945","0.0306430661120851","-0.00494316379751947","0.00674159856691947","0.0012383902511468","-0.00201816415623712","-0.00466201310581127","0.0567300452534347","-0.00484256769771285","-0.00567103447091455","-0.00664369395565068","0.00262286246569447","0.00135166385358069","0.00112690330521869","-0.000226983326671116","-0.00281569611494794","0.000779094705733488","0.00383090911555609","-0.00347659400631765","0.00412823203173129","0.00164286571127918","0.0000516027376770952","0.00345349362171437","0.00437359824389288","-0.0031018842038506","0.00136687338021346","0.0224364133674069","0.0314166274575438","0.148981138133717","-0.130590214033707","0.32877248731991","-0.346836494938445","-0.0136122665779617","0.0263096990820451","-0.141411654049828","0.162349423607039","-0.0542215541666389","0.128822002336825","-0.000502499405570234","0.0234374921497496","-0.0101747683240215","-0.0438898132497112","0.0302962040042846","0.113388657120269","0","0.0109078422148201","-0.0319156108155472","-0.0421461533372227","-0.11","-0.0600000000000005","0.00746656841488225","0.00794509913713526","0.00682786553196557","0.0152505515826569","-0.2605","-0.2519","-0.5097","-0.4196","-0.132424730172538","-0.0401336095183114","-0.0518850804585256","40.95000076","0.0605262784253773","0.0316370849431826","91.9454","-0.591610000000003","-0.0999999999999943","-0.265290000000007","-0.00354791636873991","0.0000823612892201795","-0.0508350760355689","-0.0041237171838624","0.00104329691257821"
"10","1998-10-01","0.00226694264352822","0.00709957130830929","0.00172761344437777","0","0","-0.022472855852059","-0.0156253179030807","-0.028082968742825","0.200000000000003","0.00159334370258613","0.0999999999999943","-0.00400136429088072","0","0.000337704736703692","-0.00302572091653719","0","0.000364185915185893","-0.00432010456796784","0.00127619186667549","0.00160709714383597","0.000474061442632961","-0.000111707904178034","-0.00018423898994783","0.00469672392494556","-0.0126575519185546","0.00440529346791596","0.0158733491562901","0.012422519998557","0.0113527454951017","0.00782782862024689","-0.0116506172199751","0.0230159757009218","0.00478088560034262","-0.00999348375422215","0.00498754151103942","0.0391498355706492","-0.00326175880376933","0.0050041805845753","-0.0135267762982014","-0.012422519998557","-0.00895974137147171","-0.0101295182388554","0","0.00804833318282805","-0.00625002034517141","-0.051238613958601","-0.00486613231916788","-0.00563960537773234","-0.0126647102608874","0.000758970316191967","0.00128575484444894","0.00127270605793323","-0.000244281678252242","-0.00246767963888988","0.00371963766282825","0.00341832638418879","-0.00454602813798804","0.00186896659000422","0.00224978278948375","0.000784808611523401","0.00287706255852333","0.00571526702396925","-0.00369085418709858","0.00382611456929105","-0.0244360857294375","-0.0287014479453251","-0.0388549264028768","0.0577700720644136","-0.155359139188826","0.0109290705321907","0.0201097025032286","-0.00989326299947457","0.274943046674351","-0.0233246725664094","0.0486505091171834","-0.127833371509885","-0.0222239567667391","0.0222896721977791","-0.00813594942545507","-0.0982922857392028","0.00769826742575253","-0.0491650470229321","-0.1932","0.0129704028516713","0.0716148865025925","0.014246998624202","-0.27","-0.359999999999999","0.0149514449532422","0.00556389962969028","0.00360299732125391","0.000318632215636327","-0.2492","0.2744","-0.400600000000001","-0.1396","-0.176740577727773","0.0660202227381372","0.0571363442440003","28.04999924","0.0772334377110004","0.0538850884949795","-85.35274","-0.529139999999998","0.0312999999999874","-0.159080000000003","-0.00186229041330678","0.000116750032071654","0.00195198801095475","-0.0265193489282227","0"
"11","1998-11-01","0.000593758135231326","0.000294724434787952","-0.00230414848485072","-0.100000000000001","0.00900456309308151","-0.0152674721307884","-0.0158733491562906","-0.0191699161077201","0","0.000459827042394778","0","0.00256875330127926","0","-0.00598297207187493","-0.00607904607638243","-0.00782272568120934","0.00163483424379171","-0.00246947495432639","0.00116140023554749","0.00157085563650605","0.00173692861198513","0.000830475158812477","-0.00873911458901701","-0.00987765674815829","-0.0163900762173944","-0.00109950533341685","-0.00989127747874274","0","0.00549150199367432","0","0.00260078170005773","-0.00684934184557484","-0.00318471606752002","-0.00512967781999851","0","-0.0552492545048304","-0.0130165570080196","0.00166251077361412","-0.0276151670329732","0.00829880281469464","0","-0.00113186203368354","-0.0012383902511468","0.00400000533334621","0.00469117357588011","0.028079568568427","0.00648287904803446","0.00406497113437432","0.0135804656296994","0.00220619421939646","0.00150863383693546","0.00158100137107647","0.000896057776455191","0.00165823883224135","-0.000149222288165917","0.00274447091737718","-0.00442252295199464","0.00330362418269929","0.001364537931214","0.000685508065489435","0.00285949803908426","-0.000533202718843079","-0.00176761445753115","-0.00210914921320082","0.0120270496049866","0.0160559602457564","0.0694787544832121","0.145500364887964","0.12452277863599","0.251972972921103","0.0125143162287582","0.0303698663181127","-0.367724780125317","-0.0269074529199242","-0.0574870909176814","0.0292133724659012","-0.00336453244508839","-0.0221334283007385","-0.0200384551088585","-0.0248643311826191","-0.0197790315386959","-0.140076952615597","-0.4854","0.0111680593890409","-0.0219964657101759","-0.0237220953629844","-0.15","-0.25","0.0150790387427922","0.00372963496070788","0.00115229696881869","0.0102032432623034","-0.244","-0.6957","-0.0369999999999999","-0.0822000000000003","-0.100043021834785","0.0475603656584749","0.0185940418142572","26.01000023","0.057444036255629","0.0480092191863606","16.73684","-0.0854700000000008","0.21690000000001","-0.0310300000000012","-0.00133333828108405","0.000542600500335639","-0.0173306185338612","-0.00709726187076143","0.00104220957844348"
"12","1998-12-01","0.00166805710069617","0.00660843876464767","-0.00636392081255721","0.100000000000001","0.0245954355823752","-0.00385356931599024","0.00399202126953746","0.00963089306096077","0.100000000000009","0.00233125039352089","0.200000000000003","-0.00833464439867004","-0.100000000000001","0.004518760513327","0.00304414238122819","0.00261438057407082","-0.0031410930433332","-0.00898935623320497","0.000875476974235897","0.00118874447667137","-0.00167332971637527","-0.0038750763392315","-0.00816828998606874","-0.00403755947778241","-0.0285189677414327","0.00109950533341685","0.00198609797162952","0.0243914531241596","-0.0101831071219936","0.0135529664047036","0.00518135874199732","-0.0184976372418229","0.00477327875265754","0.00966740540213706","0.00990107098271142","-0.0125629793007054","0.00837744376239247","0.00165975141836405","-0.00200200267067352","0.0691765093535963","-0.00904074465214944","0.0235041597882164","0.0012383902511468","-0.00199800266267314","-0.0157235943794563","0.0468104975769217","-0.0146462938460905","-0.0100773493817687","-0.00504931104598683","0.00211390406195488","0.00134600956523639","0.00266606221540461","0.00202891609502075","0.00103694745162943","0.00154534975724083","0.00243032950339866","-0.0046651736192634","-0.00932057474485879","0.000199076610168317","0.00257428020126147","0.00256475203722038","-0.00819746902450971","0.0162868263420499","0.011936916186313","0.0076455219955367","0.00434195578302798","-0.0395046091546192","0.0485333478345016","-0.119296636087809","0.0860508543915284","0.00625776881222073","0.00682596507039968","0","-0.0560894666510432","-0.0484943499386103","-0.0341663295947496","0.00128988219257575","0.00611336911655491","-0.00914601733407565","-0.0225966916693805","0.00510128638141782","-0.117103918482575","-0.4047","0.00583859474380333","-0.0430980379773249","0.000507289274462863","-0.149999999999999","-0.24","-0.00803685366510187","0.00445618532557646","0.00800877698738667","0.00134252969117732","-0.5032","-0.4827","-0.4316","-0.4117","-0.21049558262144","0.0177562740483115","-0.00963477547056435","24.42000008","0.0548435071646738","0.021639175103481","-21.04103","0.349459999999993","0.186899999999994","0.0673100000000062","-0.00228873523014004","0.000777728360612528","-0.0361899826591567","-0.0157935802581415","0"
"13","1999-01-01","0.000666444543160338","-0.00454779629276736","-0.000580551540253715","0","0.000971345389632283","0.00769234562315635","0.00199005040801037","-0.00963089306096077","0","0.000634853475983022","0","-0.00350610115260519","0","0.000901306956012426","0","0","0.00477237902474434","0.000880215591044452","0.0013468612553361","0.000750966592358237","0.00198574463548986","0.00442800035830194","-0.0121927157126158","-0.0206699953690478","-0.0151778259242238","0.0120154367444112","0.0350913198112703","0.00300752106395485","0.00358967664216259","-0.011605546120308","0.0217260941779269","0.0287541374090114","0.0141846349919561","0.000942773709878608","-0.0182275137592649","-0.00570524526932115","0.00409445092279448","-0.00165975141836405","0.0315608049122176","-0.0928709976462647","0.0040282028286045","-0.030322368019994","0.0012368585373963","0.00399202126953746","0.0203928635631403","-0.211302079799724","0.022691492361175","0.0166788824505542","0.0136679336903267","0.00233077675321433","0.00136137431501995","0.000632768145247369","-0.000814322719190266","-0.00422912530366319","0.00539622259878104","0.00332179802498589","-0.00489320195564678","0.00791983402603854","-0.00102255067536937","0.0000830130233030017","0.00212210923580868","-0.00848360609644934","-0.0205252359447314","-0.0404019207838946","0.0105484980669992","0.00529942946649875","-0.0223959593931031","0.0611616787573777","-0.0501543661223662","-0.165133961185364","-0.0370479341052725","0.0118687564928504","-0.028170876966696","-0.0731222648289629","-0.0707690708882076","-0.0405323972652685","-0.00726353473550212","-0.0266325754001223","-0.024117805906153","-0.0441524822558135","-0.0118023890629885","0.123424481285164","-0.3792","0.0101411089642003","-0.0292556989191528","-0.0236676471878852","-0.46","-0.52","0.0075794190435694","-0.00576698049325586","-0.00868068828659929","0.00599118305809121","-0.5679","-0.3828","-0.2129","-0.2307","-0.146605654807884","0.00820138438947282","0.0343189280685881","26.25","0.0401908592715543","0.00609757986811887","1.20098","0.241100000000003","0.252400000000009","0.152119999999996","-0.0011344526095219","0.00620060142220611","-0.000101746383071179","-0.0308621113826586","0.00208116620382448"
"14","1999-02-01","0.000666000690618063","0.000441014340113455","-0.00757800187208524","0","-0.0136854530852544","0.0152094186635283","-0.00798407434822046","-0.00972454989199534","0","-0.000176307763286587","-0.100000000000009","-0.0039782777585744","0","0.000337780783485009","0","0","0.00183189229463959","-0.0000610220303836075","0.00281266294352593","0.00223637658388875","0.0031815653421597","0.0030752462076513","-0.00408442050944251","-0.00553385303955032","-0.0191772826939504","-0.00108636621222047","-0.0135006872189027","-0.0151288815963002","0.018569621526547","0.00581960905326406","-0.00506971935025113","-0.0275879565188291","-0.00313479880537137","0.00993913479716557","0.0149380371088661","-0.0575698518214782","0.00543331953316351","0.00165975141836405","-0.00681931527205482","0.00982464042851827","-0.00706003941072453","-0.00114090143579126","0","0.00199005040800992","-0.00623054975063653","-0.0790489323134178","-0.00643091314459987","-0.00387577342517886","-0.00881751639525419","0.000191193011457864","0.000493491810380923","0.000300835986384734","-0.00161985421277907","-0.00519438395593495","-0.000464838838733587","0.00313759586340778","-0.00533189194179996","-0.00259302078200587","-0.000385361943701017","-0.000568573273751413","0.00264088683279925","-0.00195914459410183","0.00925689473959501","0.00905554360129734","0.00084025096574436","-0.00754997770859234","0.0800669046368192","-0.0901156411203949","0.0840559177980476","-0.132225986873371","-0.00502052116809004","-0.010897411103219","0","-0.0244340253372819","0.0487901641694322","-0.0145835917990924","0.00980785527655392","-0.0290836928617925","0.020716764546498","0.0138797481583577","-0.014214056606288","-0.0786185797110717","-0.462499999999999","0.0113342348811258","0.1604188892917","0.103875679273806","-0.2","-0.12","0.00754415687963927","0.00346609391748842","0.00115294919293518","0.00569614846432387","-0.3714","-0.2229","0.1504","0.145099999999999","-0.0048167883919654","0.0468994545716477","0.0436379013843187","27.87999916","-0.0328151379191493","0.0120847392150716","-23.54132","0.289600000000007","0.337899999999991","0.26155","0.00303867191629792","0.000496677228915355","0.0405517408563473","-0.00298953884836539","0"
"15","1999-03-01","0.000221901698459703","-0.000146983170690618","-0.0052801530712836","0","-0.0208858909798346","0.0297419691987377","0.013930573535947","0","-0.100000000000009","-0.000141068594837535","0","-0.00538048953673975","-0.0999999999999996","-0.00236686501026551","-0.00304414238122819","-0.00261438057407082","-0.0000578938736821143","-0.000334366192504637","0.00251946847775943","0.00195478343645088","0.000957157473364797","0.000709793746780095","0.00256218386735339","0.0137450029183839","0.00340517028715638","0.0097350687707527","0","-0.0215724852541275","-0.000812017909010976","0.00193236775105365","0.027570668641089","0.00465117117573133","0.0140298482104386","-0.00636467891722425","0.0114661370876439","-0.0128771687902036","0.00607740407935253","-0.00165975141836405","-0.0368384113489917","0.0450588165565744","-0.00304105657577924","0.0113508596686893","-0.0012368585373963","-0.00398406901487425","-0.00312989300892763","0.381442173677562","0","0.00099627219466214","0.00308195634040231","0.00407959039665335","0.0018392428302824","0.000914149240644751","0.00398790806008756","-0.000311373728793925","-0.00102749952886064","0.000975911526783679","-0.00492083934846346","0.0108648421104911","0.00112195389583197","0.00307932586465032","0.00338793439664429","-0.00750993858409514","0.0265980344355317","0.0475143553163928","0.0380191824505083","0.0447028651528996","-0.00728547590832029","0.0965379270426485","0.0645385211375711","0.18010531399985","0.0287981183524657","0.0177336422660677","0.028170876966696","0.19519475973016","0","0.043127833504391","0.0168744336584528","0.0099649603489953","0.0250046999370916","0.0215325306453744","-0.00344658145217658","0.197301300538353","-0.0750000000000002","0.0201155933220409","0.0581961213749818","0.0306196760532718","0.0999999999999996","-0.140000000000001","0.00279411327544032","-0.00310493906945375","-0.000629374444301334","-0.0011951622677806","-0.1279","-0.202800000000001","0.235399999999999","0.2235","0.0918116320859086","0.0242662127098452","0.0423246628436651","23.26000023","0.038060632211975","0.023739987303073","2.35785","0.527839999999998","0.289699999999996","0.345240000000004","0.000765204347447809","-0.00148560479439823","0.0349831520966477","0.00597016698650332","0.0010389611324193"
"16","1999-04-01","0.000591497244601058","0.000881575137904989","-0.00826939148250627","-0.100000000000001","-0.00201207311341989","-0.0411272914238632","-0.00197824001210556","-0.013114942077828","0","-0.000282196904763055","-0.0999999999999943","-0.00727107163800156","0","0.00124048507590224","0.00304414238122819","0","0.00606206729571287","0.0038239664161216","0.00290087861729002","0.00200713215433124","0.00401056088478028","0.00675949047481508","0.00399977684403781","0.0000280778346347326","0.0042109276145551","-0.00323450416765958","-0.00194363520857088","-0.00312012733624378","-0.000270819229821306","-0.00193236775105365","-0.0136903196086831","0.0183913229714232","-0.00621120009264065","0.00356172463885507","-0.00162999221093063","-0.0648114096643022","0.00791260079507783","-0.00499584719337243","0.0240492552326703","-0.0648055794914084","0.00202839826139289","-0.0205252359447305","-0.00247831601446702","-0.00199800266267314","0.00780644089283022","-0.17208767719047","0.00643091314459987","0.00549469104556977","0.00494926096461334","0.000210397200758251","0.000835084690432274","0.0000943313788291447","-0.00254436401890491","-0.0054566587590245","0.00219551005110505","0.00493506393473207","-0.00538824438480368","0.00918683519249625","0.00060911090162104","-0.000226343526934111","0.0023591428063913","-0.00217287722870581","-0.0224259865537846","-0.0212663616201514","-0.0247560451492106","-0.0350003838210515","0.0395693823091534","-0.0892204642729926","-0.0347539597800433","0.0821129757210128","0.00973301452004627","-0.0177336422660677","0","-0.0265111255483319","-0.0322608622182212","0","0.000343894050976346","-0.0269780163504741","0.00994900203868992","-0.00622372300376384","-0.00711526590410472","0.200670695462151","-0.2125","0.00950499593985299","0.0280099453074065","0.0595610111910023","0.0899999999999999","0.0700000000000003","0.00933026126621606","0.00815774062982833","0.00421599027627018","0.0106953565007135","-0.0853999999999999","-0.236999999999999","-0.0143999999999993","-0.0634000000000006","0.0328473280502326","0.0451218118804277","0.0661444592600464","25.06999969","0.0372418602797273","0.0430482535685139","-8.98591","0.797389999999993","0.115300000000005","0.343099999999993","0.00215515531811179","-0.00164637430538541","0.126578573808746","-0.00597016698650332","-0.0010389611324193"
"17","1999-05-01","0.00136649883690865","0.000146853660591972","-0.00594885751977259","-0.0999999999999996","-0.0131780923805556","0.0189041546391531","-0.0179825025504323","-0.0233733511853087","0.100000000000009","0.000811101555585836","0.0999999999999943","-0.0117133933344427","0","0.00371224904630996","0","0","0.00440837383437307","0.00732219243412061","0.00250542830727718","0.00238094444936547","0.0042350632876574","0.00549687097159567","0.00599817360961925","0.0122055179974325","0.0133966019477799","0.00860220358266339","0.011605546120308","0.0185763855729353","-0.00652176224638712","0.00770716724493781","0.0149256502166759","-0.00456621797958157","0.0108444130141292","-0.0105343336849595","0.00325733187030686","-0.0213321807463549","-0.0153455696746603","0.00996685991539259","-0.00595830958363042","-0.0466556916408001","0.0100807305283563","-0.0139213385186086","-0.00124146508806522","0.0178399181283311","0.0108276386520627","-0.0346693676699177","0.0111554605468918","0.0105459979094444","0.0159271453764802","0.000656599403833292","0.00075446256573175","-0.000214450898251093","-0.0000118726583291382","-0.00102587578080254","0.000311467664854824","0.00172696347798445","-0.00459053451084218","-0.00188197617885061","0.00133737965091218","-0.000346215421573702","0.00268915251062398","0.00278671507966847","0.00840088949135342","0.0191685336004461","0.00479001856755268","0.00771892535079921","-0.0424984998105522","-0.00116720176659513","-0.0189903162266472","0.0986225379173069","0.0168661763409066","-0.00472682654036305","-0.0870113769896301","-0.0241703609278128","-0.019868203216725","0.00900456309308151","0.00775005923317806","-0.0148044929575442","0.00886366432748636","0.0236420905766144","0.00303791423694233","-0.00393185303390053","-0.0374999999999996","0.00969409389571219","-0.0213607414647061","-0.0115946890552721","0.0800000000000001","0.00999999999999979","-0.00226989210590389","0.00519811202774356","0.0013562139471599","0.00229849184487563","0.0297000000000001","-0.0606","0.2955","0.3148","0.0302309800539825","-0.0468990412770065","-0.0366488039037378","25.38999939","-0.0252875324145867","-0.0578195708888263","-0.87867","0.750579999999999","0.00499999999999545","0.257300000000001","-0.000939571014361056","-0.000051648781475476","0.00645842323858262","0.00448096343503579","0"
"18","1999-06-01","0.0007378712749464","0.00102737221922666","-0.00538439829123405","0","-0.0112879597738509","-0.0304205967007123","-0.00201816415623757","-0.0239327662116278","0","0.000246726469715242","-0.0999999999999943","-0.00788585428766986","-0.100000000000001","0.00190700601850402","0.00303490369515425","0","0.00545182098536295","0.00347795553934036","0.00352349358268602","0.00276323079250404","0.00323114138105742","0.00656301331258545","0.00709574524303082","0.0136631225024508","-0.000820349750943903","-0.00214362354325104","-0.0135529664047036","0","0.00462397124708147","-0.00577479949388415","0.0061538655743778","-0.0349278810595779","-0.00308642220318944","-0.0210212212200389","-0.00488998529419238","-0.00447094634476652","-0.0241637237192895","0.00330033302865651","-0.0323914957912361","0.0650048303089958","0.00500251168297172","0.0230957147946498","0.00248139085138543","0","0.00460476638674834","0.0723965365747867","0","0.0038701662209597","-0.00126856758820004","-0.000185037332201368","0.000406951097281081","-0.000307101575886777","-0.00217695112118093","-0.00583721381280551","0.00223811154361765","0.00204633570494983","-0.00441495849463417","-0.00291097478912559","0.00080059362962529","-0.00107947164523496","0.00256149652445717","0.00381315981873487","0.00271245453418167","-0.00227404470168402","0.0312223488205987","0.0449102445834466","0.0542370359411279","0.122927928818427","0.0660232312932072","0.142748047729447","-0.0120349644458919","0.0453601763612532","0.287682072451782","0.0211808220794474","0.0895165975065666","0.0294427548167002","-0.000165993471304304","-0.00701578233267297","0.0123696724292283","-0.0238471874154929","-0.012708867789251","0.0405330492996314","-0.1705","0.00857049045890257","-0.00318418234513729","-0.00898259206421237","0.32","0.17","0.0247528965118988","0.00530869355956121","0.00277270757191239","-0.0044666150224657","-0.1273","-0.371700000000001","0.3442","0.2648","0.00648045621627359","0.0193706416540156","0.0381179267674003","21.09000015","0.0530082374975933","0.0264332570681556","24.61581","0.146430000000009","0.00960000000000605","0.134600000000006","0.0000983907962166834","0.00124648868428662","0.0019164921886198","-0.0165293019512109","-0.00104004169541394"
"19","1999-07-01","0.00202634314523387","0.00161231255154703","-0.0090389286698711","-0.0999999999999996","-0.0198026272961798","0.0415938972988377","-0.020408871631207","-0.00694447235281093","0.0999999999999943","0.00109191465736913","0.0999999999999943","-0.0146744797729976","0","0.00123201001191209","-0.00303490369515425","0","0.00311918705292858","0.00483048940086093","0.00268780986860547","0.00289561434702091","0.00371849652794863","0.00388537121192163","0.00651093041016327","0.0123246340101854","0.00571182810775136","0.0106724598907713","0.011628037995119","-0.00615386557437825","0.0110647465380973","0.0153259704782269","0.00245098161914026","0.0372135963404343","0.00923083477553011","0.0388269582494747","0.0210193672240759","-0.0679798352242615","0.046166221185775","0.00820349145282773","0.0173385271622735","0.0111266794647573","-0.00299850299625604","0.00455581653586101","0.00247524878854311","0.0117188841132134","-0.00153256734977791","0.533579316325518","0.00158346451546443","0.00112128952922319","0.00299368768317798","0.000695776745329396","0.000513094496681277","0.00013809055108926","-0.0000580204025935165","-0.0039795901412826","-0.00332700150277019","0.00263051040533613","-0.00388382186382292","-0.00263068876527148","0.00184036149582401","0.000898618408729913","0.00478108898230582","0.000651213204152855","0.0249852500519712","0.0223850322171337","-0.00711057542384808","-0.00575146819275041","0.0637741279242974","-0.226505768370085","0.109372557147786","-0.456335990517072","0.0321563676453138","0.014411566938664","-0.0706175672139535","-0.269877447818275","0.0419223063862635","-0.0921237724349169","-0.0116367153303099","-0.000341413455006379","-0.011119219799938","-0.0234357446132956","-0.0128089582925812","0.184840449813439","-0.0795000000000003","0.0108134897931365","0.0194605100101004","0.021513725143782","0.00999999999999979","0.11","0.00321774309394307","0.00123496459954353","0.00182351621011811","-0.0000640612174240829","-0.0541999999999998","0.0998000000000001","0.2079","0.2005","0.0256364468400796","-0.00716368905687315","0.0188207493487234","24.63999939","-0.0325708087678436","-0.0145987994211527","-3.21016","0.102069999999998","0.0250999999999948","0.00629999999999598","0.00146528955463639","-0.000702438317702018","0.110554947208936","0.00453515516539138","-0.00521649591889073"
"20","1999-08-01","0.00176509569986827","-0.0010257162596119","0.00723766730023101","0","-0.00210748233956526","-0.0377403279828474","0.0183866262504395","0.0034782643763247","0.0999999999999943","0.00147746887255806","0.100000000000009","-0.0126937064408974","-0.0999999999999996","0.00156582069795697","0","0","0.0036823790876585","0.00407503973199715","0.002811010881298","0.00281419173199936","0.00279552305588443","0.00428431752346448","0.00931630933837518","0.0200452751056105","0.00922384271547695","0.00423729447551491","0.00958780115515356","-0.00309119256967261","0.00801928916661954","-0.00380952841666771","0.00366524539829616","0.00909097170125239","0.0045836596676585","0.000371471029531278","-0.00160128136697413","-0.0072202479734873","0.00304736903597735","0.00326264563481615","-0.0518788524144496","-0.0167367923555242","0.00598804184462232","-0.00913248356327312","0.00123533060799286","0.00580834159574684","0.00611622701743642","-1.54770349346075","0.00788036214037913","0.00480392550372066","0.0116036412260172","0.00100341118513734","0.000955181778658212","-0.00110357160438606","-0.0000351054508723652","-0.00444087459084496","0.00191152168793629","0.00187177686934993","-0.00503585254638323","0.00542474934067418","0.00174687460865569","-0.000347950973883188","0.00294864684243059","0.00397065057230918","0.0395244898929228","0.0436826027349415","0.030193449558622","0.0391358416479459","-0.097110548191889","0.0820335504573073","-0.154150679827257","0.220787837621751","0.0586876303830337","0.0536664279705974","-0.0122700925918142","0.068208250026534","0.0145562977742077","0.0466164151144106","0.00426223267948878","0.0237051886240675","-0.00382208043537141","-0.0319551173434025","0.0204909746487315","0.0580315475721846","0","0.00857821727428032","0.036483543842202","-0.00548863356431717","0.34","0.19","0.0172433952754005","0.00138398646443605","0.00479146529673713","0.000738339172297486","0.0894000000000004","-0.1551","0.277","0.0590999999999999","0.0112992055751953","0.00476454463162668","0.00807517316551731","24.45000076","-0.00627373080270299","-0.0451204352804697","-26.1072","0.540350000000004","0.0627000000000066","-0.0789999999999935","0.00202015020952541","-0.000265325226593029","0.0423906696487349","0.0060150557297618","0"
"21","1999-09-01","-0.000220466655310503","0.00146498707712972","0.00120120134563351","-0.100000000000001","-0.00741136266964215","-0.0194180858571018","-0.00609138939340248","-0.0317486983145807","0","-0.000527416900114375","-0.100000000000009","-0.00497574337070983","0","-0.00246167742080505","0","0","0.00303074221792337","0.00754674437519766","0.00320097225020446","0.00296744132985439","0.00368170225304492","0.00429516414602512","0.00594121480224492","0.00607566039263361","0.00788122556098352","0.00737233460232467","0.0132703369208969","0.012307847674597","-0.0261646753089471","0.0151518050206021","0.0145281005629094","-0.0125215067980413","0.0136262517117647","-0.0136488984342193","0.0143200537747488","-0.026102623902637","-0.0178862216212758","0.00487409575824582","0.0200322987625974","0.034557688925636","0.00198807222538644","0.0159275266961014","0","0.00385356931599024","-0.00305343748689069","1.2765261454176","-0.00472079037703477","-0.00518732254587917","-0.0158716446994482","0.00119563341536906","0.000671668504698354","0.00210313272115679","-0.000605792936676145","-0.00304042999572089","-0.00328238105554745","0.00412240861341693","-0.00566305721079911","0.00420036054881793","0.00169796028698423","-0.000208220593110703","0.00370307767938542","0.00424756378031933","0.00716123358501264","0.000924381634458626","-0.0107529373999515","-0.0193954585905889","0.0749694223146751","-0.0272166784210146","0.0772668557870331","-0.350061983282279","-0.0155779870264361","-0.0455607488674286","0.296898727556704","0.107555906221262","0.0804872509126859","0.0210323226057403","0.013110866587521","0.000125044286681142","0.0203901979930484","-0.0475382004678844","0.0105212011502548","0.108619295019305","0.1932","0.0115534537974202","-0.0178849397757759","0.00796800726869229","0.0300000000000002","0.0299999999999994","-0.00710480268726954","-0.00785449084206746","-0.00485354877037558","-0.000861448718593394","0.1544","0.0770999999999997","0.2511","0.2597","0.0758806550338788","-0.0392056051978269","-0.0565378756033503","25.40999985","-0.0289673232362908","0","3.82431","0.549179999999993","0.00839999999999463","-0.129300000000001","0.00220464701418174","0.00536619501764339","0.0293175095064401","0.00448766646938736","0.00104547840155256"
"22","1999-10-01","0.00212914437468292","-0.00102526556033489","0","0","0.00529942946649875","0.0078125397367943","-0.00203873668984844","-0.0217399866364056","0.100000000000009","0.00224837614477558","0.100000000000009","-0.018320367158652","-0.1","0.00223813880357771","0","0","0.00576625195917592","0.00614538133538386","0.00308038929579505","0.0028608922745542","0.00396568939991052","0.00666175106498718","0.0175927252372373","0.031052199072115","0.0245600361694513","0","-0.0151805571770161","-0.012307847674597","0.0100612677423682","0.00935460516722042","-0.0120920457650282","-0.00574384117925231","-0.00452148471884595","0.00131690358604786","0.0172283039601773","0.0147664701163004","0.00376395121079298","0.0112813444640398","0.0695494319576984","0.0108109161042158","0.0108643043919052","0.0190056028119043","0.00123380644892812","0.013371736965889","0.00913248356327223","-0.42701081994071","0.00785560025038112","0.00857842091309458","0.0131028048752988","0.000765277273163345","0.000345217459067987","-0.000295538801839028","-0.00141591594895384","-0.00403229176036094","0.00101389932132394","0.00317666822006133","-0.00642146478863744","0.00517331286218018","0.00309402758757319","-0.000473638116744765","0.00517605163450009","0.00980791453749101","-0.000580097623995357","-0.0081883360926831","0.0150541349232896","0.0121099282424826","0.0129751588631351","-0.0655609115752647","-0.00627398363341491","0.105463496966809","0.0311284122132971","0.0411969242253285","-0.169559305180103","0.152269211727552","-0.0548082364949947","0.027372187875919","0.00960450939322754","0.0200126338218624","0.00213254143954655","0.0110435174041834","0.0200524774778966","-0.0242490552533141","0.0568","0.00929264080654768","0.0218338691367244","0.0257678051635466","0.21","0.28","0.0141569276683935","0.00492150519261791","0.00190253930008488","0.00474256480588586","0.6149","0.1433","0.254499999999999","0.1892","0.0509698628392455","0.0273186564717891","-0.0114596711951815","22.20000076","0.0606618367719172","0.0182931930473256","8.25761","0.2256","0.109499999999997","-0.142200000000003","0.00107679427898928","-0.00120187347307265","0.0134663947051291","0.00595239852729534","0.00104438651790595"
"23","1999-11-01","0.00190504160779703","0.0059902290305569","0.0166670524852117","0","0.0021119332031434","-0.0117418178766835","-0.0143887374520997","-0.0259754864032606","0.0999999999999943","0.00115734664925249","0.0999999999999943","-0.0139217276997616","0","0.00267917106004845","0","0.00261438057407082","0.00580642300202332","0.00252419452962002","0.00257631239939239","0.00261978544406536","0.00128966830458769","0.00505919412971298","0.00887365936572416","0.0128446993208974","0.00454910064118102","0.00627617122923585","0.00761908447643922","-0.00310077767824835","0.00162206037186774","0.00186046565291953","0.0144930073025664","-0.00693644399665683","0.00902261759963796","0.0097287951631424","0.0031007776782479","0.107962989475409","0.0147835148966546","0.0063897980987706","-0.0246439282837487","0.0459700110376557","0.00880201281809079","0.018651116626101","-0.00123380644892812","0.00567645800480543","0.00604231445596337","-0.0200179020308067","0.00468379417942977","0.0069485980014008","0.00426503922525256","0.00207270072521922","0.000994790502717901","0.00142757538038644","0.00173975810969278","-0.0000501742134294538","-0.000132074132190197","0.00301309915746556","-0.00654923089013702","0.00508261167057085","0.00306070826764236","0.00111903071407116","0.00332052185398643","0.00744870336288443","0.00681377958360763","0.0137167533460634","0.0102480147498571","0.0102220625205636","0.0933710116023025","0.0774458602474972","0.138849394783315","0.253269060866603","-0.0336391935115579","0.00423940784567201","0.132171773108483","-0.238085131312409","0.0222850447894345","-0.0514455670574385","-0.00117835535642552","-0.0289719167263867","0.013783594828457","-0.0346359330130559","-0.02183945764964","0.110890650779573","0.2159","0.0102666964368066","-0.0965497538976425","-0.0778551562444338","0.0600000000000005","0.0999999999999996","0.0166394708091833","0.00845386644456347","0.0164943128141033","0.00790838907008329","-0.1531","0.189","-0.3838","-0.5656","-0.118495365211177","0.0609474172259059","0.0969694008115756","24.18000031","0.0188824576201316","0.00902261759963752","13.37835","0.0324999999999989","0.13130000000001","-0.128100000000003","0.00310754969263029","0.00186147020017179","0.0484165553208963","-0.00297177038915741","0"
"24","1999-12-01","-0.000549158885462475","-0.00306368318998729","0.0041237171838624","0.100000000000001","0.0301321497877609","-0.00394477829101625","-0.0251585596361545","0.0259754864032606","-0.0999999999999943","0.000175238763263863","-0.0999999999999943","-0.0211666176605556","-0.1","-0.00805914368685468","-0.00916036939866416","-0.0104987840982194","0.00464915849534689","0.00551343200701465","0.00199519737421129","0.00170050715280031","0.00428721556733578","0.00494224658925469","0.000790465641564533","-0.00316451158029102","0.0129042010952657","-0.0125919816973603","0.00756147270057683","-0.0156497716671278","-0.0223991883136252","-0.0282770960968612","-0.0120628724492748","0.0218023552724862","-0.0120483385161751","-0.0296667954120124","-0.0314491326825035","-0.0571584138399492","-0.0323800707172781","0.00159109023224246","0.020741484306817","0.0278499011976114","0.0125787822068597","0.0193762789631382","-0.00247218914538916","-0.00188857468786852","0.0075019106517944","-0.0318844017197435","0.00775794742698199","0.0113785599430098","0.00205073019215973","0.00202080681804544","0.00100851771213219","-0.0000074824159901185","0.00097952743125756","0.0000658373416522872","0.00000867624744961207","0.00186086501750562","-0.0064766220875821","0.00056852631842128","0.00303867447186314","0.00134435910247648","0.00259837115793986","0.0110448040184021","-0.0158358636405804","-0.0191181107222427","-0.0128265125927634","-0.013339260320075","0.0145119711032589","0.0159282105299621","0.0367479735406899","-0.189541804767441","-0.0168645496003297","-0.00849686481496903","-0.121360857004267","-0.00719427563402686","-0.0479640592071258","-0.0143151728807638","0.00587492724274963","0.000714661091899105","0.0156040943661776","-0.0237526410325026","-0.0050701895543937","0.0355681848534766","0.0340999999999996","0.00795059501960615","-0.0214909290311702","-0.020915795149973","-0.0200000000000005","-0.0800000000000001","0.00298877362899042","0.0090389014076262","0.000329330003943085","0.00876901752624626","0.180300000000001","-0.4699","0.0405000000000006","0.0745000000000005","0.0750454070046823","0.0490416290965996","0.0395789061792868","24.63999939","0.056232775174478","0.0265894541892395","-37.74681","0.0113000000000056","0.227599999999995","-0.105400000000003","0.00628359293752037","0.000777851578013287","0.143940538976203","0.00445435034938058","0.00104329691257821"
"25","2000-01-01","0.0000732386114297157","0.00756917733144569","0.00176211499339907","-0.100000000000001","-0.00822204015201589","0.0117879557520419","-0.0258078839558724","-0.0335226920386438","0","-0.000631003316177825","0","0.00310051062264272","0","-0.00179977551393939","0","0","0.00932448305665157","0.0177673197201954","0.00428067351726287","0.00410665861813812","0.00807179497637087","0.0118400218507654","0.00969114271919207","0.0143232755004554","0.0168882781300996","0.0094588198653236","0.00375940292390542","0.0522392190994196","-0.00581799674078631","0.0319876754933972","-0.00121432923240228","-0.0311264321476097","0.00904983551991823","-0.00384320227075374","0.0236790858205715","0.0687864518350683","-0.00355677529544973","0.0142070266443488","0.0145562977742069","-0.0317084268851406","0.0284379353205333","0.00319319057915557","-0.0012383902511468","0.0224308469881822","0.0192455977152335","0.140444444060273","0.0198936815476083","0.0158465648592703","0.0282648257718261","-0.00155152011478297","-0.000373623633910733","-0.00293341845037453","-0.00636389472358439","-0.0185070749862735","0.00262113418812578","0.00357785916272526","-0.00689401549561909","-0.000406279425415505","0.00168695420359931","-0.00293476112804183","0.00455652371485646","0.0106273834169752","0.0146323733739671","0.0217115249074684","0.0182283528167186","0.0278207853906611","0.0604856808244509","0.170876868043774","0.0581194590097365","0.379031851040009","0.0531424063136718","0.00712725742911324","0.14022934130865","-0.055673002426242","0.0424391832751558","0.0724883001512584","0.0157222891191449","-0.00151400483121511","0.0154260694094207","0.0424440646731501","0.0165984016030978","0.00156924316235463","0.1625","0.0115339740050331","-0.0743616661771167","-0.105655328590238","0.17","0.260000000000001","0.0164419265773681","0.0000264921364738768","-0.00390502125283021","-0.00114425075756941","0.0861999999999998","0.5713","0.3858","0.4337","0.1067115992599","-0.0856724758976641","-0.0418090344840181","24.95000076","-0.0522448509206006","-0.0947272593564579","-13.22622","-0.118600000000001","-0.00169999999999959","-0.0866999999999933","0.00186640492403121","-0.00175608421941221","0.0309787292334517","0.0147061473896954","-0.0052274034351516"
"26","2000-02-01","0.00193887130665971","0.00231749814036242","0","0","0.0112879597738509","-0.0197245053477788","-0.0175828705578667","-0.0152674721307884","0.0999999999999943","0.00175180480648685","0.0999999999999943","-0.0092437270007153","-0.0999999999999996","-0.00428749387471061","-0.00615386557437825","-0.00794706169253212","-0.0165293019512109","0.01947210341282","0","0","0.00636944828548014","-0.0244340253372819","0.00774872101110954","0.0136235204905233","-0.00691654385052901","0.00729549874672397","0.0148978546806369","-0.00600602406021133","-0.00389755504531042","0.00185013928816113","0.019254505790137","0.0254348971478215","0.014903405502575","0.0118661679417524","0.00466926918368404","0.0963606000689765","0.00764508843060163","-0.00471328445209807","-0.0165132455611685","0.0780581862839878","-0.0150661983546438","0.0210312693849124","0","-0.0130234398862865","-0.0207414843068161","-0.172078871923367","-0.0214404067130145","-0.0171426081528079","-0.0349939708537566","0.00146884895594187","0.00131057224641561","0.00172670579832923","-0.000558965949371569","0.00360320588774599","-0.00520480453609048","0.00319692951992837","-0.00551684531776921","0.00634543599020893","0.0030223812961819","-0.0000225868156149903","0.00271771777769068","0.0109953027797452","0.00739855404463263","0.00928099312520558","-0.00755480803013775","-0.00963101107108244","-0.162335858347969","-0.1154923714607","-0.259213959267225","-0.232863254002193","0.0179676827864181","0.025707091784879","-0.00938974034983886","0.239797986219347","0.0164838897216901","0.0236641425824615","-0.00411071657295903","-0.0230325854742155","0.00400407101630229","0.0126687427326289","-0.0249395641875893","0.0852458051724776","0.2542","0.00996724298584439","0.126629153423924","0.150696930799214","0.0200000000000005","0.00999999999999979","0.0101064344320285","0.01008998002475","0.0164359196385746","0.0054694825195245","0.0987999999999998","0.4881","-0.1584","-0.188000000000001","-0.118799999999999","0.00454623849377267","0.0427861195646013","23.37000084","-0.0203130024416991","-0.0161554402222852","21.01182","-0.281300000000002","-0.2637","-0.0515999999999934","0.00272786284753236","0.00181303257900875","0.0261901127073762","0.00872098550544465","-0.00209863665692112"
"27","2000-03-01","0.00160677802608689","0.00101221901491932","-0.00411644215503415","-0.0999999999999996","-0.0133540762113231","-0.016064602503806","-0.0224224640558326","-0.0352286918837441","0","0.000594915242126959","0","-0.00714226535853957","0","0.0163735854883287","0.0153142349730424","0.0158314652166807","0.036010437523033","-0.0138698478641501","0.00576370471674981","-0.00346620797648622","-0.00956945101615059","0.0449125566808224","0.0145157883772605","0.00843271950059956","0.000664399640169641","-0.00207900282783324","0.034517504882714","0.0556512545493768","-0.0069979291876443","-0.00370370793748442","-0.0107850056765626","0.00455581653586101","0","-0.0166910349684066","-0.0251585596361554","-0.0340373197839616","-0.0211662657269187","-0.00631913635147807","0.0961112122889718","-0.0501021090173976","0.00756147270057639","-0.00312663099943222","0.0012383902511468","-0.00940740710189569","0.00597016698650332","0.369704588828775","0.0107775932365","0.00261627726367486","0.00898446514472262","0.00127597061519729","0.000160828511469888","-0.000348734155369054","-0.00058247014338323","-0.00624577002195553","0.0000682247286860784","0.00385268845219284","-0.00631355271983755","0.00716997488337629","0.00352887292771646","0.000217640029208743","0.00395273222359397","0.0145203059542512","0.0222868970679588","0.025760860236673","0.00715860627902565","0.0012550758384311","0.148681477207617","0.00366042925955234","0.230291544579497","-0.0105741166518314","-0.0164930669725454","-0.0335875503542962","0.018692133012153","-0.012084739215072","0.0321743570278556","0.0120875483813814","-0.00238161143622673","-0.00600446738032989","0.0068008717231467","-0.0413869295522211","-0.0123272001260886","-0.0104940351490432","0.0833000000000004","0.0114244465709596","0.0139466261311618","0.00991757398051263","-0.17","-0.34","0.0083563949179144","0.00348457949933767","0.0198423573095283","0.0175662841239603","-0.0094000000000003","-0.0788000000000002","-0.237","-0.263999999999999","-0.168600000000001","0.0397200822268076","0.003697876374952","24.11000061","0.092323750560162","0.0631124233100562","2.47667","-0.366799999999998","-0.337299999999999","0.0275999999999925","0.00132253601707896","0.0011419939661968","0.0343564583265709","0.00720983656674967","0.00104986886283687"
"28","2000-04-01","0.0013127189749742","0.000289017343051867","0.00235432716163508","-0.100000000000001","-0.00935071748243388","-0.0371176629565024","0.00677968698537867","0.00397614837963989","0.100000000000009","0.00108393513995786","0","-0.0272023152050815","-0.1","-0.00636056376382665","-0.00916036939866416","-0.00788440352414854","-0.00645163528148807","0.00557104504945549","0.00573067470898447","0.00346620797648622","-0.00966191091173663","-0.0170361871525673","0.00217137296848956","0.00883443716816798","0.000184608450834194","0.00207900282783324","-0.00716848947861326","0.02531780798429","-0.00902940671939412","0.0346433914723137","-0.0133416169375744","0.00453515516539138","0.00295421189743106","-0.0438979139683306","0.0390369628082325","0.01348638107656","-0.0489638144728888","0.00631913635147807","-0.0334721433324274","-0.0331240474250327","0.0186572576045432","-0.00838579337627365","0","0.0112783150377074","0.0162365190476406","-0.156947635074863","-0.00923086807109375","0.0248205618225548","-0.00334139089707186","0.000245665143927143","0.000348380830031475","0.0000245253243384255","0.0000704614278924454","0.00321315015365523","-0.00494931568945566","-0.00311170016983924","-0.00574412969039453","-0.00315543101566147","0.00447208228794039","0.00448612590605522","-0.00568943731006782","0.0097549599202253","0.0036949746684467","-0.00621371714250785","0.0282868189107326","0.0258912960706272","-0.00678428653692364","0.0663286548225948","0.0197467629348331","0.306300381765438","0.0358713326575391","0.0585318824120549","0.0540672212702757","0.0210534091978323","-0.0106101791120157","-0.0205422723003137","0.013436793519511","0.00690849034381169","0.0213256035310025","-0.00420244252411983","0.00221246020904736","-0.188817692919024","0","0.00549654499102559","0.0246634589192656","0.00854028877083124","-0.0200000000000005","-0.140000000000001","0.0190781904953372","0.0131554881954763","0.00519146047897756","0.0096164833031942","0.0667","0.172700000000001","-0.0852999999999993","-0.0494000000000003","0.0693999999999999","-0.03555073528576","-0.0442861060001309","26.20000076","-0.0312799107178776","-0.0405671849889999","-2.83435","-0.402020000000007","-0.2119","0.0716000000000037","-0.00258162197739164","0.000987336675683455","-0.0292268548121001","0.00573067470898536","-0.00104986886283687"
"29","2000-05-01","0.000947004259447937","0.0034617083465811","0.00352113039857915","-0.0999999999999996","-0.0459237126953393","0.004192878260036","0.00224971973401544","0.00790517950711322","0.0999999999999943","-0.000489373611555877","-0.0999999999999943","-0.00775477285643245","0","0.0022363869323172","0","0.00263504763800482","0.00645163528148807","0.0110498361865847","-0.00573067470898447","0.00689657905906049","0.00323102058144631","0.0170361871525673","0.00630952008510715","-0.00614380818580195","-0.0107324643108357","0.00621120009264065","0.0248680665780139","0.0246926125903717","-0.0151366591277897","-0.0035906681307285","0.00729930248161104","0.0123666556372113","0.00881062968215574","-0.0358062942218123","-0.015432405038811","-0.00402685107903533","-0.0438352826515374","0.00940445802797818","0.0387960245851771","0.0832261564424304","-0.013023439886287","0.0310905870700315","0.00370599559431728","0.00744882401299041","-0.01178216869826","0.0637067955219681","0.00462615583776138","-0.0157581748761864","0.00813929424284687","0.000673049901523286","0.000365742611933264","-0.000220171219945225","-0.00116719879233084","-0.00361209506057536","0.00162665298511848","0.00312690693482668","-0.00740386017265938","-0.000888484786873687","0.00182232099838552","-0.00108063614893136","0.00307530236860955","0.00672724662868731","0.00488939348454132","-0.00500670545773119","-0.00796734783021158","-0.0178080687541566","-0.0369813345287149","-0.125075473642593","-0.15270851726426","-0.244470537171712","-0.0221775003156868","-0.0072511461844833","-0.0918075492531232","0.0408219945202548","-0.0270286723879192","0.018692133012153","-0.0192215525412855","-0.0303172653613708","-0.00449304335308975","-0.0245093682379238","-0.0493112318963397","0.197870805628555","0","0.0115395002367134","-0.0154883223371325","-0.0358175639021923","-0.0199999999999996","0.0800000000000001","0.0173826967621888","0.014035623678474","0.019253557444431","0.00616264486770035","0.00770000000000071","-0.0225","0.0122","0.0819999999999999","0.0569000000000006","0.00508712734073669","0.00534514849044676","23.64999962","-0.0221587523033051","-0.0356601803988843","11.43646","-0.223269999999999","-0.0626000000000033","0.0752999999999986","-0.00093414847766743","0.00256607495949898","-0.0213015505589922","0","-0.0010509722459755"
"30","2000-06-01","0.00218197773674866","0.00488366382870709","0.01280576288885","-0.2","-0.042417072903338","0","-0.0204320388172059","-0.0525373335278818","0.0999999999999943","0.000314624812508768","0","-0.0100987984684897","-0.1","0.000781555334819828","0","-0.00263504763800482","0","0.0109290705321907","0","0","0.00643089033029032","-0.00338409798423989","0.0125220615780179","0.0196933389534102","0.00823306525248326","0.00411947029523851","-0.00175592670226532","0.0134591533740047","-0.00028781119784238","0.0178257839526008","-0.00242718565761102","-0.00447929080404563","0.00146092063967451","0.0388338472458498","0.0184905113976326","-0.0404858035606246","0.0441269979394869","0.00931683758023105","0.0390505148718727","-0.0144060114435156","-0.000936768218386952","-0.0010209291341079","0.00246305543239789","0.012903404835908","-0.00148257996022316","-0.0297773135859494","0","0.00150924704637845","0.00126156223809559","0.00246178960592985","0.00125325267736244","0.000886698916671842","0.00231074189146861","-0.00387815662633846","-0.00170999880526505","0.00361146361560759","-0.00775972816585289","0.0100098221816299","0.0033620491959513","0.00333721626461607","0.00343519056939071","0.00640468994058308","0.0227974305882395","0.0252039927063628","0.0180097222775277","0.0256498419975024","-0.0118428669796806","0.138400295220375","0.046105765421844","-0.0187325362363353","0.0504104296941268","0.0326281730714637","-0.0696799206379897","-0.0408219945202548","0.00273597981887441","0.021072699135237","-0.0291655751396425","-0.0116438602238205","-0.0475240791726237","-0.0198248037102902","0.000928258918265035","0.0716329786246734","0","0.00642215372658228","0.0375908251993611","-0.0168884764061392","-0.0300000000000002","0.0700000000000003","0.00681744197174439","0.0075001333433331","0.01059376269877","0.0067602673112539","-0.0760000000000005","-0.00900000000000034","-0.2077","-0.1936","-0.0677000000000003","0.00413761864522399","0.0581980435996279","19.54000092","0.0236516315516191","0.013114942077828","-24.07269","-0.0998599999999925","-0.0519999999999925","0.0502999999999929","0.00808949908143672","-0.0000615509053742546","0.108671218808678","0.0056980211146378","-0.00315956029036801"
"31","2000-07-01","0.00134318354646723","0.00400400935338219","-0.0110498361865856","0","-0.0103152777118325","-0.00840341079637952","-0.0279087881170765","-0.0510749299364148","0.100000000000009","0.000768666401706142","0","-0.0174334535626315","0","0.00423210343214109","0.00306278953054617","0.00526317004427446","0.00641027836091901","0.00271370587159581","0","0.00343053509678892","0","0.0101181301655844","0.00679303413774953","0.00764962879011911","0.000240982483465206","-0.00618558673271075","-0.00528635592314775","0.00533334597536239","-0.0109986636969035","-0.0142351158218723","0.00605695370818982","0.00224215340568978","-0.00585653211271264","-0.0317356963577859","-0.0216057787145827","-0.0276908001451863","-0.0350236123595176","-0.00620157026328094","-0.0796881606036992","-0.0766225252831001","-0.00563911268777062","-0.0427816935242857","0.00368324541629583","0","-0.00446097394062495","0.267287007260117","0.00307220988426415","-0.00142644818461157","0.00789511529535325","0.000617569563077061","0.000743860299371036","0.00111136042069402","-0.00114070173299072","-0.00483388473932328","0.00319411846827353","0.00204110585457107","-0.00888994127121004","-0.0036510297906089","0.00169402889273806","-0.000260691620072849","0.00306660500075994","0.00274252938686624","-0.030262141336749","-0.0518186099135161","0.0239413557818633","0.0378658156512053","0.000238237046987777","0.0197873602371494","0.0443706935405093","0.0364195908735701","-0.0513452518863282","0.0390652560535756","0.107420248620837","0.0689928714869517","-0.0109891215755944","0.0486606388794373","0.00758812564569045","0.000762554144650984","0.010647059931651","0.0191206769408367","-0.0000662756404126164","-0.0383083777799391","0","0.00755479567617456","0.0101687657232521","-0.0314202175872271","-0.0600000000000005","-0.0899999999999999","0.0090151592703549","0.00155001150345413","-0.00253470269060507","0.00407439642936502","-0.0343","0.0834999999999999","-0.0355000000000008","0.0291000000000006","0.0149999999999997","0.0107253549903366","0.0266232115278555","20.73999977","-0.0164762675163637","0","-1.53085","0.123750000000001","-0.0309000000000026","0.026600000000002","0.00142638734104594","-0.000703069545033239","0.0281150033878737","0.00989407364519757","-0.00316957476127921"
"32","2000-08-01","-0.000362844706447873","0.00270790445523872","-0.0141345109349045","0","0.0406376457318256","-0.0343381375808915","-0.0214549350012598","0.00869570696755328","-0.100000000000009","0.000768076007455321","0.0999999999999943","-0.0133953574322376","-0.1","-0.00423210343214109","-0.00306278953054617","-0.00526317004427446","0.00636944828548014","0.0107817756032889","0.00286944242795251","0.00341880674878592","0","0.00668898815079633","0.00138503005155308","0.00868568582246452","-0.00135912520888588","0.010288156589489","0.0261566786487286","0.0492966215112274","0.000581902838647785","0.0177624563398409","0.00841857046559635","0.0089186767318381","0.0145775176181573","-0.0182643893143597","0.00466926918368404","0.0775474888791177","-0.0103234558853496","0.0108276386520627","0.028170876966696","0.122702738821844","0.0112466040167156","0.0569807150389483","0.00122473989589622","0.00182982667707599","0.0177257225991081","-1.15701496867746","0.0152209083789936","0.0101729300753401","0.00778152330994608","-0.00167058260636777","-0.0000466413470907213","-0.00087456953228154","-0.00455892349323196","-0.00106794373306417","0.00199101429838229","0.00311774514217002","-0.00775172142291892","-0.0109510604257111","-0.000855552208659798","-0.0046163682148855","0.00235481643520494","0.0034787554766873","0.0354880189109839","0.057418109996906","-0.0156112446942487","-0.0158535684528598","-0.0285112329823711","0.0276052660918893","-0.057823109766046","0.173988664259985","0.0517400406794533","-0.0206447363512883","0.0540672212702757","-0.202524264111474","0.0511551633009297","-0.0734439174112103","0.0107700258388901","-0.00891777292205476","0.0261927054887279","-0.011817095832134","-0.0118675971144545","0.0516419086494042","0","0.00429964859137932","-0.0329270881367378","-0.0152391815869013","-0.0499999999999998","-0.0200000000000005","0.0111581181972067","0.00957828452194498","0.0108253577927027","0.0142171051139197","0.0255999999999998","-0.1021","0.0706000000000007","0.0923999999999996","0.1074","0.0464424107268346","0.0402889963488189","16.84000015","0.0589282239202173","-0.0398723912473771","5.11786","0.16713","-0.022500000000008","0.0174999999999983","-0.00433583432179461","0.00105813286062662","-0.0690168906513181","0.0070077371574051","-0.0138521128081512"
"33","2000-09-01","-0.000980338840019357","-0.00570940745899584","-0.0209776946416724","0.100000000000001","0.0283552257551252","0.00435730536895562","-0.00968530573446369","0","-0.0999999999999943","-0.000244323835005389","-0.0999999999999943","-0.0148207158927036","0","-0.00134018335895547","0","-0.00264200946283877","0.00632913505164723","0.0026773777707163","0.00571430126343841","0.0101868453069924","0.0063897980987706","0.00664454271866877","-0.00611397545518182","-0.0313034721551454","-0.0085670368388098","-0.00307534840024815","-0.00690849034381191","0.0175663237178996","-0.00174672533494125","0.00876429799358824","-0.0108369513298774","-0.0361621323429455","-0.00435098583432669","-0.017525560764124","0.00619197024792051","-0.00601405086975504","-0.0178603669868806","0","-0.0439631234211157","-0.0643845684007571","-0.00654513790490885","-0.0337973795832909","0.0048840145924256","0.00546947580453594","-0.00146520172732778","0.940658427652071","-0.0015116520008549","0.001463478429649","-0.00400280913715889","0.00528390373149566","0.00258126293666598","0.0036185580059531","0.00372447630337027","-0.000794862008622431","0.0026967359461367","0.00654247761395026","-0.00666939789173058","0.0134590596169666","0.00395166879778566","0.00350487183151724","0.00508551353045985","0.00423679487354589","-0.0151880092994876","-0.0140962458728158","-0.00794880523757513","-0.0120043561590126","-0.0689928714869517","-0.310717642853605","-0.143706720666176","-0.503194239503512","-0.00148126230609513","0.0149651175421432","-0.0918075492531232","-0.052367985517316","-0.0265973125192662","0.00463607691747825","-0.0146867729201157","-0.0358784942433726","-0.000424899092859476","-0.0507406766272052","-0.0379338152036198","0.0928990876175932","0","0.00790070918047014","0.0378304184894649","0.0612727552614487","-0.0599999999999996","-0.04","0.00135486768782833","0.00469470399050209","-0.0035380276536543","0.00185307460246342","-0.0123999999999995","0.2413","-0.00950000000000006","0.0560999999999998","0.1302","-0.0572931582653755","-0.0554795672831805","20.56999969","-0.0549663209040547","-0.0309835455199674","6.9078","0.336759999999998","-0.0934999999999917","0.0163000000000011","0.00253628977721439","0.00139040499045751","0.0347605982808819","0.00557104504945549","-0.00430108189939116"
"34","2000-10-01","-0.000436014831411313","0.00114449225654489","0.00543643743046029","-0.100000000000001","-0.0151682214731714","-0.0399166074054431","-0.0196566525495516","-0.0307716586667537","-0.0999999999999943","-0.00164200781036783","-0.200000000000003","-0.0000957166787047825","0","0.0021211283420266","0","0.00264200946283877","0.00314960890289662","0.0159154553058993","0.00284495213223135","0.0033726844786397","0.0063492276786592","0","0.00356521701513017","0.000170455610186792","-0.00733726578212955","0","0.00518583703236519","-0.015037877364541","-0.00643089033029032","-0.00876429799358824","0.00603502133446998","0.0137145006707877","0.00290275965796205","-0.0315400650702022","-0.00619197024792051","0.0159577854386104","-0.0412298763567174","0","0.0176338676010692","0.00246002584086291","0","0.00208116620382448","0.0048602768822521","-0.0018198367169866","0.00584796988242342","-0.134066915054655","0.0060332221390107","0.00397970715676088","0.0114434606677296","0.000761899576483061","0.00132280092468233","0.00208878802335086","-0.00149557307254588","-0.00260724133632428","-0.00025612483351792","0.00308377427285336","-0.00597879249180781","-0.00197260436249379","0.00162351440254948","-0.000456072787377917","0.00219904291107449","0.00425265610403156","0.00740990423152077","0.0210892813637855","0.014658468918455","0.0154873452953517","-0.100180212463497","0.302266188124172","-0.124533038481228","0.408708704854007","0.0301755423914543","0.00345616041674823","0.0284379353205333","0.197733835788842","-0.0245578507816635","0.0146926426360219","0.0261666108076648","0.0284769392820702","0.0312590817808109","0.0266212925692084","0.0108086689359286","-0.0680449632768907","0","0.00901967841590334","-0.00600498012830819","-0.0191055078013331","-0.0899999999999999","-0.26","0.0178515562058283","0.00942472323130694","0.0147331398311543","0.00918794104475218","-0.0430000000000001","-0.312399999999999","-0.1904","-0.1694","-0.0620000000000003","0.0159968351307143","-0.00715460478507701","23.62999916","-0.00496177514471796","0.0275879565188291","1.81677000000001","0.355509999999995","0.234799999999993","0.0272000000000077","0.00318627392541273","0.00272710302933343","0.0456691135531659","0.0013879252748481","-0.00431966114451665"
"35","2000-11-01","0.00119858363572689","-0.00143082010388262","0.0024067400305654","-0.0999999999999996","-0.0154018446115058","0.0134833503372871","-0.0251269500774214","-0.0456700368331884","0.0999999999999943","0.000733996293067918","0","-0.0087487939660793","0","0.00744406526250252","0.00611622701743597","0.00526317004427446","0.00626961301359508","0.00524935588614373","0.00566573753567745","0.0033613477027048","0.00630916919326463","0.00660068403135217","0.00763342132311588","0.00647303661153254","-0.0066401506202554","0.00919781650463136","0.0136988443581618","0","0.017730445584224","0","0.00599881822925319","-0.00683373957856492","0.00722024797348642","0.0308930252546809","0","-0.0301328456008791","0.0356215114461049","0.00153727931888703","0.0299070771679304","-0.00369231188712771","-0.00753299230754489","-0.00104004169541394","0.00724640852076774","0.0018198367169866","0.0014566644964642","0.0726876180184464","0","0.00611964068484383","-0.00921876641636565","0.00333948207591151","0.00144111359913645","0.00162800694004157","0.0027191642477502","-0.00554401912567196","0.00118088530339593","0.00337246695998151","-0.00641280196616734","0.00998233350570565","0.00421059724516091","0.00426961237676318","0.00369841873546974","0.00489695590210792","0.0174047974782461","0.026581480383955","0.0436161936517898","0.0508724972664094","0.121228150707989","-0.0676386786282794","0.139332081356933","-0.197724550263583","0.015414196722455","0.0446211126299065","0","0.142316222180255","0.0109891215755944","0.0703896469850465","-0.0164287788559445","0.00218529565682068","-0.0196096366226787","-0.0128763360990245","-0.0177291117805024","0.0500813199330516","0","0.00768162143377005","0.0318901610020994","0.0309767787810777","-0.0300000000000002","0.00999999999999979","-0.000982941257579029","0.00537112404278339","0.00787235023284083","-0.00104454645443219","-0.0764000000000005","0.167599999999999","-0.1412","-0.1196","-0.2091","-0.0442190360965578","-0.0320966625235162","29.64999962","-0.0834561877646234","-0.0631789016215314","36.39619","0.294799999999995","0.238900000000001","0.0484000000000009","0.00206013376803487","0.00184658916609165","0.0435212166584276","-0.00277777956390235","-0.0163669774642052"
"36","2000-12-01","0.00318921735904354","0.00542625920893869","0.00419790721423929","0","-0.00333148559100405","-0.0225743220385386","-0.0153849188394792","-0.00938974034983886","0.200000000000003","0.00289577175750999","0.200000000000003","-0.00551925874562631","-0.1","0.00507895538078973","0.00304414238122819","0.00262123347987409","0.00933132742888443","0.0258412311838869","0.00282087634164174","0.00335008688528227","-0.00947874395454384","0.0195445960729703","0.0059203445927921","0.0152017811494262","-0.00793776928578941","0.0171461588349713","0.0400053346136993","0.0846938788492673","-0.00606850583638074","0.0243490290102866","0.0248093055130783","0.0566503482885645","0.0241660658471838","-0.0237976518064729","0.00464756839654701","-0.0388129105240997","-0.0302933322144794","0","-0.00896866998276025","-0.0505796805520839","-0.00854300402194763","-0.0231589297620296","0.00719427563402686","0.0036297680505788","0.00725166339532013","0.0243796629105608","0.0104712681831369","0.00685889958160146","0.0103721521513531","-0.000741427681912781","0.000194870704936861","-0.0013331712043799","-0.00231996576985927","-0.00400451055039121","0.00236436611177168","0.00105118544295269","-0.0068717021496844","-0.00826094981582875","0.000311938529305038","-0.0017926696430947","0.00282668732784454","0.00529974157194485","0.00489452258162082","-0.00644171761231149","-0.000815543340957348","-0.00168670355666478","0.0579437971830696","0.0540672212702749","0.0513291231975002","0.0983907424726169","-0.0181987777142041","0.00063843373098571","0.296984465114095","-0.172169185329937","0.066074226584","-0.0523223081910755","-0.00189313033639849","0.0129675374107885","-0.0219629042864052","0.0538209930094036","0.0255545223894666","-0.237844009467088","0","0.00605118116346404","0.129564749752738","0.0840347676236792","-0.38","-0.0299999999999994","0.0232669611372796","0.0108865582585285","0.0123701473256581","0.00802317060022872","-0.1213","-0.2428","-0.198600000000001","-0.1865","-0.120299999999999","0.0130718167214416","0.0196807714081952","26.85000038","0.00404525245153575","0.0215062052209634","-8.7199","0.259800000000013","0.231800000000007","0.0472999999999928","-0.00208897286433704","0.000777976768672304","-0.011614820383335","0.00138985428905425","-0.00220264406234172"
"37","2001-01-01","-0.000687720595379915","-0.00228115297094611","0.0101221465605095","0","0.00665190922830572","0.0136056520557784","0.00515465058866393","0.0324854551444886","-0.100000000000009","-0.000139363110809754","0","-0.0208984794891318","-0.0999999999999996","-0.00353045379938344","-0.00304414238122819","-0.00262123347987409","-0.00621120009264065","-0.0128371467606803","0.00841519692528436","0.00333890126551406","0.0219789067187754","-0.00647251450561814","-0.00142100889524519","0.000314139477204321","-0.0188327995682903","-0.00200200267067352","-0.013158084577511","-0.011668743834377","0.0313863138206703","-0.0017196908795265","-0.014101291240606","-0.0329338216712491","-0.00988010859970689","-0.0035413936967581","0.0015444018513735","0.00141242961334243","0.00112657934181293","0.00306748706786131","0.0284210959095761","0.0664821563461429","0.00570343751387004","0.0304166080683146","0.0118766241625794","-0.0054496047675654","0.0100647866161401","-0.0156142359837048","0.00888897889748375","0.00040998009556148","0.0301797229623961","-0.00134958633903765","0.000382006284354948","0.000893084089922183","-0.00765100902426555","-0.00719616745713848","-0.00114705643329506","0.00407780173676364","-0.00738719776469443","-0.002419752104848","-0.00111485485164197","-0.00479918335668352","0.00153117075030717","0.00610391109815788","0.0394298423090937","0.0428380266144366","0.00657731888879631","0.0118457507039729","0.119910781991537","0.0883389366877196","0.23518781356343","0.325064682670127","0.0439248679333879","0.00794621970012521","-0.165792254842744","0.245912659575486","-0.0417815340149552","0.112497031227146","-0.0114511559890627","-0.00229208432745376","-0.0342569763484339","0.0508478863679462","0.00979799632625317","-0.00156006271890208","0","0.00655411035815767","-0.0014653701244427","-0.0478632264142504","-0.0600000000000005","-0.25","0.00683513928816559","0.0105524746751708","0.0126172198057155","0.0120134058588519","-0.1216","0.1825","-0.0914999999999999","-0.0647000000000002","0.0141","0.01537811004121","0.0283681192754894","22.02000046","0.0340502318056943","0.0115640789703231","-17.05077","-0.288900000000012","0.0875999999999948","0.0268999999999977","-0.00795959046806306","-0.0030582985406747","-0.102784328699853","-0.0153956854779738","0"
"38","2001-02-01","0.000181024963838539","-0.000285510351689666","0.00531759007832378","-0.100000000000001","-0.0223472986919964","-0.0367013668504281","-0.0181587350118706","-0.00457666702741211","0","-0.000627374458554542","-0.100000000000009","-0.00906335570216932","0","-0.00476376018589963","-0.0030534374868898","-0.00526317004427446","0.0123840591997215","-0.0130040844232067","0.00278940208757827","0","0.0031007776782479","0.00647251450561814","-0.00587723342943098","-0.0167496245344391","0.00142171043526586","-0.00100250634962595","0.0147907380013965","0.0811255448123682","-0.0135748690910686","0.0153717800478539","-0.00355661311484656","-0.00223463780141575","0.001417434680973","-0.00779080178776859","-0.00930239266231325","-0.147235104003508","-0.00548388471076855","0","-0.02034568190403","-0.0523157893641608","0.0271171360894247","-0.00829880281469553","0.00588583217726146","0","0.029600469776291","-0.0266578719884203","0.0362095330767618","-0.0036934029115443","-0.0112391329210659","0.00136652131496969","0.000569427361668284","0.000812557258750382","0.000532195293446155","-0.00354038894149513","-0.0013655331384478","0.00169477375496219","-0.00647669337632775","-0.0043585272305686","0.00284781438552447","0.00113507973971405","0.0035452473271263","0.00664475877704492","-0.00938701213721238","-0.0246090658096225","-0.000786997882336493","0.00107887219291847","-0.25423980258226","-0.0941757759970177","-0.292626569422476","-0.305234004489641","-0.00683289823750499","0.0151859230825888","-0.0678225963387611","-0.0411182469294733","-0.0352818141446392","-0.0601747230360701","-0.00459527781960567","-0.00487123781338394","0.00209264796237879","-0.0213386646915312","-0.0163837373549715","0.0708127082039374","-0.1875","0.00885326419628107","-0.000690329659814637","-0.00746351906436615","-0.14","-0.0800000000000001","0.00938163089582922","-0.00103813662617291","-0.00396435727148159","0.00077189499563346","-0.0869","-0.0761000000000003","-0.0402999999999993","-0.0223000000000004","0.0599999999999996","-0.054964214469269","-0.0129097528041378","28.35000038","-0.0968311453200803","-0.0660726579397894","19.5876","-0.797659999999993","0.022199999999998","0.0182000000000073","-0.0031708375952626","0.00179909689447442","-0.0475347971331977","0.00281690327111317","-0.0022075064152105"
"39","2001-03-01","0.00144702119811768","-0.00472272791934358","0.0105510943658134","-0.0999999999999996","-0.030983545519967","0.0230957147946498","0.00261438057407037","0","0.100000000000009","0.000627374458554542","0","-0.00864153287560132","0","0.00321525860449334","0","0.00263504763800482","0.00307219903697042","0.00522194398115161","0.00278164296187722","0.00664454271866877","0.00617285910708087","0.00322061470004176","-0.0057000767892712","-0.0188979330734192","-0.0269146961558907","0.007992050531338","0.0161815828512415","0.0319515998066024","0.0104801978914892","0.0117945764928367","0.00118694375952799","-0.00786079286393448","0.0084626739187339","0.00490415606175176","0.00621120009264065","-0.0563410864548493","0.00949705327215611","0.00762780204888625","0.0124335527160806","0.0127066512691147","-0.0111318403688445","0.00104112450841054","0.00351494210744452","0.00906624523775346","0.00415801014866357","0.122506843350326","0.00425842607999183","0.00235156438741946","-0.00682045203471482","0.00126424216845667","0.00168210052120937","0.00229262222544226","0.000666636784677161","-0.000484809380199284","-0.0000761613564395255","0.00357607578453118","-0.00656850973677376","-0.00650235087701392","-0.0000872108280416766","0.00068754628344213","0.00264725341649565","-0.00478467890689635","-0.0133143913361646","-0.0168346186715951","0.0039050457987031","0.00446654911608491","0.0574359218200833","-0.0110045896210753","0.0584593376792188","-0.1543844612427","-0.0123055528748726","0.00456290328116538","-0.0822380982369726","-0.00743497848751762","-0.00554018037561566","0.0284776362928154","0.0093757014109217","0.0181016636723906","0.00725852904404928","0.0382966753351619","-0.0051754592284125","-0.115512887121844","-0.0625","-0.000565569245010167","0.0674359639082702","0.0428717090681836","-0.0899999999999999","-0.0200000000000005","0.0217198637380509","0.0176071142347816","0.0213607241571232","0.00825407140990642","-0.2052","-0.443","-0.1745","-0.121799999999999","-0.0171999999999999","-0.0561498522179118","-0.0871220908268935","28.63999939","-0.0663585342674295","-0.0624237353550736","5.93857","-0.688800000000001","0.0140999999999991","0.0211000000000041","0.000565191509942281","-0.000185421307316164","-0.017661803833826","-0.00140745976787926","0.0022075064152105"
"40","2001-04-01","0.00130053123348617","0.00114695353075334","-0.00408998525152438","-0.0999999999999996","-0.017637141486107","-0.0230957147946498","-0.0237791917661134","-0.00921665510492353","0","0","-0.0999999999999943","-0.0156634610016884","-0.1","0.00342560697440142","0.0030534374868898","0","0","0.0180650073976389","0.00554018037561566","0.00660068403135217","0.00613498856751615","0.00321027563024856","0.00359450239144473","0.0042733998368448","0.000895572313319178","0.00198807222538644","-0.00967749488206504","-0.00630916919326463","0.0283352290091399","-0.00167644632725228","0.00118553659410203","0.0167695377530439","-0.00281294137661448","0.0215582480190797","0.00154679071829911","-0.0442158671500428","0.018098604825882","-0.00609757986811843","-0.0277422713151463","-0.0625203569813335","-0.00655126348722135","-0.0295692081229486","0","-0.00180668522494898","0.00138217022695208","-0.0454070362632732","0","0.00211915438713284","0.013799698881737","0.00294321962774228","0.00132841356294981","0.00254582631894663","-0.000767674077713844","-0.000986060970281478","0.0029302924800241","0.00610853798786238","-0.00754446895054509","0.00304256065392291","0.000218726925983757","-0.000503721632214708","0.00435422451021934","-0.00577839103236527","-0.0263546292395311","-0.0270568013875128","-0.00681994249632645","-0.0113520479742775","0.0500871165136498","0.0784182050677327","0.115778685926077","0.286248967487497","-0.0607125630248611","-0.017851092531167","0.0188684843043827","0","-0.0139862419747399","-0.0259320260933817","0.00808074268467429","-0.00806941361792035","0.0114429887047677","0.0115768865865382","-0.00722125065515916","0.046260241636809","-0.2105","0.0099321457125523","0.0163006490520381","0.00946248649250592","-0.15","-0.0499999999999998","0.00664612633368833","0.00132371422394861","0.00456843807512008","0.00479658677341277","-0.146400000000001","-0.0857999999999999","0.0968999999999998","0.243799999999999","0.293","0.0565124221160902","0.0503149155324145","25.47999954","0.0740070172627432","0.0600241592298372","-11.37565","-0.274979999999999","-0.0548000000000002","0.0161999999999978","0.00110976014380675","0.000975752617087401","0.022836762021002","-0.0099080782246963","0"
"41","2001-05-01","0.000288777390736072","0.000572983828883267","0.00641963103433341","0.0999999999999996","0.0338224659071242","0.0139213385186086","0.0106383982050557","-0.00464037955650287","0","0.00111436144698018","0.0999999999999943","-0.000615258427939303","0","-0.000110320481108594","0","0","0.00306278953054573","0.0127066512691147","0","0","0.00609757986811843","0","-0.00495299540229129","-0.00931113073604187","0.0190126330848903","-0.0039801047566268","-0.0146941419392208","-0.0321571116345316","-0.00797474321227831","-0.0033613477027048","0","-0.0167695377530439","-0.00423430413878823","0.00845167020253434","0.00769826742575219","-0.031223840451533","0.00705497948539691","0.00305343748689069","0.0268592690502683","0.0498137057122188","0.0102756625782039","0.0264425771235164","-0.0023419214450815","-0.00180995524523908","0.0205065285624855","0.0367659715420201","0.0224098519775024","0.0264648036959461","0.0206129962451271","0.00468940465875322","0.00282677262073705","0.00491561981707138","0.00581064639511774","0.0023060271407872","0.00436900991537789","0.0045363663162025","-0.00673529855021784","0.0103970051955905","0.00480913041158576","0.0066865439415942","0.00434930490377871","-0.000900519138620474","-0.0125784864608267","-0.00487170283181015","0.00160185562565651","-0.00144870300590583","-0.0158274877951765","0.0753647871427798","0.0135360767312545","-0.0230038120047604","-0.0120326328927156","-0.0283093198456861","0.232445943976524","-0.0562808358985896","0.0548082364949947","-0.030983545519967","0.00211586304897349","-0.0166553916668215","0.0135854874453414","-0.0216874350569229","-0.00636165590564813","0.0982817399363176","-0.218100000000001","0.0115880748525754","0.0222869158648553","0.0419208842250036","0.0200000000000005","0.0200000000000005","0.00291501416841555","0.00140893627466809","-0.0014583678332567","0.00154409992441273","-0.1551","0.2044","0.1905","0.168500000000001","0.1309","-0.0203589501264254","0.0249467725209271","22.63999939","0.00507727591229923","-0.0230872440997887","-21.78961","-0.0459199999999953","0.00670000000000925","0.00629999999999598","0.00322033430689804","0.00254237642413146","0.0370603919706242","-0.00142348778485335","0"
"42","2001-06-01","-0.000288777390736072","-0.00014321518105298","-0.0307171226320548","0","0.0237971569675191","-0.0423592738391418","-0.0160003413464418","-0.0379192348622936","-0.100000000000009","-0.000591849896295571","-0.0999999999999943","-0.013736337854283","0","-0.000662178591682938","0","0","0.00305343748689069","0.0125472160520887","0.00275862243907898","0.00328407520119001","0","0.0063897980987706","-0.008862687257845","-0.0327898228229908","0","0.00497266066937829","0.0259754864032606","0.069428506431763","-0.0382714123633923","0.0265796378047121","0.0129489743408033","0.00337648041660543","0.0140451747030479","-0.0409658690619032","0.00916036939866416","-0.0645385211375711","-0.0592098287012419","0.00456274555841762","0.0624935871616268","-0.00770222036209223","-0.0102756625782039","0.00104329691257821","0","0.00722024797348642","-0.00542742173536581","0.0398994907411296","-0.0097425668119655","-0.00325754957006552","-0.00736760555721716","0.00239036511986429","0.00143307200889675","0.00213645136483872","0.00233185049776307","-0.000395437404725543","0.000645216941684251","0.00194115544205981","-0.00614076027885473","0.00258108519841245","0.00170860292263718","0.00331272952882197","0.00377244269549358","-0.00502221536854119","0.0121578470827792","0.0264131760494735","0.030328525272008","0.0360157347644954","-0.177118605143068","-0.0026513493216207","-0.295380185949147","-0.0293575646295556","0.0717128651046739","0.0598275829329431","0.0219789067187754","0.0310905870700307","-0.02156417791584","0.022472855852059","-0.00172833139189077","-0.0280629483061358","0.00794188302862703","-0.013164399044487","-0.0173314563516399","-0.0163821327505151","-0.0713999999999997","0.00839131959846995","0.0275702047998561","0.0192250727002143","0.149999999999999","0.0699999999999994","0.00535012164946913","0.00258220348975868","0.00676196726064582","0.0100018953023397","0.00870000000000015","-0.740699999999999","0.1398","0.0797999999999996","0.1207","-0.030005772338896","-0.042306261677826","19.05999947","-0.0253541051659312","-0.032482584232199","4.76223999999999","0.10342","0.0711999999999904","-0.0297000000000054","0.00295930303504427","0.00124642738669301","0.0359989766856162","0","-0.0022075064152105"
"43","2001-07-01","0.000721787176306776","-0.0068985614200141","-0.0360344330118822","0.0999999999999996","0.013348362823427","0.00956945101615059","-0.0108109161042149","-0.0244510958641637","0","0.000974625020585762","0","-0.010243635093933","0","0.000662178591682938","-0.0030534374868898","-0.00263504763800482","0","0.00745345065458114","0","0.00653597097978498","0.00606062461169099","-0.00318979536810016","-0.0164551207264445","-0.0339015516756813","-0.0270286723879192","-0.00198609797162952","-0.0161554402222857","-0.0309622256039668","0.027445491224988","-0.0132015118585356","-0.00704228262541307","0.0111733005981254","-0.00840341079638041","0.0209128867350854","-0.00609757986811843","0.146015332025488","0.0248826063858267","0","-0.0510749299364148","-0.0182059644965724","0.00468384931242571","-0.0115365726284162","0.00584455199628309","0","0.00542742173536581","0.0682553952302261","0.00696863002478221","0.000951121710189184","0.00286393693868625","-0.00214609104306415","0.000197258037484874","-0.00176941569049429","-0.00812214964685207","0.000309482726639209","-0.00415677069004785","0.00443337583474603","-0.00707994768603537","-0.00206021889983618","-0.0010850119162775","-0.00476710044960491","0.00240606468626261","0.00307343232193103","-0.0177095944795553","-0.0241820873741734","-0.0378339257611717","-0.0504522254280069","0.212934420348821","-0.318232516650205","0.226429995697395","-0.545308012309866","-0.0394536041200428","-0.0713795858530464","-0.165079750359449","0.054604134034852","-0.0445756245887052","-0.00171086440362966","0.0068278052574211","0.0122820804224539","-0.0000608513098432351","0.0268361150774279","0.0088801066613613","-0.123680101970328","0","0.00851540643046178","0.035959060061991","0.0337126703952162","0.140000000000001","0.2","0.0167061966396105","0.0139593132342259","0.0117460177027464","0.00634137840108195","-0.00409999999999933","0.514699999999999","0.0259","0.00860000000000039","-0.0689000000000002","-0.0238215925223448","-0.0350084947246643","21.62000084","-0.0107982418017398","-0.0127797144277491","18.40394","-0.0498800000000017","-0.0699999999999932","-0.0869999999999891","-0.00268192693357676","-0.000703859043906467","-0.0356696135345678","-0.00714799326528759","0"
"44","2001-08-01","-0.000144315763138891","0.00129711050830572","-0.0137760475441189","0","-0.00110558330774957","0.0188684843043827","0.00271370587159581","0.0340665545636059","-0.0999999999999943","-0.000173970529830925","0","-0.000630583310438304","0","-0.00165626935670904","0","0","0.00910476699291873","0.0073983074814441","0.005494519317641","0.00649352931054903","0.00602411460338104","0.00636944828548014","0","0.0666913744986721","-0.0137933221323356","0.00890654081620301","0.0209516124857787","0.00626961301359552","-0.000279134684296523","0.0115608224010755","0.0117097356729081","0.00995033085316788","0.0153527090895862","0.0102946917293298","0.0151747980192356","0.0363062247684667","0.00451686523710482","0.00151630051796392","-0.000873744048597302","0.0623214984287666","-0.00656354911400392","0.0188093319574962","0.00349040493976815","-0.00360360750329836","0.00270270434788511","-0.848656448986527","0.0027739367871833","-0.00120418190996041","0.00555090494998467","0.00234925936408149","0.00156867732433702","0.00285353107539843","0.000110686197811938","-0.0000670832238259022","0.00214960970267601","0.00419632330439467","-0.00563670476982401","0.00180124024816109","0.00248690002458609","0.000771619142815506","0.00397094076270268","0.00535605919578473","-0.0129787985984091","-0.0205311542982596","0.0243479537566333","0.0330108548277082","0.0428039041476271","0.153889957625285","0.0395407643642063","0.470003629245736","-0.0639266096763844","0.05398068089481","0.105360515657826","-0.308838272419092","0.00568183346743112","-0.104599770090517","-0.011698618304842","0.022177913494708","-0.029519248468946","-0.00943896080811513","0.0158577558215495","0.0425596144187961","-0.2386","0.00816985872484643","-0.028122537055232","-0.0183840980654733","-0.16","-0.34","-0.00652055216715297","0.00271975195818186","0.0116234841233975","0.00801008268346237","-0.2578","-0.4897","-0.2527","-0.2183","-0.2097","-0.0280561037579945","0.00559080195452033","24.92000008","-0.066255628190409","-0.0240818587841827","-24.72973","-0.393709999999999","-0.2988","-0.140200000000007","-0.00289842702987303","0.00235248203844417","-0.0456843594699836","-0.00719945514285403","0"
"45","2001-09-01","0.000721370635428542","0.00187063872090043","0.0193574573823136","0","0.0153680302283146","-0.00938974034983886","-0.0302636576398267","-0.0340665545636059","0","0.00066092706119214","0","-0.00537607366617365","-0.1","-0.000773865496582538","-0.00306278953054617","-0.00264200946283877","0","-0.00246002584086202","0.00273597981887441","0","0.00299850299625692","0","-0.0368705358083279","-0.0666913744986721","-0.0571584138399484","-0.00592887112227825","-0.00961545869944214","0.0144780191806531","0.00861714852698281","-0.0115608224010755","-0.00935679341088136","-0.0110620597058579","-0.0125437184785309","-0.00919446056982309","-0.0228494327723441","0.0540672212702757","-0.00937911144513937","0","0.0659579677917979","-0.087572009397654","0.000940291559642148","-0.0209212651606405","0.00232018665569722","0.00360360750329836","0.00538359308347225","0.867484579699121","0.00827593869071297","0.00999285507534609","0.0134665717719304","0.00132066175806232","0.000531051823596636","0.000354371655946382","0.00123772556279375","0.000950308643062769","0.00367273519806437","0.00160298555892085","-0.007592607811769","-0.00628074302634409","0.00106606240201644","0.0000744769369470672","0.0029581390529714","0.000681718403827258","-0.00900645251303445","-0.01589524945779","-0.0488347964872311","-0.058984581861667","-0.0893122855849597","-0.111609173641371","-0.112565899379096","-0.127167011555671","0.0152927138199637","-0.0697794959440383","-0.0312525435041042","-0.10025660373965","0.0470349487049733","-0.0250253675669407","0.0127313420057682","0.0361511901075587","0.00655944878840886","-0.00508814514035283","0.0186212277125962","-0.00233918235317221","-0.1239","0.00619416191585564","-0.0194762899553815","-0.0697080803629166","-0.140000000000001","-0.19","0.0208608903467891","0.0140903911290398","0.00252072277033832","0.0103169259084286","-0.2653","0.048","-0.1573","0.00219999999999931","0.1361","-0.101370492131903","-0.178076323343133","31.93000031","-0.0852566331114488","-0.0809214624444516","141.34779","-0.405420000000007","-0.276600000000002","-0.157600000000002","-0.00256093912337993","-0.00380593690104937","-0.0250714397514653","-0.00434468460401138","0"
"46","2001-10-01","0.00187313191902483","0.00601979745345993","0","0","0.0183491386681967","-0.0142520227072014","-0.0169018108026036","-0.0612436252407189","0.0999999999999943","0.00173719729603228","0.0999999999999943","0.0072666319438035","0.1","-0.000774464828221966","0","0","0.00602411460338104","0.00736199644106961","0.0054496047675654","0.00323102058144631","0.00298953884836539","0.00632913505164723","-0.0205540832774362","-0.0350913198112703","-0.0298529631496818","-0.00895974137147171","-0.0113361537863366","0.00205128277055744","-0.0326329940842642","0.0132015118585356","-0.00825963397741702","0.00554632592055615","-0.00280899061105533","-0.0235880985329082","0.0183211231475964","-0.0214378992100084","-0.0260054154500446","0.00453515516539138","-0.0240177176336251","0.0549876730646499","0.00468824112345523","0.0188487255586676","0","0.0035906681307285","0.00668898815079633","-0.0734665000122767","0.00684461509549905","-0.00132250564223746","-0.00852469668779499","-0.000599893770731496","-0.0000317416300808981","-0.000677983955390426","-0.00278535881456892","-0.00393793014848161","-0.00288187068985694","0.00128222194434034","-0.00747817123458202","-0.00178759093195129","-0.000262939910986489","-0.00112006385624662","0.0035605718786129","-0.00349272323628487","0.0368391720994055","0.0534299219129206","0.0242461224944925","0.0371759981857469","0.0555075909000085","0.414173435999949","0.0228094995179209","0.515730308861232","0.0644295631920251","-0.00659183438246203","-0.00796816964917646","0.0702042586732485","-0.0442060925044956","0.0373070524128103","-0.00193710627898458","-0.00537953144080494","-0.00224411015509851","0.0149086992983829","-0.008095543664558","-0.220999091968176","-0.3549","0.0107264921765289","-0.00535028080828681","-0.0433331247063737","-0.159999999999999","-0.33","0.00515938864293908","0.00710631841579357","0.0135570571660804","0.00493850220175851","-0.3031","-0.2553","-0.1683","-0.162299999999999","-0.137","0.0307133943604221","0.0469780770753534","33.56000137","0.0179372723728264","0.019102134108945","-10.39517","-0.393119999999996","-0.2393","-0.133200000000002","-0.00164406097820429","0.00270994385959185","-0.0463239060135288","-0.0146201434549624","0"
"47","2001-11-01","0.000575643117173286","0.00328126408961538","-0.00994414658039222","0.100000000000001","0.0274278796816052","0","-0.0056980211146378","-0.0485270408946601","0","0.00100619337809249","0","0.00700583196937998","0","0","-0.00307219903696998","-0.00264900817157709","0.00299850299625692","-0.00244798163864068","0.00271370587159581","0.00643089033029032","-0.00298953884836539","0.00314960890289662","-0.0407554365648908","-0.113328685307003","-0.0787808778531138","0.00199800266267225","0.00162733965937623","0.0222906898983712","0.00683958209167645","0.00653597097978498","0.00236686501026639","0.00441501820911672","0.00140548160873522","0.0026984500295999","0.00151171608532152","0.0143428753594046","0.000666777821002995","-0.00150943424885419","-0.00588484254024468","0.0113997434647271","0.00745576613134347","0.00620477688688315","-0.00115942041973405","-0.00179372245402654","0.0132452267500209","0.0169841587794544","0.0108549620039016","0.00462505965475302","0.0052268879110926","0.000629931785668539","0.000404307626314266","0.000612853867197008","-0.0031750962911869","0.000374688925490741","-0.0000378685754436907","0.00216378522442307","-0.00721105698526118","-0.0118900312216748","-0.00253214075197919","-0.00491936215948861","0.00371042511823282","-0.00434373939590884","-0.0195757478994185","-0.0305801941541173","-0.018025071411822","-0.0210787287517036","0.0279354443581923","-0.184868149210832","0.0304962313701669","-0.169338026963012","-0.102682737998771","-0.0146795770626049","0.141499562273699","0.0398723912473766","0.054958884280758","0.00748366448717341","-0.000263890259582844","0.00293390178267661","0.00882267294813549","-0.00262867669889211","-0.0110130983249999","-0.0885173346645085","-0.419","0.010353564807863","0.042557480518699","0.0141945536096983","-0.12","-0.22","0.00693172766998629","0.00146729211729912","0.00635517317247647","0.00173713185946411","-0.4315","-1.0212","-0.1989","-0.1982","-0.264600000000001","0.0408369494861169","0.0864971271237387","23.84000015","0.0724842800659991","0.0111499301980968","-39.38425","-0.382239999999996","0.153999999999996","-0.0522999999999882","-0.00736371950146685","0.00054432956162954","-0.125482627250989","-0.00294985464642128","0"
"48","2001-12-01","-0.00122363795588853","0.000854214174948353","-0.0100440266853337","0","-0.0136199067152711","0.051293294387551","0.00285306898240645","0.00550965581096907","-0.0999999999999943","-0.00104090776547316","-0.0999999999999943","0.00706056302480373","0","-0.00421473560921015","-0.00308166653740827","-0.00265604405811626","0","-0.0024539889615669","0.00270636159774273","0","-0.00600602406021267","0.00626961301359508","0.00828505153410664","-0.127833371509884","0.0787808778531138","-0.00199800266267225","-0.0081633106391612","-0.0202436062766465","0.0110155046910236","0.00162733965937623","-0.00830865313901707","-0.00662985853866971","-0.00563381771825622","0.019569225776249","0.00752448997861599","-0.00079145235631195","0.0237126210106231","0","-0.0247558523639944","-0.0242204318937889","0.012915308676682","-0.00620477688688315","-0.00232288141614045","0.00179372245402654","0.0156661167443994","-0.0341536398403859","0.0147356892489183","0.0140530855802492","0.0222901165535507","0.000509200366948939","0.00108261881606378","0.00201786099296309","0.000117744518660328","-0.000741644764934664","0.00356759406511349","0.00287854536068342","-0.00597464669113019","-0.00249213340839999","-0.000866839934911036","0.000911324986930487","0.00290685478385308","-0.0112388986678938","-0.0294734685971019","-0.0453920312086709","0.00844566629218946","0.00853844100959478","-0.0078005359491371","-0.132141538335469","0.136790847922233","-0.247555776968775","-0.0107113277744944","0.0208258779112995","-0.174022753979259","-0.02640417419651","-0.0243584438320408","-0.0245295317601615","0.00571616522484852","-0.00570051971229968","-0.000928304055276552","0.0438470787895771","0.00354573319650581","-0.00479872954990546","-0.1136","0.0114721274789513","0.0874638989896486","0.0779736916423737","0.16","0.140000000000001","0.00110186309076532","0.00543084998021648","0.00174649936046301","-0.00448517864743714","0.0517999999999996","1.008","0.3197","0.2657","0.2018","0.00389035980941621","0.0152014357387564","23.79999924","0.00754529671224446","0.0178575676726069","-53.76574","-0.12876","0.336300000000008","0.0326999999999913","-0.000658089502771249","0.000778102761096676","-0.0101130633752768","0.00147601502812034","0"
"49","2002-01-01","0.000432043211040067","-0.00113911446177539","-0.00442618490556157","-0.100000000000001","-0.00105540906894319","-0.00913248356327312","-0.0230557762999259","0.00547946576462621","0","0.000104139547087101","-0.0999999999999943","-0.00862477419936347","0","0.000444493839966142","0","0","-0.00299850299625692","-0.0248769047554038","0.00269905696916517","0.00320000273067045","0.0149479614358734","0.00312012733624378","0.0163669774642052","0.127833371509884","0","-0.00300450902029947","-0.00328407520119001","-0.0311551677797954","-0.0192859068865836","-0.0246926125903721","0.0200596696745352","0.0337906807847199","0.00282087634164174","-0.0106266220277913","-0.0212129166391932","0.045655898061141","-0.0154151953778143","0.00301659353942618","-0.00780915031416463","0.00771212048633885","-0.00828352642664321","-0.00207684394483909","-0.00232828975959087","0.00536194314138605","-0.0104167608582557","0.0245655010191683","-0.00801075226315273","-0.00452205643149561","-0.000819120572487009","0.00279329664187854","0.00177107022723395","0.00327145718511093","0.00141420212674032","-0.00136670772148422","0.00134356156503576","0.0048405834627051","-0.00694338118523413","0.00590912451664351","0.00475210613009411","0.00227148886088684","0.00611696703550628","0.00771983391435414","0.0506185056028432","0.0790127557188622","0.0123201867555149","0.0113495751584818","-0.0725757961645019","0.0815068367784271","-0.144328160354741","0.198120424339861","0.0971099025068867","0.0161347295091669","0.221489291218183","0","0.0890640633073723","0.00190839752576011","0.00130120236378328","0.00792803258983932","0.00438637839177691","0.0346160732986194","-0.00598637455306905","0.0372453225771805","0","0.0106382099572482","0.0550434488671705","0.0997150974908116","0.00999999999999979","0.0799999999999992","-0.00851004752633067","-0.00738583629583012","-0.0138556752386396","0.00230241398202402","-0.00439999999999952","-0.8156","0.0427","0.0242999999999993","0.0629","-0.0111158349067617","-0.0152526901507954","21.09000015","-0.0156963786972364","-0.036039902599446","-5.86999","0.408359999999988","0.2102","0.109499999999997","0.00148707232404435","0.00083233607810007","0.0384493044836207","-0.0103781509687133","0.00110436234305311"
"50","2002-02-01","0.000575767405880612","-0.00128305670178719","-0.00126823098799456","0.100000000000001","0.00841224729465218","0.0316053394153313","-0.0265894541892386","-0.0221003470006664","0","0.00062460963929567","0","-0.00659653719176223","-0.1","0.0015541743803329","0.00308166653740827","0.00265604405811626","0.00299850299625692","0.0297788753556114","0.00537635703638095","0.00953902304675935","0.0029629651306573","-0.00625002034517141","0.00485830915107677","0.0392207131532816","-0.0152674721307884","0.00200400868671569","0.00982004618097498","0.0751622685086279","-0.024936055736859","0.0408219945202557","-0.00821118983039426","-0.0282627507322069","0.00701757265864611","-0.0270713576572392","0.027192007695251","0.0239174330605882","-0.0330983593704905","-0.00301659353942618","-0.02290849079687","-0.0246285941530395","0.0128560081015339","-0.00521105921275211","-0.00350263055120159","-0.00178412179350129","0.0130040844232067","0.0286362776212687","0.0133158232527544","0.0112303469735373","0.0123523055488768","0.00125315353477246","0.000514515465745257","-0.000241443040027536","-0.00189775784623099","-0.00249610893737","-0.00285361975216055","0.00310573446320769","-0.00775237544599935","-0.00012904129493982","0.000544121339219175","-0.00232965542419449","0.00343685235636391","0.00391234830501676","-0.0091221773307506","-0.00963531198367207","0.0275164168578961","0.0312128286567024","0.122337305723565","0.0536436148328239","0.126516715625138","0.114569602061922","-0.0146677827789432","0.0411288976508839","-0.173092750356333","-0.0873154670026164","-0.114030686037833","0.00948773720510943","0.00212349976654291","-0.00942431416988743","0.00773722005387789","0.000516144250886086","-0.0064439530962051","0.0433317158598037","0","0.00931327925359682","-0.0262250969831168","0.0358212198988888","0.0300000000000002","0.0800000000000001","0.0054626199847867","0.00243271665494227","0.0065715024948485","0.00743195976810895","0.0085999999999995","0.2889","0.0122","0.00800000000000001","0.00999999999999979","-0.011686612959962","-0.00260206164795029","21.59000015","-0.0209848613912635","-0.0163646837922089","-4.10479000000001","0.497910000000005","0.114199999999997","0.153900000000007","0.000676309837317783","0.00178721886492214","0.0211466757027733","0.00148920355146753","0"
"51","2002-03-01","0.002120281821405","0.00398633785289526","-0.012771565679488","0","0.00730311018497609","-0.0134230203321408","0.011904902506318","0.0166208812360402","0.0999999999999943","0.00225229222535894","0.199999999999989","-0.0046330503006784","0","0.00265869216099279","0","0","0","-0.00490197060020758","-0.00268456537066974","0.00315956029036801","0.00295421189743106","-0.00313972000466745","0","0","0","0.0158891128273337","0.0320540262900835","0.0588964112359416","0.0186160117182714","0.0127187724077746","0.015196084352346","0.0609488444954085","0.0166439348395118","-0.00504356869224054","-0.00298507684345317","-0.0171326350771084","-0.0135869318618367","0","0.0367495422087414","-0.0539214167938198","0.00273348689566077","-0.0126184639592113","-0.00351494210744452","0.00356506616449614","0","-0.0486678552020399","-0.00264901752665025","0.00249581581473812","0.00834502606842591","0.00123632673647666","0.0010072074972971","0.00104404081567213","-0.00039452807883265","-0.0016187837578165","0.00222875895869202","0.00317550745112655","-0.00653812638236671","0.000499802706310523","0.00238087462163483","0.000532033196152833","0.00315750867526446","0.0063879280197178","0.00323048726422392","0.0109672642303149","0.0135254761738395","0.0155959747933512","-0.051899531516149","-0.0570632566606069","0.0132452267500209","-0.229998310556671","0.0292198439956426","0.0471606214595415","-0.107988638064096","0.0216614967811788","0.0139472274808501","0.0479354440382238","-0.00691666445402639","-0.00609623304264673","-0.00761393829325818","-0.0204800041590998","-0.000421703689128194","0.155839869418103","0","0.00617487654841931","0.0212757887417734","-0.00717206303340845","0.0999999999999996","0.0800000000000001","-0.00119655810389396","0.00493294345797501","0.00549708822260975","0.00018011669714646","0.0750000000000002","-0.0143000000000004","0.290900000000001","0.295100000000001","0.2766","0.0359882415275417","0.0568869794504021","17.39999962","0.0360801073971615","0.0503603106822652","-15.54244","0.407219999999995","0.0768999999999949","0.154799999999994","-0.000123444750496295","-0.000197774870420079","0.0242538481427363","0.0014869891215783","-0.00110436234305311"
"52","2002-04-01","0.00114810575183277","0.00312101260575659","0.0121368465213969","0","0.0123968529768286","0.0354019270509163","0","0.00547946576462621","0","0.00165998101473797","0.100000000000009","0.00777968599957557","0","0.00485598570380308","0.00307219903696998","0.00529101763441586","0.011904902506318","0.00978002905363962","0.00803217169726445","0","0.00294551022975753","0.0156009404424795","-0.00974033674838459","-0.0392207131532816","-0.0155041865359653","-0.01488861249375","-0.0158985860677978","-0.028065452898284","-0.00665030642403952","-0.0175303294049973","-0.0187359110574699","-0.0488939039900549","-0.0180435151939342","0.0274300321142551","-0.0120302202765421","0.00897537812812566","0.0380545322630992","0.0135035810346738","0.00770222036209223","0.113773778165665","0.0144537294905973","0.0495457365514298","0.00234466695925395","0.01061956882746","0.0166563748276758","0.0677373227235449","0.0196986106946131","0.0151152833507826","0.0235253377110656","0.00160566615801642","0.0011628008384736","0.00123160326526329","-0.00282072745221154","-0.00154591460563211","-0.00447109652031985","0.00582379175749319","-0.00619928486515733","0.00805578649215635","0.00224564321254944","-0.00087012943004467","0.00419831030965501","0.00378191892935874","0.0131671628825867","0.0230626233217119","0.0218356253856342","0.0279962856218603","0.0279066063520492","0.143149778092985","-0.0438538552286563","0.25644527586325","0.0207784829696429","0.0185936254023602","0.261013825369619","0.170345365747239","0.0900078065682415","0.0405699375540465","0.00716212579985598","0.0112358257220451","0.00356857574301334","0.0119826848238107","0.0145855546376868","0.0821825781525671","0","0.00895783826028484","-0.0101239298040259","-0.0313432315342688","0.0700000000000003","0.13","0.00650325771502125","0.00262955811194487","-0.0000647464043019852","0.00500708613339107","0.0448000000000004","-0.2911","-0.0104000000000006","0.0129000000000001","0.0259","-0.0179118304688091","-0.00842333004674245","21.90999985","-0.063384655000303","0.00612039690031141","22.54995","0.419610000000006","0.0379000000000076","0.115099999999998","0.0034955560306886","0.000964411081883686","0.0524224905509305","0.00740195829566748","0"
"53","2002-05-01","0.0016122967968375","0.0098661829210549","0.00947874395454384","0","0.00205128277055699","-0.0535842461341067","-0.0392207131532816","-0.0221003470006664","0.100000000000009","0.000794432109204379","0","-0.00820193872410169","0","-0.0120730269662852","-0.0123458358222992","-0.0132804076678945","0.00295421189743106","-0.00732604009207272","0.00531916147760025","0","0","0.00309119256967261","0.00488202759730783","0.113328685307003","0.0155041865359653","0.0256677467485771","0.0392823483346625","0.033585246121882","0.0269048855950382","0.0253981906056104","0.0245196171743185","0.0592139130220444","0.0289875368732515","0.0403209745763391","0.0209588510208434","-0.00372995583506341","0.048639334007877","0.00148920355146753","-0.0120070053137242","-0.0507079475528478","-0.0117276941813591","-0.0265321685918787","-0.00117164629689093","0.00701757265864611","-0.00765309857771701","-0.0459942475674042","-0.00783296595660765","-0.0106268405675998","-0.0252131987468154","0.000773228404215827","0.000822453324152794","0.000243572717486851","-0.00327640440083802","-0.00331901285433099","-0.00408192626803044","0.00454923511243025","-0.00580364575210214","0.00147919669798575","0.000830433267969892","-0.00287708203601218","0.00381179501612206","0.00768720542356457","0.0556263651812934","0.0773570664387577","0.0130141047644994","0.016417029036278","-0.000462641692266175","-0.130265194837902","-0.0594112220017085","-0.405977009834213","0.0712605244965907","0.0332314424622258","0.0779615414697119","-0.111402830113788","0.123672829712447","-0.0253842951356722","-0.0122805431066455","-0.00977464633479386","-0.022860978196443","-0.0227470502488725","0.0109554270355272","-0.0148788962564605","0","0.00759726047488662","0.039462340908555","-0.00682579398296213","0.00999999999999979","0.0800000000000001","0.0103461514846135","0.00599553386226503","0.00915610726219107","0.000910261770949106","-0.0188000000000006","0.1753","0.0139000000000005","0.0358000000000001","0.0542999999999996","-0.014596418136521","-0.0122735517244124","19.97999954","-0.00912296909812227","-0.0198568632889584","-8.78437000000001","0.243610000000004","-0.0909000000000049","0.0237000000000052","0.000359378866105792","-0.0000514259199964036","-0.00461832190182403","0","0"
"54","2002-06-01","-0.000895399497512273","-0.00252773621460101","-0.00694228095863547","0","0.0112074530203898","0","-0.0123840591997215","-0.0112360732669261","-0.100000000000009","-0.000656224659604021","-0.100000000000009","0.00274146101685169","0","0.00167010003747059","0","0.00267022855587884","0.00294551022975753","0","0.00264900817157709","0.00628932890756406","0.00586511945239732","0.00615386557437869","-0.00815000436192381","-0.0363676441708747","0.0152674721307884","-0.0520117220881797","-0.0735155199769046","-0.046956983087771","0.00675488073649255","-0.0399733474085782","-0.0866968621262103","-0.104904311270352","-0.0675362069904866","-0.0385336640022436","-0.0377403279828474","-0.00976350226785172","-0.0307964684378357","-0.0195348060206424","-0.0595466870349011","-0.0644518322206951","-0.0192401720736521","-0.0411667626670935","0.00117164629689093","-0.0194180858571009","-0.0128867762763569","-0.0611646792619602","-0.00789468456678932","-0.0195081581185139","-0.0223865636967115","0.00104565422757322","0.00104859110781249","0.00089410246627019","-0.00342017790778485","-0.00353807826494219","0.00297583564884562","0.00473525686780358","-0.00607328347265676","0.00434538633936731","0.00129576069982381","-0.00307883330886834","0.00366032263719258","0.00767390303446217","-0.0622467446231241","-0.108400874357907","-0.0327779538974706","-0.0442238429677992","0.00599771117426862","-0.0718437221932025","0.0407078110272572","0.0354620334392415","-0.0940635923949547","-0.0577639851140059","-0.31299988043607","0.033115608784497","-0.197196746558999","-0.025135973271543","-0.0098039101730496","0.00788880493208965","-0.0253919270549994","-0.00632012628367384","0.0183329414811492","-0.051397109596572","0","0.00434073344512242","-0.00604434928141373","-0.0140564987218514","-0.0600000000000005","-0.0199999999999996","0.0106401439598827","0.00348225032792548","-0.0033408516713731","0.0150396432077464","0.0224000000000002","-0.4267","-0.157500000000001","-0.1699","-0.1522","-0.089747232361435","-0.0957632320284922","25.39999962","-0.0752143499570899","-0.0394974066983544","40.28565","0.353369999999998","-0.0857999999999919","-0.0596000000000032","0.000730959769768492","0.00253259132756732","-0.0199326368689158","-0.00147601502812034","0"
"55","2002-07-01","0.00146803470875057","0.00630740054485734","0.00945484509451866","0","0.00807269772511088","0","0.0185190477672377","0","0.100000000000009","0.0021742515165819","0.100000000000009","0.000315839345679692","0","-0.00524232977947303","-0.00623054975063608","-0.00534760632659559","0.00293685967330948","0.00732604009207272","0.00264200946283832","0","0.0087336799687554","0","0.00326797676461599","0.071458963982145","-0.0465200156348926","0.0626759045869925","0.0948577934586767","0.117783035656383","-0.085762635125759","0.0993063369760634","0.114002312816478","0.0424170729033388","0.100984141058027","-0.118592514982102","0.0925090575246132","-0.0376822745155874","-0.140974401357436","0.00906350615334706","0.035975102458278","0.0824935587058544","0.00645460977668044","0.0380595618243449","-0.00469484430420763","0.00533334597536239","0.0179953442190799","0.111623262507444","0.0196213042962778","0.0210718315524119","0.0232411795533061","0.00163598775897593","0.0014682167211769","0.00245067922913152","0.000855324721431688","0.000678069759874996","-0.000363900508234306","0.0021635721973242","-0.00604039611458914","0.00530981266269759","0.0024677946285755","0.00213663833280886","0.00234651911202296","0.00597343730478844","0.0462074109656072","0.0521371110593165","0.033222942223869","0.0402585266767055","-0.128418974069808","0.125910943463477","-0.213371116434579","0.340382826607211","0.0647375459168131","0.0447194878511858","0.367724780125317","0.18394889645333","0.156095070873446","0.0453209499354212","0.0234589248676826","0.0533784762150717","0.00962162650381143","0.00213803582443095","0.04492846764127","0.0666645817273603","0","0.00968149412098995","-0.0171820946486232","-0.0188294570418908","-0.0899999999999999","-0.11","0.0107995128279423","0.00672045317603143","0.00187850444931392","0.00364750682230763","-0.1156","0.3604","-0.1624","-0.0963000000000003","-0.1185","-0.0985056132874735","-0.138936315497107","32.02999878","-0.0822998845880241","-0.0592765535837771","-12.68388","0.261219999999994","0.0429999999999922","-0.106399999999994","-0.000251163704867178","0.00186263022142749","-0.00719099166770909","0.00735838493118735","-0.00332042363730256"
"56","2002-08-01","-0.000501037874629517","-0.000139733109987716","-0.00188383101237388","0.0999999999999996","0.0169411126888184","0.00457666702741211","0.0271509890659507","0","-0.100000000000009","0.000172357331646111","0","-0.00453659057312006","0","0.0107892710044846","0.012422519998557","0.0106667678041954","0","-0.00243605479788034","0.00263504763800526","0","-0.0145987994211527","-0.00307219903697042","-0.00654666822631444","-0.189241999638528","0","0","0.0060150557297618","-0.0365575957337976","0.00579005122070253","-0.0163816023718857","-0.00562747686572873","0.0237592169629002","-0.00263504763800526","0.0282476660654742","-0.00703732672057633","-0.0539366132899426","0.0330087449970327","0.00450113288079201","0.0321627027089404","-0.0377403279828474","-0.00276116144132832","-0.0104276231622586","-0.00235571369245946","0.0105821093305369","-0.00382897723709785","-0.559834774811709","-0.00259404414787046","-0.0076784006292705","-0.0125427215061027","0.000994953268692741","0.000874224116810342","0.000323072847317931","-0.00224323002606799","-0.0031049590218522","-0.001364555025207","0.00540033471826186","-0.0058504177898813","0.00129093042316997","0.00202221929107112","-0.0017867176462055","0.0046503374642598","0.00738110149495964","-0.0610518201141392","-0.105175786472252","-0.0499887467137921","-0.0681136972477248","-0.125790955049547","-0.220572488620945","-0.1018903949024","-0.410223245554581","-0.144354107512283","-0.0875205553798626","-0.309617149318036","-0.290395778323377","-0.0428637044317828","-0.110101924704923","-0.00106397416863135","0.00494012670007193","0.00369568408398385","-0.00285100275575889","-0.010930484274472","0.0347429484438728","0","0.0163185365103189","0.0448456872654734","-0.0368227450150194","-0.45","-0.71","0.0047488638900326","0.00950055699398789","0.010826661958335","0.00872741592629112","-0.0750000000000002","0.2761","-0.3521","-0.256699999999999","-0.2541","-0.00224559430464844","0.0155980321114342","32.63999939","0.00486955773418529","-0.0184905672326376","3.44009","0.018810000000002","0.147400000000005","-0.144800000000004","-0.000336861525452898","-0.000224902088897155","-0.0112163534153067","-0.00440853028476607","0"
"57","2002-09-01","0.00314521864770967","0.00765647228814892","0.0081377600886734","-0.0999999999999996","-0.0189531858022383","0.0225743220385386","-0.0210534091978323","-0.0286552557603761","0.100000000000009","0.00213476650296585","0.0999999999999943","-0.00211707499417901","0","0.000442428942069029","-0.00309119256967261","-0.00265604405811626","0.00292825977908784","0.0048661896511728","-0.00263504763800526","0","0.0145987994211527","0.00307219903697042","0","-0.0425596144187961","0","0.0162605208717803","0.0119226449569059","0.0399705683300375","0.0509437954590819","0.0208031276297636","0.00898882456843353","0.0263311684272844","0.0104987840982194","0.0592871560424193","0.0126317469059014","0.0106952891167484","0.0695764297499197","0","-0.0189988443426978","-0.00132714020806279","-0.00554530071642567","-0.00630916919326463","-0.00472814119594567","0.00350263055120159","0.00510205188389534","0.504937490577744","0","0.0096544664685716","0.0112799867165592","0.00146912417965738","0.00103641366517461","0.00097170988011416","0.00247236941857542","-0.00202757126912912","-0.00142840838785084","-0.000121748562491859","-0.00280040567013175","-0.00552247794483588","0.00464704243290628","0.00211104468027328","0.00520683334693421","0.00617786608899939","0.0319808616963382","0.0557557143971739","0.0138871768731335","0.0161673032887801","0.164015436692853","0.16915874858435","0.178069345862775","0.262119646070968","0.0547984827288222","0.0247697126019748","0.0472528848505451","0.0215062052209642","-0.0653498802084496","0.0163543808640272","0.0116587409111188","0.0146348085962944","0.008738657433284","0.0274948190731452","0.011894897503817","0.063599994555307","0","0.0105540487878599","0.051634165006238","0.0457667390198608","-0.21","-0.0899999999999999","0.0122733397143531","-0.000409774433629551","0.00853463908182839","0.00987719416349186","0.00320000000000009","-0.266","-0.2462","-0.2454","-0.2044","-0.127364739309863","-0.125180917172118","39.68999863","-0.116561140478117","-0.0953879524262686","47.36563","-0.166589999999999","0.160799999999995","-0.183199999999999","0.00183441693623286","-0.00120207133246246","0.0215761924758579","-0.00147383961830094","-0.00110926245428633"
"58","2002-10-01","0.00128383456170234","-0.00430825487448949","-0.0100251466193795","0","-0.00910476699291962","0.0220759516992004","-0.034006367985195","-0.0723206615796261","0.0999999999999943","0.000584543986386521","0","-0.0044605001737672","0","0.00231954596736283","0","-0.00266311741948355","0","-0.00975617494536518","0.00263504763800526","0","0.0057803629154991","0.00306278953054573","-0.00164338574372991","0.0833816089390509","0","-0.0143337380020805","-0.0104245173358839","-0.02239542350853","-0.00608256763093706","-0.0298529631496818","-0.00898882456843353","-0.0306092498183625","-0.0171169419406976","0.0144018948274658","-0.0326038800928163","-0.0970301523811736","0.0192119154712742","0.00448096343503579","-0.00787750244309482","0.0300872923833255","-0.000927213789191583","0.00944888919793208","-0.00118553659410203","0.00696866931609375","0.00380952841666815","0.0112738269888153","0.00518137663728346","0.00544990864339923","0.00571441570220621","0.00196783138389676","0.0016475746187287","0.00140058564452841","-0.000653914938099281","-0.000439440190624685","0.00188480257064946","0.00531872923283924","-0.00367558492956195","0.0042857929963498","0.00331428467319661","0.000732430353232943","0.003836173405854","0.00780520758953869","-0.0243661915641216","-0.0249900103620817","0.0152880881262512","0.0190494005111184","-0.0111365362561386","-0.0752761207712087","-0.0301387817838252","-0.326128365871644","-0.0332945010024144","0.00195122013126081","0.122898136323154","0.141918111391623","0.0964901209441731","0.0374575625349003","0.00226713411545809","0.00289329650275616","0.000441236730660821","0.0253562098272004","0.000835073117421425","-0.0307496518666515","0","0.0105280235922276","0.0382592910807578","0.0288175113432523","-0.0799999999999992","-0.0700000000000003","0.00638403038639979","0.0106096470299359","0.00786345894629115","0.00340454398512691","-0.0247000000000002","0.2173","0.0503","0.115399999999999","0.144","0.073397968882345","0.030008706265491","31.13999939","0.0829143961541297","0.0476082097124282","-17.20163","-0.0571999999999946","-0.105699999999999","-0.228679999999997","0.00333717097293002","0.00140039921916365","0.0375697018294882","0.00881062968215574","0.00110926245428633"
"59","2002-11-01","0.00181594879791724","-0.00292907664608499","0.00314366810296818","-0.100000000000001","-0.0112418148662483","0.025863510589919","-0.0319515998066029","-0.0578939784189023","0.100000000000009","0.00116806389534574","0","-0.00330508323676515","0","-0.00121432923240228","-0.00310077767824835","-0.00534760632659559","0.00291971010333469","0.0121804185568717","0","0.00312989300892763","0.00287769982761521","0.00305343748689069","-0.00825768523898152","0.0392207131532816","-0.0322608622182212","0.00480077734335715","0.0148591144037491","0.0086730812534288","-0.0273909039772802","0.00904983551991823","0.00674918197492858","0.0253981906056104","0.0118813278867531","-0.0438432736157282","0.0100359265277854","0.0107624357217926","-0.0480393194338689","0.00297619267304583","-0.00882618262827162","-0.012970350442628","-0.000928074312554372","-0.00628932890756406","0.00118553659410203","0.00346620797648622","0.0075757938084573","-0.0288601583419492","0.0090032482641309","0.00556273567919341","0.0168060700852859","0.000614759143815207","0.00134831978912156","0.000796927334416098","0.000225629136333144","-0.00307416727613121","0.00129764800785084","0.00236029200308217","-0.00294338771937481","-0.00243894819049163","0.00258473005730274","0.000849207580840983","0.00373266443001378","0.00859374526574489","-0.032904479477482","-0.0438993237298586","0.00301618307602958","0.00309825462604252","-0.0709217931630484","0.104710954089031","-0.0868150483348327","0.367463989929551","-0.0241200037279192","0.0142612175599233","0.0658132185695717","-0.0408219945202548","0.0595141275324078","0.000918695517072798","-0.00565316816396777","0.0052355078091354","-0.0110260289468023","-0.00994859423146988","0.0095217513333446","-0.123518405741128","0","0.00653945192763494","0.0341241337243225","0.00211675565515712","0.0299999999999994","0.0200000000000005","0.00577390733085004","0.00384838398984044","0.00545570119363958","0.00560162656433505","0.00740000000000007","-0.4363","0.0223000000000004","0.0218000000000007","0.0512999999999995","0.0326284365953251","0.0313086087311536","27.5","0.0555005710489134","0.0438841994272665","-5.01377000000002","-0.121050000000011","-0.329800000000006","-0.272720000000007","0.000923910861630003","-0.000739533746769594","-0.00537114773740453","0","0.00110803335436138"
"60","2002-12-01","-0.00103219385932896","-0.00139781962933228","-0.0260746091668844","-0.0999999999999996","-0.0124096732157124","-0.0750904513550701","-0.0196727655987043","-0.0268472500361883","-0.100000000000009","-0.00219984277350704","-0.200000000000003","-0.00128232545889695","0","-0.00199027044911126","0","0","0","0","0.0104712998672953","-0.00312989300892763","0.00286944242795251","0","-0.00165975141836494","0.0741079721537217","-0.0333364202675916","0.00953296065872333","-0.00295421189743106","0.0339591205424536","0.0429576639812215","0.014903405502575","-0.00674918197492858","-0.00313972000466745","-0.00131319782496053","0.0192584627497219","0.00710735045865185","-0.0262102667673094","0.0255892247376224","0.00148478126757912","0.0123349581579513","0.00780238028418534","-0.00465333552564129","0.00210084110881237","0.0106070528957218","-0.00173160216427792","-0.0203310687835838","0.0489459178818823","-0.0220073777768999","-0.0186451679228661","-0.0307952812576158","0.00168835872498847","0.00146566237929945","0.00152210654839138","-0.00210344742924466","-0.00170749165742521","0.0012647002594571","0.00733506130642139","-0.0042916101064454","0.0177681520357786","0.00181698234915402","-0.0016198941031138","0.00210285509297649","0.00608827317626199","0.0119553225702873","0.0124652887281336","-0.0342045573695078","-0.0461704071556337","0.207946694596778","-0.135571902456277","0.287976493181128","-0.272924523072817","-0.0696367142019518","-0.0757197768280644","0.055741983008236","-0.0594234204708011","-0.0431394926606181","-0.0431586679321878","-0.0019037863250464","0.00157744688604367","-0.00818942516808496","0.012314340341292","0.00886474493817929","0.151800226283044","0","0.0084257292674188","-0.00271760874012728","-0.0655368937289396","0.0899999999999999","0.17","0.010835722154777","0.00206608871811298","-0.000474399825820981","0.00539942612103239","0.0464000000000002","0.7432","-0.0564999999999998","-0.0734000000000004","-0.0452999999999992","-0.0561134952722293","-0.0538345445917798","28.62000084","-0.0622292662694699","-0.0528970101846906","-17.38072","-0.364429999999999","-0.605599999999995","-0.298459999999992","0.00380254279738591","0.00206276918170054","0.0530171529719366","0.00146092063967451","0"
"61","2003-01-01","-0.0008193947625319","0.00446616234346564","-0.0103627870355467","0.0999999999999996","0.0205980505950709","0.0136676387286636","0.0421456214507634","0.0529925301405108","-0.200000000000003","0.0000688183882999738","0","0.00437450684261176","0","-0.00199423952642253","0","0","-0.0117303397854895","0.0144233269611043","-0.00260756340708124","0.0124612204378121","0.00571430126343841","0","-0.0100167782434708","0","0","-0.00475512070501072","-0.0179109265665298","-0.0408915573180986","0.00769344156581209","-0.0179109265665298","0.00225479238708903","-0.0126583968719238","-0.00659198168215269","0.00394660988174333","-0.00996449525943177","-0.0701709591943827","0.0013647221497175","0.00591717702808836","0.000875273578855307","-0.00259403517704637","-0.0140913557605096","-0.0084299761604596","-0.0106070528957218","0.017182553319997","0.0051216501200555","-0.0800885747320903","0","0.00999738246252235","0.00365579689235673","0.000274506727186617","0.000726317210996437","0.000835368915906929","0.00114386203480206","0.000690387409867634","-0.00116795314865755","-0.00021940462641409","-0.00284547286609636","-0.000416105579291275","0.00412861393622763","0.00283275826919242","0.00487721727489575","0.00840206850550002","0.0731796297969325","0.100060985889364","0.0334796898526051","0.045170000657091","-0.0731865490017629","0.155259857428495","-0.179088637005332","0.344808360358067","0.18153490731809","0.0660647396830392","-0.0881072675102672","0.21631758624381","-0.0163746348717897","0.0604554123064567","-0.00683470282732568","0.00708794397476176","-0.0223472986919966","-0.00670582235101946","0.0191064753313593","0.0958555497872053","0","0.00618901631724711","-0.0349733492708744","-0.0411638987374356","-0.109999999999999","-0.12","-0.000900037164328182","-0.00080446212640517","-0.00319109777625037","-0.000940010961407722","-0.0352000000000001","-0.5909","-0.2042","-0.1745","-0.137600000000001","-0.0948719261015603","-0.0727073523201742","31.17000008","-0.0277974877112417","-0.0385953989550041","18.71623","-0.335349999999991","-0.648699999999991","-0.274760000000001","0.00544968148396407","-0.00690271231625697","0.0602836352337859","0.00582243275143313","-0.00332779009267448"
"62","2003-02-01","0.00146019222126981","0.00597016698650243","-0.0104712998672953","0.100000000000001","0.00812187205734904","-0.02752467339009","0.0373875320716204","0.056441310904952","0.100000000000009","0.00161587025687382","0.100000000000009","0.00340100232169593","0","0.00321098653788177","0","0.00534760632659559","0.00588236990306701","0.00713439411387462","0.00260756340708124","0.00309119256967261","0.00284495213223135","-0.00918842605440684","-0.0050462680676242","-0.0741079721537217","0","0.0113745302176858","0.00450789643918981","-0.0282205676422516","0.0193962510808525","-0.00150715929057199","0.0156427770704539","0.0220481372217627","0.00790517950711322","0.0215456420628666","0.00854706057845878","-0.0370227375451044","0.0207514827270661","0.00294551022975753","0.0147636203055992","-0.0170272614102807","-0.00664454271866877","-0.00743497848751851","0.00943403223335881","0.00340136382348977","0.00127632435960479","0.0463450405167105","0","0.00806765143435406","0.0124909889563813","0.00114894593285675","0.00154520272216737","0.00100492914109943","0.00161388130736768","-0.00445040132691435","0.00304217941033999","0.0026875027014737","-0.00212462395900866","0.00386672549692369","0.00269899093807572","0.00145060544591641","0.00269025296820395","0.00467266196940481","-0.0135517460115491","-0.0344980368493548","-0.00942565546702845","-0.012083598364196","0.000477440925756412","-0.208062884231175","-0.0249567319738677","-0.286408534573839","-0.0574560476533463","-0.0125374163047685","0.24911903771747","-0.166556076684746","0.192489810223208","-0.0395817891637043","-0.0139056404024913","-0.0238382082447123","-0.0197710944862885","0.00028423436511904","-0.00520866806668785","0.0497365990810925","-0.2125","-0.0196139335508931","-0.0444189970692879","-0.0780879668060184","-0.25","-0.36","0.0144365148827852","0.0125029953396147","0.0158775448513104","0.00683245746800409","-0.2284","-0.0800999999999998","-0.2779","-0.1768","-0.0881999999999996","0.0211416656694903","0.00526452569257607","29.62999916","-0.0171498295082673","-0.0490895639359445","68.74485","-0.40504","-0.39070000000001","-0.180149999999998","0.00602763294916027","-0.000795103811303552","0.085462102218048","0.00289855275401152","0"
"63","2003-03-01","0.00152913384821396","0.0053841505093466","-0.0013166558847475","-0.100000000000001","-0.00202429218923061","-0.047628048989254","-0.00613498856751615","-0.0184620628397356","0","0.000652483753983191","0","-0.00138026246895873","0","0.000773523437652024","0","0","0.0231894449189101","0.0164516048920049","-0.00260756340708124","0","0.00566573753567745","0.0213097865867509","-0.013582551765869","0","-0.0521857531705701","0.000942063187901354","-0.00150037537523495","-0.0420153120842968","-0.0233780538388757","0.00301205046999176","0.00221484032955299","0.0356998645133384","0.0065402456806094","-0.0315585327968666","0.0168780377873521","-0.0426925843013137","-0.0315494280738537","-0.00294551022975753","-0.0350913198112703","-0.0106242699202292","-0.000952834755271859","-0.0085653628589224","0.00234466695925395","-0.00340136382348977","0.00381922806699464","-0.00190875629074494","0.00652314325047509","0.00719841460190551","0.0054321244708273","0.00253222138594812","0.00168421129968266","0.00116452894249605","-0.000237412275712352","-0.00181869725905551","-0.000336577724798586","0.00336429712396591","-0.0026702455893556","0.00861916836984636","0.00236236218508637","0.00243141116961958","0.00292193554166603","0.000767816700100171","-0.0147034612385841","-0.0280498679619008","0.0138798043913066","0.0189723309345418","0.08220669465382","0.12886080172655","0.104132324917156","0.170126283700137","-0.0639168978873617","0.029347938754789","-0.0155041865359653","0.13877651257767","-0.0601383587385333","0.0618941828844815","-0.0168803895953165","-0.0401680629474935","-0.0185985816112784","-0.0226294563433198","-0.0156013314471056","-0.0681867097534021","-0.0375000000000001","0.00931382910358813","0.0499869695133022","-0.0330368781913588","0.0199999999999996","-0.0800000000000001","0.0019362141312449","-0.00350744204041931","-0.00601727535153174","0.00584122387668629","-0.0992000000000002","0.1953","0.0764","0.1112","0.1487","-0.0133915389653687","-0.0194569490009364","29.14999962","0.00832283663826061","-0.000898897139178345","25.20571","-0.307259999999999","-0.0116000000000014","-0.0610700000000008","0.00626948314872648","-0.00148796518097894","0.0890520510366987","0.00144613184999987","0.00111049428402676"
"64","2003-04-01","0.00202339395634077","0.00220052351209077","-0.00727275932907911","-0.0999999999999996","-0.0298222614626216","-0.0098040000966213","-0.00308166653740827","-0.00623054975063653","0.0999999999999943","0.000686365379221954","0","-0.00543334847550803","0","0.000220896842073159","-0.0031104224143923","-0.00267022855587884","-0.00574714225556772","-0.0140847398817394","0.00520834510713897","0.00308166653740827","0.00282087634164174","0.00300752106395574","0.00681433641972973","0.0741079721537217","0","-0.0094608085042287","0.00150037537523495","-0.00749067172915785","-0.0286188053056522","-0.0166796891986554","0.00441501820911672","-0.0202436062766465","-0.00391901220073532","-0.0528588090157163","-0.019718948788956","-0.03684056922107","-0.0625759471263274","0.0131870042819546","0.0203276995056711","0.063369613932589","-0.000953743515309746","0.0254790853009847","0.00350672480920977","0.0118544995345484","0.00126984144047615","-0.00535324979288632","0.00259741320689688","-0.00933298675053962","-0.00749953136716819","0.00164326996862454","0.000356006948218204","0.00135013106244774","-0.00260527465688821","-0.00215390882080384","0.0017981592821675","0.00237958565714613","-0.0027709559149003","0.00377735790578686","0.00222191214655301","-0.00259490604173818","0.00188848960581137","0.0115826906481233","0.0374694007711511","0.0612661272377721","-0.0240881976366065","-0.0321014829111732","-0.100511637357101","-0.0519729796671609","-0.125293275038254","-0.184040825300468","0.072020509779291","-0.0827661692403527","-0.194900339000815","-0.0821576185781625","-0.111347178714142","-0.0196084713883762","-0.00922691102495321","-0.0173046802009315","-0.0098786561742657","0.00515854856867826","-0.0056359583056117","-0.199654840787119","0","0.00809731356754106","0.0467726509816906","0.0457047856638386","-0.00999999999999979","0","0.0091291473538142","0.00733732644708951","0.00970004883931352","0.0102796023235427","-0.0103999999999997","-0.3006","0.1572","0.142","0.129300000000001","0.0859594030769335","0.102976185329046","21.20999908","0.0779273399867488","0.10247865486817","-44.63236","-0.0707200000000086","0.200900000000004","0.0481899999999911","-0.00909742758860598","0.00225765704961708","-0.153667702617797","0.00432588994712191","-0.00222222313671683"
"65","2003-05-01","0.00095702266941089","-0.00123719859069382","-0.0093334010873054","-0.0999999999999996","-0.0115486847847821","0.0098040000966213","-0.0313505298840759","-0.0447358938413913","0.100000000000009","0.000583040400636392","0","0.0117879557520419","0","0.00187565565001968","0.0031104224143923","0","0.00287769982761521","-0.00711746776886368","0.00776200533548899","0.00307219903697042","-0.00564973254211942","0.00299850299625692","-0.0171237060785909","0","-0.0363676441708751","-0.00859193829688287","-0.0105502108951532","-0.00188146809970524","0.0102116131701964","-0.00306278953054573","-0.0279191779973331","0.0111846615878948","-0.0145025613666272","-0.00643566577685473","-0.00284900477607497","0.0229142595228753","-0.00533432700567005","0","-0.0194352407226512","-0.0279560772665901","-0.00958780115515356","-0.0179803892098649","0","0.0033613477027048","0","-0.000154299454155904","-0.00129780358188647","-0.00566024818092359","-0.006559157071651","-0.00174024241249583","0.000173939949967693","-0.00058118396669486","-0.00312282572225427","-0.000325999027118957","-0.00260488280109553","0.000226846443053539","-0.00297116713751014","-0.0115987552675081","0.000383873877833066","-0.00273351959903588","0.00243176556064393","0.00494770920913353","-0.0515055316135893","-0.0803099515886476","0.0144085455119995","0.0171101998885348","-0.080447910483084","0.188664715743148","-0.125138561151913","0.376535409807472","-0.0987116274652937","-0.00284029030795629","0.255524960817249","0.0989177874356271","0.064827163079249","0.00806817464950971","-0.0108307525150364","-0.0234745326555382","-0.0332955234589977","0.0085504369712126","0.0302115105882274","0.0310254611735092","0","0.0109406063490205","-0.0565627848029813","-0.0135696207887612","-0.11","-0.149999999999999","0.010077438864192","0.00392358581719598","-0.00564316971905043","0.00108386763708168","-0.0102000000000002","0.0684999999999998","-0.2386","-0.246600000000001","-0.2056","0.0400540798920188","0.0926909517853911","19.46999931","0.0496457120551161","0.0590955709513667","-62.65166","0.129630000000006","0.0452999999999975","0.111379999999997","-0.00701138119607328","0.00252280413753389","-0.150496015484856","-0.00143988505798731","0.00111172885269006"
"66","2003-06-01","0.000354220541410655","-0.00178977124942747","-0.00402685107903533","0.199999999999999","0.00736457826220871","0.110712024415832","0.0282593373144033","0.0194180858571018","-0.100000000000009","0.00137052032690654","0.0999999999999943","-0.000105579897685892","0","0.00154202035181594","0","0.00267022855587884","0.00286944242795251","0.014184634991957","0.00257400399517227","0.00306278953054573","0.0168543315549821","0","-0.0086730812534288","0.0350913198112703","-0.0186921330121526","0.00764091587617877","0.00754720563538314","-0.0132703369208969","-0.00465523098483889","-0.00615386557437869","0.0235041597882164","0.0249638525284164","0.00925320548048347","-0.017788268108851","-0.00572247627406597","-0.0452366149607739","-0.0204963389023414","0.00580553154532026","0","0.0128042722459876","0.0105415446704633","0.00955928681345597","0.00233100338647585","0.00835426746985757","0.0151136378100478","0.0458659776258941","0.0141846249014144","0.00627732094508637","0.00652292624670814","-0.000274004851267737","0.000616220464606928","-0.00035981595229134","-0.00341333348107184","-0.0036110367264717","0.0004762405781476","0.00307798018124427","-0.00264533958458629","-0.0026088600595012","0.000341468682884136","-0.00171718814606501","0.00264700386866002","0.00395643460111323","-0.0361223272184166","-0.0615419600550684","0.000432708190629683","-0.00369616115246174","-0.00475311166836256","-0.188141839914241","-0.0198360586949526","-0.31020093598713","-0.0669386470092235","-0.0214515081062228","-0.194156014440957","-0.142674767792728","-0.0442550090040408","-0.0438026226583927","0.0179662660515172","0.00164748350819455","0.0144355747627098","0.0313988439591837","0.0229026943133391","0.0669283546246322","0","0.00985168017343163","0.0266416423137308","0.0615929000277706","-0.279999999999999","-0.0600000000000001","-0.00221210748086165","0.0082133297412792","0.0163613937302802","0.0135282662587741","0.00530000000000008","-0.0339999999999998","-0.1275","-0.106999999999999","-0.0526999999999997","0.00126900346352254","0.0302303015972551","19.52000046","0.0112585980944147","0.00458019277302624","-43.50938","0.157879999999992","0.0413000000000068","0.143940000000001","-0.00164590671796723","-0.0000395845865845557","-0.020974286090088","0.00143988505798731","0"
"67","2003-07-01","-0.000283366394642215","0.00247729276155617","-0.00674766392877491","0","0.00938974034983886","-0.0492269407651511","-0.0031007776782479","0.0190481949706944","0","-0.000513725031419554","-0.0999999999999943","-0.00731206564202491","0","-0.000550448629520695","0","0","0.00571430126343841","-0.00470589103741315","0.00256739550524632","0","0.00278164296187722","0.00597016698650332","0.0034782643763247","0","0.0186921330121526","0.00663824154129333","0.00150262988453509","0.00949674753725693","0.00058309039552995","0.0213748595847338","0.00220994565080268","0","0.00916836808687904","0.017788268108851","0.0268947562001216","-0.127423030921443","0.0234429340361464","0.00433213673913446","0.0132921762089371","0.0325435477324714","-0.00382044399738568","0.0115608224010764","0.00348634867943787","0.00166251077361412","0.00374298627883451","-0.0221470414817144","0.00255755502168764","0.0118052623115936","0.00883122095645206","0.00271429774974872","0.00166715030631682","0.00300802645300889","0.00305022322747397","0.000775980048886569","0.00215062341619313","0.0026863404342029","-0.00188929880519886","0.00381472883254347","0.00413462020606986","0.00271111198221449","0.00365476574978917","0.00415933066654199","0.0622975534821038","0.0968542475726739","0.00131974170424698","-0.0029160084054034","0.118429847192179","0.246802901702118","0.226037909340575","0.249165045400762","0.0969034357111589","-0.000670840812277973","0.0855221734381626","-0.261406257049498","0.0741079721537226","-0.0675280599859374","-0.00747657321323558","-0.00280680053285387","0.0030163819300037","-0.0193898055892676","-0.0221635959796197","0.0250013022054176","-0.1739","0.0088243886209618","0.0357308218049326","0.0757102509337617","0.12","0.02","0.00395207652244345","0.00495621163928917","0.00670790107410468","-0.00453533379440785","-0.1495","-0.3612","0.253","0.2951","0.2614","0.0370956865457917","0.0704344296795227","19.48999977","0.0160935040552905","-0.0107198840966922","-6.39641999999999","0.016680000000008","0.0153999999999996","0.146560000000008","0.00177593847143967","-0.000705562074474169","0.0194747775019733","-0.00288184637488875","-0.00111172885269006"
"68","2003-08-01","0.000991431282965749","0.000549677078565125","0.0313254537152119","-0.0999999999999996","0.00311042241439186","0.0136676387286636","-0.0219789067187754","0.0125001627642316","0","0.000821833419539786","0","-0.00736592601832964","0","0.000220215812385405","0","-0.00267022855587884","0.00284495213223135","0","0.00511510066677001","0","0.00829880281469464","0","0.027398974188114","0","0.0540672212702757","0","0","0.0168701283034851","0.0121670098856237","0.00301659353942618","-0.00442478598035567","-0.0169074141892906","-0.00130463162666494","-0.00522844462569072","-0.00139762426663825","0.145320600378986","-0.00497742754968034","0.00143988505798731","-0.0340229772116212","-0.0325435477324714","-0.000957395956326934","-0.0168602518675742","0.0034742362681861","0.00497101272202016","-0.00124610608024689","-0.326132721438927","-0.00255755502168764","0.000404837782681966","-0.0100694158057735","0.000979717918271363","0.00148878911563591","0.00157917895281285","0.00250810017756639","-0.00211069155762893","0.00142711020969061","0.00109937365749267","-0.00220761375387999","0.003529449180333","0.00066056402084282","0.0015515150436818","0.00235003553739429","0.000253514241151091","-0.0159875141404502","-0.0288856043754944","-0.00250444099757274","-0.00592150977351835","-0.105543409827932","-0.232529920333411","-0.191681786374606","-0.311084501011987","-0.0245476573615164","0.0205896137815582","0.0480092191863601","0.146414848330711","0.0350913198112695","0.0314367734235645","-0.00707053349893627","-0.00680457455880223","0.000630185925697746","-0.0172481369937918","-0.0181416506293656","0.0528969461220852","-0.0760999999999998","0.00724767808496019","0.0573955193559446","0.0709086455460621","0.329999999999999","0.45","0.0116111430456378","0.00531584720547862","0.00510673701339925","0.00259249111715221","0.0322999999999998","0.213","0.3879","0.1962","0.0411000000000001","0.00919597868415511","0.0490262093422817","18.62999916","0.0177153561346559","0.00153849722654176","-23.42533","0.0306099999999958","0.00229999999999109","0.142470000000003","0.00223270791622136","0.00105794451530672","0.0256553114007729","0.00431966114451665","0"
"69","2003-09-01","0.00102580437356892","0.00274386233337509","0.0207799684917447","0","-0.0272839589484679","-0.051055170800284","0.0250796843970233","0.00619197024792051","0","0.000102681703921803","0","-0.00494093378973837","-0.1","-0.000991353278304352","-0.0031104224143923","0","0.00848661387731919","0.021004272770532","0.00508906950747168","0.00609757986811843","0.00275103337189009","0.00593473551981472","0.0200675630508096","-0.0350913198112703","0.0344861760711694","0.00188857468786807","0","-0.0149815536156166","-0.0127501002811536","0.0075019106517944","-0.00110926245428633","0.0325633112618435","0.00390879976505332","-0.0335056722588218","0.0138891121606672","-0.0122700925918142","-0.0367030940362465","0.00573889666901817","-0.00273597981887441","0.039905544173541","0.00286944242795251","0.0158147734660217","0.00346220772847072","0.00494642393532541","0.0111594462488984","0.302652477796589","0.012722745597527","0.0103371638784786","0.0190601208342294","0.00162842946870633","0.00166736569472905","0.0015647498709369","0.000171667779629434","-0.00427362183204112","0.00357446040048206","0.00487285686391655","-0.00417382712065521","0.00379067042214692","0.00312137650597479","0.00153158895853257","0.00273505401491622","0.00613119643073093","-0.0221549103439802","-0.0358492117568119","0.0226962334591558","0.031740715652921","-0.0506471263476342","0.273539767332851","-0.00578275052191213","0.431076558731475","-0.0326169582403519","0.00382744192981122","0.184922338494012","0.0142351158218723","-0.00814668456781753","0.0416726964005676","0.00357082749045645","-0.0116114888079794","0.00363331869789968","-0.0220574297412393","0.0112840572647971","-0.0976213127852725","0","0.00457110129403837","0.0233291158340485","0.0482016230249336","0.24","0.239999999999999","0.0112616075812522","0.00321962557828748","0.00765364105896005","0.0111317801247885","0.1742","0.0125999999999999","0.1269","0.1092","0.0764999999999993","-0.0180827920494648","-0.0245058666213875","22.71999931","-0.0120162719070791","0.0302823755319261","22.7038","-0.00325999999999738","0.0453000000000117","0.143899999999988","0.00102504609613988","0.00136833784924728","-0.013889434744569","0.00430108189939027","0"
"70","2003-10-01","0.000353481799368893","-0.000548170494747424","-0.0103360093306621","-0.0999999999999996","-0.0171678036223657","0.0689928714869517","-0.0346491354131739","-0.0571584138399484","0","0.0000342248917686305","-0.100000000000009","-0.00724053522536838","0","-0.00242745347048157","-0.00312012733624378","-0.00536194314138516","0.00281294137661448","0.00460830308619453","0","0.0030349036951538","0","0.00589972212718859","0.00988475923254217","0.0350913198112703","0","0.0168385643628302","0.0324991673929542","0.0352214349633626","0.0204942950145846","0.0323557636394414","-0.00111049428402676","0.00869990987554559","0.0180417264851593","0.0426994256738293","0.0312313231198029","0.101311927131825","0.0462672647892282","0.00428266179200154","0.00364631215302058","-0.00982808893626252","-0.000955566245668393","-0.00314300939719914","0.00115141060504165","0.00655740054615883","0","0.0140136642374342","0","0.00385087254483274","0.00435484921926665","0.00188846935790792","0.00122901733446607","0.00219895145123615","0.000357395886099637","0.00269624801687019","-0.000891587634988777","0.0021003194755137","-0.0040426739964148","0.00450236211446163","0.00141011772600096","0.00136380563617735","0.00137080844726896","0.00537067366305318","0.0493947462002957","0.0810728745324401","0.0146226985821958","0.0222693651610548","0.0936094991223069","0.0299279021176915","0.164629376992321","-0.113023388403396","0.0577969933632456","0.0327475716822025","0.110541874399824","0.203877882303622","0.117555788751644","0.0400053346136993","0.0125974417959336","0.0085072235775373","-0.000279017858953012","-0.00826173522213391","0.0398618908446262","0.0882094786029262","0","0.00731415725074669","0.0114889863743137","-0.000628469697023348","0.36","0.420000000000001","0.0110455009465831","0.00670169906533147","0.00765444218752442","0.00149470688161202","0.1067","-0.1629","0.255599999999999","0.1939","0.108000000000001","0.0470578522205187","0.0476919809079526","16.10000038","0.0535042607657443","0.0760768732220964","-1.3533","0.309619999999995","-0.0626000000000033","0.145040000000009","0.000154901464725008","0.000115977145707864","-0.00170250279352589","0.00285714480077992","0.00222222313671683"
"71","2003-11-01","0.00031802682294213","0.00301122592714442","-0.00651468102119335","0","-0.00325203538637719","-0.0134230203321408","0.0063897980987706","-0.013158084577511","0","-0.000102678189533023","-0.0999999999999943","-0.00980934296162594","0","-0.00143717895501716","0","0","0.0028050509276083","-0.00460830308619453","0.0050633019565467","0.00302572091653719","0.00274348594575091","0.00293685967330948","0.00653597097978498","0","0","-0.012132673325417","-0.00145454571099357","-0.0183828706005333","-0.0325231917055593","-0.00872098550544465","-0.0100503358535011","0.0218952107026569","-0.0051216501200555","-0.0225122063440857","-0.00536194314138516","0.126534353709291","-0.0331254700913792","-0.00285306898240645","-0.0304873496778324","-0.0532445145188127","-0.00671465352564127","-0.026583170868002","0.00344629864358748","0.00163265342388552","-0.00123380644892812","-0.00870576124770395","0.0012634865669634","-0.0000681204879349195","0.00526649699754778","0.000577733745878071","0.000606537503679126","-0.000394585460138694","0.000118428236400694","-0.000556612734610106","0.000157350301092293","0.00220822824280598","-0.00401871821737857","0.00359769432161942","0.00194039196964382","0.000677872659922773","0.000615115825997618","0.00697454747093163","-0.0234374184711612","-0.0405928731995147","-0.0115299240809339","-0.0134307876891686","-0.158331287922811","-0.283821674656938","-0.248857855717204","-0.171483070074498","0.00452037563428043","-0.00137413477570902","-0.274844925691101","0.0367792515032965","-0.161449982308869","0.0281213609854039","0.00629723250825087","-0.000901591369732668","0.00639779650975347","0.00382042428463603","0.00676801443581398","-0.0294743748701407","0.2125","0.00506538066602502","-0.0186510751787594","0.0224631972691647","0.13","0.119999999999999","0.00993242152676643","0.0100191721488976","0.00966999640018251","0.0126853667213691","0.177","0.1933","0.1799","0.157900000000001","0.0840999999999994","0.00997178260468434","-0.00206344464226227","16.31999969","0.00710321616875742","0.0232250976817787","-0.152940000000001","0.728250000000003","-0.0515000000000043","0.148679999999999","0.00491851244506745","0.000545589681939558","0.0396904920679436","0.00568991577767886","0"
"72","2003-12-01","0.00335079586219322","0.00599538517467657","-0.00655740054615883","-0.100000000000001","-0.0186306758631307","0.0266682470821618","-0.0160517090105072","-0.0200675630508096","0.200000000000003","0.00293926866656413","0.200000000000003","-0.00769657455198836","0","0.00143717895501716","-0.00312989300892763","-0.00269179166571165","0","0.00919546709310026","0.00754720563538314","0.00602411460338104","0.00273597981887441","0","-0.00162999221093063","-0.0350913198112703","-0.0170944333593006","-0.00187969980157821","0.011577553342442","-0.0436088054274339","0.00559236188902101","-0.00732604009207272","-0.0146978338356929","0.0424026655053451","-0.00257069550310085","-0.0147811049918367","0.00402415029972492","-0.00537635703638095","-0.0106525641162074","0.0056980211146378","-0.021812149725017","0.0544783209677409","0.00192307751574194","0.0160345498472569","0.00457666702741211","0.00325733187030686","0.00123380644892812","0.0535090650725394","0.00126177624136314","0.0023920758600191","-0.00140813442840937","0.00155794953071887","0.00120266310380216","0.00116274727096712","-0.00083860540639241","-0.00641890028622987","0.000318697494432242","0.00368903989725302","-0.00351133394802148","0.00872929636560916","0.00335011645554386","-0.000284875571617325","0.00318589253980472","0.0120072945092853","0.0284129991335238","0.036183532967188","0.0244688039571983","0.0313596145061954","0.232367739550112","0.177340331584343","0.314142760223124","0.105804297958196","0.0176738148591138","0.0624273985801516","0.120048042287236","0.00554018037561566","0.0898563291218606","0.0197346601922312","0.0061016263626783","0.0368362511365726","-0.0125559685253188","0.0226607664100777","0.0352280091747044","0.0362061404466205","0.0375000000000001","-0.0000240888396412231","-0.0333992054264929","0.00774101822195838","-0.00999999999999979","-0.0499999999999998","0.00960821098690268","0.00960814304163016","0.0163251792372723","0.00894052033489956","0.0367999999999999","0.2295","-0.1978","-0.169","-0.1289","0.0278835515083502","0.0155800783706699","18.30999947","0.0495189851827096","0.0506853789898147","-9.12939","0.708770000000001","0.0130999999999943","0.146379999999994","0.00422710725587458","-0.000507604046237817","0.0523120994872923","0.001417434680973","0"
"73","2004-01-01","0.00137234569455913","0.00379661472994108","-0.0019756344917905","0","0.0110012110619735","-0.0633696139325899","-0.00649352931054903","-0.0136056520557784","0","0.00126191589195201","0.0999999999999943","-0.0075338269035532","-0.1","0.00429918536843044","0.00312989300892763","0.00269179166571165","0.0194180858571018","0.00228571528085642","0","0","0","0.00584796988242253","0.00650408796917645","-0.0741079721537217","0.0170944333593006","0.00843096328879955","0.026971116774793","0.088947486016496","-0.00559236188902101","0.0361050046421161","-0.00571103779551407","-0.0395817891637034","0.0140577394902319","0.000769921762657333","0.0198813705538292","0.101579792817921","0.00267379838440185","-0.00427046912345297","0.0330062964681703","-0.0325843363330041","0.0209133097269785","0.00423281055262059","0.00569153499978814","-0.0098040000966213","0.0159024757940589","-0.00801958485266407","0.0212109299862062","0.0175586998304844","0.0283054399616187","0.0016910311877753","0.00132116235012403","0.00100514617134952","0.00105192613574234","0.00543445883348049","-0.00381299876980092","0.0017046392608658","-0.00307013266425215","0.000703038843410672","0.003358950857227","0.0036483492936381","0.0021762481021919","0.00663292336620109","-0.0273095507456986","-0.0586954398785107","-0.00619762560481618","-0.0121673822868722","-0.0547002021792622","0.169330212328545","-0.0523679855173151","0.180132434899399","-0.0757581375446801","-0.0671986529265673","-0.0090909717012515","0.11962296257839","-0.0317486983145798","0.0126637403650189","0.0234277047076157","0.0276092471384489","0.0140106149910822","0.0268045755172066","0.0406871822119157","0.0481350079871303","0","0.00868246307257081","-0.0555756444714799","-0.0445250155472827","-0.100000000000001","-0.0999999999999996","0.0131207254534065","0.00917713579543822","0.0272698560723104","0.0125567994102251","0.0389999999999997","-0.0619000000000001","-0.0979000000000001","-0.1085","-0.0777000000000001","-0.00923879776596159","0.0374805167623791","16.62999916","0.0171288471121338","-0.0051480117035374","-7.34496999999999","0.528720000000007","0.067300000000003","0.115000000000009","0.0029126245793353","-0.000468797885049961","0.0190513775185875","0.0154606031063791","-0.00222222313671683"
"74","2004-02-01","0.0007381760357692","0.0032428078680713","-0.00661378072203611","0","-0.0132160513915256","0.050124387182569","0","-0.0137933221323356","0","0.000408928272864983","0","-0.00792724521968857","0","0.00439030449448197","0.00312012733624378","0.00536194314138516","-0.0335226920386438","0","0.00500001041670561","0","0.0054496047675654","-0.0117303397854895","0.0112813444640398","0.037740327982847","-0.0170944333593006","0.000932400999951177","0.0152886925150897","-0.0251359732715422","-0.00859646615965293","-0.00141944665422589","-0.00574384117925231","0.0458796057506934","0.0050633019565467","-0.00385555033583884","0.00523561405394446","0.0689928714869508","-0.00727415152346289","0.00142551699122162","-0.0149535496670588","0.0164248796674","-0.00471476592370301","0.00105540906894408","0","0.0016406894574601","-0.00608644605640229","-0.0106145186761637","-0.00619193570193488","-0.00756866432293712","-0.0102840831420714","0.0010461816994684","0.000890880298669276","0.000903541871816425","-0.00199301270946224","-0.000646452444489591","-0.00106397090699957","0.00376426700990206","-0.00428695112568054","0.00340744266316151","0.00141409387979533","-0.00206330622058147","0.00416656221237587","0.00549680083899219","0.0297211813274743","0.035485800055012","-0.0047667033885741","-0.0105526718174165","-0.166295494711571","-0.207282158130402","-0.396143445581028","-0.316847113891571","0.0516656127963291","0.0270513454578403","0.242140052004864","-0.320907720080101","0.121360857004267","-0.0931313471314148","0.0232568621642679","0.049094167860083","0.0223820985593017","0.0271598014296188","0.023790647074232","-0.0135180687420955","0.2125","0.00946562064781276","0.0092310217009608","0.00457961500612036","-0.0499999999999998","-0.0600000000000005","0.00606842567009025","0.00694413216973899","-0.00813838753251517","0.00363259042627462","0.110300000000001","0.3714","0.0174000000000003","0.0181000000000004","0.0285000000000002","0.0254160183507288","0.0400255160984209","14.55000019","0.0121350448776818","0.0466372966457693","1.6576","0.0751999999999953","0.0585999999999984","0.0658999999999992","0.00171679214390865","0.000496001325284348","-0.00904831072468437","0.0110958142550537","0.00111172885269006"
"75","2004-03-01","-0.000351444440251925","-0.00310748071447087","-0.00265780887352118","0","0.00992837719733419","0.0088496152769828","-0.02640417419651","0.0137933221323356","0","-0.000272600267472001","-0.0999999999999943","-0.012520607983558","0","-0.00175380950357695","0","0","0.0252467827347838","0.0158553717897938","0.00497513464011323","0.00299850299625692","0.00271370587159581","0.0175443096509103","0.00956945101615059","-0.037740327982847","0.0504308536268923","0","-0.0237275611609551","-0.00546947580453594","0.00593649710199706","0.014104606181542","-0.00230680609791545","-0.0430666643740789","-0.00252844635335858","0.0099936770246245","0.0206725708047202","0.0364488097080331","0.0118412384343198","0.00426439878645724","-0.0267191467335097","0.0112150708201399","0.00940740710189569","0.00421053253634351","-0.00455063356399688","0.00653597097978498","0.00487211682400002","-0.0213401986794839","0.00248139976766204","0.00175138176072132","-0.0016541563837702","-0.0000444848576045666","0.000559950009720223","0.0000158842859124186","-0.00128065601611442","-0.00681835852766957","0.00210199218610682","0.00264137735568126","-0.00494745411110342","-0.00167034507663151","0.00277722881084285","-0.00281339792871431","0.00317005840625143","0.0150354297726649","0.0150521911333374","0.015186377513313","0.00927195079865939","0.00898739652115665","0.197000191334618","0.052237903049333","0.318266272124641","0.249859988347399","0.000844149042425357","-0.0180580033533424","0.024780028998487","0.0965379270426476","-0.00357782134788387","-0.0073937490249385","-0.00351407748203147","-0.022844408130352","0.00782096758937162","-0.00470127728680581","-0.0219824769423962","0.0859576788171634","0.0375000000000001","0.00480242577764578","-0.0116454090384757","-0.0369451584973906","0.00999999999999979","0.0100000000000007","0.0135341923947276","0.00566730874835919","0.00834852604959302","0.00366402270724819","0.1302","-0.1833","-0.0603999999999996","-0.0968","-0.1005","-0.0208997351428177","-0.00167607170748951","16.73999977","-0.0164942037683247","-0.0243077962729177","48.02341","0.105699999999999","0.0420000000000016","0.0167000000000002","0.000410236775867588","-0.000204267936787991","0.00147118481858842","0.0109740470319766","0.00332779009267448"
"76","2004-04-01","0.000597382078733943","-0.000812237759559409","-0.00935835706896526","0","0","0.0174676930403903","-0.0202709643736192","-0.0563529365511313","-0.0999999999999943","0.000204457166935512","-0.100000000000009","-0.010382887502411","-0.0999999999999996","-0.000109715288935774","0","-0.00267737777071675","0.00276625349289095","-0.00902940671939412","-0.00248447332766144","0.00597016698650332","0.0054054185669079","0.0057803629154991","0.0110498361865847","0","0.0162605208717803","0.000931532438111837","0.0112360732669261","0.021700670733118","-0.00981420516751985","0.0166670524852108","-0.0162983817331188","0.0176338676010692","0.00252844635335858","-0.00229738454587913","0.0152287207018249","0.034461414402231","-0.0015200458940452","-0.00141944665422589","-0.00776702933765971","-0.02763995048754","0.000935891504904696","-0.00949875215790819","-0.00114090143579126","0.00162733965937623","0.00605695370818982","-0.0419083394322364","0.00740746776348011","0.00825142416193003","0.0108342803774502","0.000431100414438793","0.00109413389254671","0.000269696272503855","-0.00129479986208119","0.00275831081060068","-0.00203628671654899","0.00180228710451319","-0.00459320073697418","-0.00272703644733927","0.00165541413594006","-0.000557190540084389","0.00180059388499516","0.00562447363127666","0.00401241535058183","0.00159498540833347","0.0159844854394091","0.0185348010933666","-0.131356887826394","0.224227652658763","-0.156340301897627","0.26787435089912","0.00536476330067259","0.0355924182440219","-0.0465200156348926","0.0391027260137422","-0.00179372245402654","0.0594234204708011","-0.000833475228884772","-0.00379663711252809","0.00882594656790237","-0.021345749656656","-0.0144466561937082","-0.00119012212797687","0","0.00855632729097522","-0.0232413437878236","-0.0247410007266673","0.13","0.21","0.0227627771693566","0.00901812849025418","0.00900021970723941","0.00657605979560216","0.0974999999999993","-0.0125999999999999","0.2431","0.2482","0.197500000000001","0.0181770101958199","-0.00781067580930284","17.19000053","-0.0169333146133397","-0.0165398312860967","-15.18361","0.138499999999993","-0.135800000000003","-0.0275000000000034","0.0000667425559602889","-0.000322367425058359","-0.00582582440438073","0.0269195259132422","0.00110680697519161"
"77","2004-05-01","0.000140508641512938","-0.00325556445976716","0.0140048971249609","0","0.0152508402524667","-0.0174676930403903","-0.0241807981972153","-0.0369045569354514","0","0.0000340721307043879","0","-0.0159540956206934","0","-0.00175708369387806","-0.00312012733624378","-0.00268456537066841","0.00275862243907898","0.00902940671939412","0.00990107098271142","0.00297177038915741","-0.00269905696916517","0.00574714225556772","0.00625980134850668","-0.0800427076735364","0.0472528848505451","-0.0102948967268626","0.0152463105728735","0.00890477834296011","-0.0168780377873521","-0.0236944882926684","-0.00470589103741315","0.0316911989614326","-0.00633314339702284","-0.0149333362129829","-0.0332937280994638","0.00562985301207064","-0.0232769959195158","0.00848661387731831","0.0135529664047036","0.0375043954584537","0.00280243060570218","0.0157814953374027","0","0.00970881412696034","0.00120700075003555","0.0083548641694815","0.0036832021762363","0.00526018446600496","0.00231936191266691","0.00216354591234444","0.00124083566136107","0.000780351808362613","0.000488129996683625","-0.00258933948689813","-0.000153746625541843","0.00297477737136699","-0.00445921900924421","0.0102420621229281","0.00342298042461159","0.000476986393344957","0.00287025996888294","0.00855441459815024","-0.0173710127643503","-0.0296407150881759","0.00211351124221437","-0.000473260775516238","-0.0356539077304685","-0.10704740375005","-0.0508088597248504","-0.105966917547591","-0.00294179661620575","0.0107169158352622","-0.0960430490199773","-0.0483477841577935","-0.0365671454184193","-0.0781505595214984","-0.00336737787958796","0.0188000867942574","-0.00855734597536623","0.0337209346296028","-0.00719046602963336","0.111977455961676","0.2237","0.00700716664772649","-0.000424665429603621","0.012344097028862","0.0500000000000007","0.0699999999999994","-0.0189969965404497","0.00326093309399589","-0.00291124393499764","0.00964318259397423","0.132700000000001","0.3116","0.212599999999999","0.1548","0.1202","-0.0159945736896079","-0.0256204898204118","15.5","0.0120110281388106","0.0196893923148584","5.01179999999999","0.352200000000011","-0.221399999999988","-0.050699999999992","0.00592255937481607","0.00379295832597121","0.0605854268908981","0.00661815784247821","0"
"78","2004-06-01","-0.000210770366466662","-0.000407691790657694","-0.00797876573180556","0","-0.00977737283829505","-0.035878287664902","0.00349040493976904","-0.0700675626167166","-0.100000000000009","-0.000477115505081116","-0.0999999999999943","-0.0131380188855221","0","-0.0020905547581922","0","-0.00269179166571165","0.00275103337189009","-0.0204320388172059","0.00246002584086202","0.0029629651306573","0.0107527917762624","0","0.0170151050059832","0.0800427076735364","0.0152674721307884","-0.00282619123583494","-0.00275482267884453","-0.00533334597536239","0.00545621238416416","0.00281690327111317","-0.01784699362506","-0.0225336258074114","-0.0063735078720919","0.0451395088759385","0.00389864041565691","-0.0263079516360012","0.0488087000224064","0.00561799230422366","0.0190481949706944","-0.00122774723832197","0.00743497848751851","0.00624351663968525","0","0.00642056780292322","0.0107979453467877","0.0133080679666744","0.0061088324403471","0.00554802374946739","0.0037901948906196","0.00097011222907147","0.00125867417863791","0.000624989043517393","-0.00112428111096944","-0.00138245107120934","-0.00073101375221583","0.00317150488044349","-0.00501820353660478","0.000300552894641553","0.00211673958850844","-0.00182116258368834","0.00347480823100122","0.0134079919940269","0.0080498056343643","0.0163208651420188","0.0103533331730876","0.00977455818536654","0.000281333522744731","0.0240136183810016","-0.0271171360894247","-0.0250067867212582","-0.0209459574167159","-0.00939638133486831","0.00803217169726356","-0.142862720053407","0.0239201837176513","0.0224308469881818","0.0126333780366945","0.00691456627684173","0.0104195439064309","-0.00388161356207029","0.022074974564637","-0.0657281202764657","0.1968","0.00957905369854473","-0.0449274686434737","-0.0887734444580346","0.3","0.34","0.0259801745495327","0.014469076561225","0.0159569042251722","0.00953511953250974","0.262799999999999","0.1598","0.1478","0.0882000000000005","0.0126999999999997","0.0121432039491376","0.0363823614560008","14.34000015","0.0178291112616815","0.0156009408124391","-15.00453","0.0592999999999932","-0.14970000000001","-0.0529000000000082","0.00242353517319521","-0.00131406201415409","0.0209568263427249","0.0052631700442749","-0.00110680697519161"
"79","2004-07-01","0.000561955620295151","-0.000271886896726414","0.0230957147946498","-0.0999999999999996","0","-0.0137933221323356","-0.0500104205746617","-0.0327898228229913","0","0.0000681732965457371","0","-0.0124756563730752","-0.1","0.00110083674701311","0","0","0.00274348594575091","0.00685716972613726","0.00734397425575928","0.00295421189743106","0","0.00571430126343841","0.00306278953054573","0","0.0150378773645405","-0.00567645800480499","0.00824180489510429","0.0333071980177682","-0.0112480286051975","-0.00989407364519757","0.00119976019190382","0.0117808340311489","-0.00384369467456303","-0.00721665443825703","-0.0222960055553729","0","-0.0179544751994731","0","-0.0161677321053402","-0.00492611833605583","0.00185013928816158","-0.00311688564025303","0.00114090143579126","0.00159872136369632","-0.00119402999260743","-0.0188226366989559","-0.00121882955807795","-0.00261683041081362","-0.00271476079495336","0.0012407407201076","0.000999319776756153","0.00148442236439824","-0.000551181898075849","-0.00414176034835672","-0.000283051861229562","0.00316733666762602","-0.00474094242339962","0.00361339565830571","0.00389155086280243","-0.00118892056137419","0.00427204703461961","0.0132727876890022","0.0137533836376118","0.0246706259509182","0.0192938751127141","0.0218502419216033","0.0304732720834107","0.13262534925367","0.0664620254666666","0.0653433948297364","0.0479353473271402","0.0120076111002039","0.080657903017455","0.237328186306167","0.03571808260208","0.0687463839333251","0.000925576455448329","-0.0175614269299471","-0.00179563111459807","0.00868191744840008","0.00839150521405785","0.0828811995027148","0.0795000000000003","0.0104598805751301","-0.0166884861612395","-0.111503025713438","0.00999999999999979","0.0100000000000007","0.00937730475231113","0.00529712135303129","0.000567506825721154","0.00557651762924394","0.0673000000000004","0.0994999999999999","-0.0855999999999995","-0.0917000000000003","-0.0798999999999994","-0.0165037180733751","-0.0413670283181204","15.31999969","-0.0348922347352065","-0.0238105959949979","16.08009","-0.0615999999999985","-0.032599999999988","-0.0330000000000013","0.00229682080820798","0.00185442141135309","-0.0116215548990445","0.0386148361277794","0.00110680697519161"
"80","2004-08-01","0.0013333803161526","-0.00176906897875817","-0.0124714448744205","0","-0.00109229939860889","-0.0329441557193544","0.0145457110023788","0.0408219945202557","0.100000000000009","0.00143056668015973","0","-0.00227422445258796","0","0.00329525781489526","0","0.00269179166571165","0.0054644944720792","0.00681046900252635","0.00243605479788034","0.00294551022975753","0.00533334597536239","0.0085106896679088","0","0.037740327982847","-0.0303053494953289","-0.0143337380020805","-0.0263355483378032","-0.0226687998127124","-0.0253883605283267","0.00989407364519757","-0.0267330621970689","-0.0117808340311489","-0.0129200763651038","-0.0415611120892061","0.0196986014976881","-0.0255395128959615","-0.0461516402112503","0.00139958035442245","-0.0471137178421799","0.0110498361865847","0.00276880656813283","-0.00104112450841054","0.00341491510006975","0","0.00238663597773137","-0.207481671994032","0","0.00468806954517298","-0.00401607709151541","0.000956861911779221","0.0011251439336495","0.000352376092500719","-0.00103425003808556","-0.00110581003579804","-0.000824667469146951","0.0024877323687437","-0.00510702260247504","0.00146535916462096","0.00307826624639173","-0.000356038611536181","0.00371242965371326","0.00647523147436707","-0.00848853245053327","-0.018380355097813","0.00717884096327381","0.00659974111005646","0.0629171528598622","-0.217843534952486","-0.00444445176042407","-0.283391111476598","-0.00420793970319444","0.0356652912598481","0.137674091299533","-0.0944654662527595","0.042925044717034","-0.065056342845871","-0.007071571228356","-0.019714048542228","-0.00600883100515498","-0.00390480611802513","-0.0116251820884615","0.111776311078875","0.2143","0.00520614695413357","-0.0391858737253408","-0.0681927467569707","-0.04","-0.0600000000000005","0.0146036886050815","0.011494243755962","0.0122787510596005","0.0121134462819832","0.106","0.1677","-0.111000000000001","-0.1012","-0.114400000000001","0.00997190569841333","0.0105361159008748","15.28999996","0.00228473783819005","0.0113493871743722","-38.58299","0.0383999999999958","-0.00710000000000832","0.00849999999999795","0.00617703799766277","0.00488700306576987","0.0554822212841972","0.0125472160520887","0.00110558330774957"
"81","2004-09-01","0.000911289537672388","-0.0040944509227927","0.00263852395818098","0","-0.00547946576462532","0.00477327875265754","-0.00361664047018895","0.0237165266173154","0","0.000680503598905702","0","-0.00191915616059557","0","0.00448602973450996","0.00312012733624378","0.00268456537066841","0.00543479598595642","-0.0182653479772927","0.00243013485329246","0","0.00794706169253168","0.00563381771825622","0.00152788417805283","-0.037740327982847","-0.0155041865359653","-0.00289156827979919","0.00699792918764519","0.00176211499339907","-0.0630971020304836","0.0042105325363444","0.0158830461730028","0.000911161794244997","0.00906155067757464","-0.0901167118859938","0.00518807908177799","-0.0353553183344122","-0.10821923118356","0.0055788150270395","0.0179287670900905","0.00608644605640229","0.00459770924862912","0.0072652109914122","0","0.00636944828548014","0.00475625153464865","0.196288761642808","0.00729045932539751","0.00489031590771738","0.00964921046977807","-0.000769034856568161","0.000915854246852596","-0.000281937438572625","-0.000900992217784962","-0.00279487830550711","-0.00133980461298346","0.00143889341697938","-0.00439841373167446","0.00173669895628891","0.00177636435664051","-0.000904580890018169","0.00101788951082008","0.0117193284823586","0.0183303634627325","0.0173537738894165","-0.0167478938434176","-0.0239190701224281","-0.174817118481799","0.102100770587315","-0.338701891948483","0.172140996861837","0.0170299328071017","-0.0583889308122796","-0.0908186740180277","0","-0.00674538813953163","0.0118994539097406","-0.0170857369542086","-0.034164086639778","-0.017360022582096","-0.0178335021259812","-0.0162713202994108","0.010705245359063","0.0357000000000003","0.0056119146606175","-0.0599317740949505","-0.0714258587095689","-0.0499999999999998","-0.14","0.00423608395393238","0.00781708777881462","-0.00190128299136028","0.00126926107403058","-0.0160999999999998","0.1014","-0.1254","-0.0962000000000005","-0.0638999999999994","0.025628588011906","0.0294282176786087","13.34000015","0.0093203063814542","0.023545085070972","12.25437","-0.158299999999997","0.0469000000000079","0.0511000000000053","0.00566630925209523","0.00262650662950869","0.0402741861959983","0.00497513464011412","0.00330943490136715"
"82","2004-10-01","0.00290357203171254","-0.00177948168235353","-0.0206330114954199","0","-0.00550965581096996","0.0188684843043827","0.0390813500424718","0.0532445145188127","0.0999999999999943","0.00278523328045033","0.0999999999999943","-0.00168228830831207","0","0.00359614619557913","0.0031104224143923","0.00267737777071675","0.00809721023261911","-0.00230680609791545","0.00484262447578754","0.00586511945239732","0.00263504763800526","0.00839165763624816","0.0045696956900656","0","-0.0157483569681389","0.000964785410099367","0.0138506369338982","0.0413852161628547","0.0234372833907379","-0.0112677248463431","-0.00242718565761102","0.0207308010026841","-0.00387347159579665","0.0529870159262451","-0.0275427246375823","0.0114199946859488","0.0654189966511991","0.00416378117177985","0.00982326170294368","-0.00243013485329158","0","0","0.00566573753567656","0.00790517950711322","-0.00118694375952799","0.027036984309345","-0.00851066398109435","0.0085106081499422","-0.00515461550068075","0.0031266395227002","0.00203523933342451","0.00202799696095166","0.00260383848908809","-0.00234618397139377","0.0039034444804769","0.00330789429634161","-0.00437165366656793","0.00486374141249913","0.00371367395429492","0.00339178051491117","0.00228164697343774","0.00840877896312801","0.00361749710832981","-0.0102871323646951","0.0250585879008067","0.0338928019655143","0.108346593016044","-0.0864448735147612","0.349335576551969","0.0743737175711772","-0.013026848169666","0.0654295154242828","-0.0249567319738677","0.233614851181505","-0.0538792336769038","0.048833492664424","-0.00860555169566446","-0.0252900643465978","-0.0151731310247263","-0.00394856017029621","0.0079473561375758","0.141772801689381","0","0.00654116869539756","-0.0276635717974134","-0.00135422173213762","-0.11","-0.04","0.0108277754140413","0.00767788368900035","0.00980365379012937","0.00790306274005736","-0.0462000000000007","-0.00169999999999959","-0.1837","-0.1426","-0.0838000000000001","0.0113759659423236","0.0083711275847449","16.27000046","0.0139169519998088","0.0283749384838985","30.4047","-0.115399999999994","0.181799999999996","0.0810000000000031","0.0140473721761596","0.0102300141378879","0.119860921008981","0.0160003413464409","0.00329851865866448"
"83","2004-11-01","0.00160558498715346","-0.00027404768601258","0.0133602521663407","0","0.0153511786557612","0.054558984250435","-0.028270433938256","-0.0300774552372784","0","0.00189766237903122","0.100000000000009","-0.00240818900248296","0","0.00401672363314276","0","0.00267022855587884","0","0.0183071474443564","0","0.00291971010333469","0.00262812240626964","0","0.00606062461169099","-0.0392207131532816","0.0157483569681389","0.00576924677124513","0.0109440216793173","0.0233733511853087","0.00065231574393998","0.0084626739187339","0.00726395445822536","-0.0262102667673094","0.00773199728332585","0.0219142922468727","0.00265604405811626","-0.0393721250696881","0.0294706827514588","0","0.0222338786732417","-0.0147061473896954","-0.00275608810197969","-0.00414508365516841","-0.0033955890011379","0.00157356444743062","-0.00356930777512066","-0.000811356259393214","0.00365626818342601","-0.00433815247170344","0.00274134717595054","0.00308726075318091","0.0020136996112936","0.00194123128788872","0.00123257914391269","-0.00239108010584175","-0.000956830467033805","0.00490336332894934","-0.00472285019824372","0.00927701928128537","0.00351107193159899","0.0012003978972146","0.00425250179005241","0.006016950393156","0.0185269353766895","0.0217395881229407","-0.0114193235152324","-0.0149122954266456","0.00328048407916093","0.1063697149827","-0.112289120068768","0.0558382182592823","0.0209829805756119","-0.0334211288944015","0.0354647095722829","0.160433423006753","0.0723206615796261","0.0775064986119913","-0.00053367858497122","-0.0121922775078145","-0.0100119031395706","-0.00909570185106112","0.0293464934362471","-0.143858308180403","0","0.00959954041302602","-0.129190613630829","-0.160182020325651","-0.19","-0.23","0.0105587759771453","0.0104263017682946","0.0108873810016554","0.00614053698775763","-0.0170999999999992","0.0110999999999999","-0.0720999999999998","-0.0780000000000003","-0.0897000000000006","0.0204837580607551","0.0396355686835008","13.23999977","0.0378687768126449","0.0555699096409761","7.93685000000001","-0.182200000000009","0.203699999999998","0.0785999999999945","0.00294198127134182","-0.00323457209608816","0.0324703391940382","0.00487211682400002","0.00109709281437365"
"84","2004-12-01","0.00184672259316621","-0.00013705201145342","-0.00532270052389805","0","0.00542594928599716","-0.0269074529199242","0.00714288751238001","0.0151518050206025","0.0999999999999943","0.00172510063584852","0.0999999999999943","-0.00410727806204036","0","0.0012992639333147","0","-0.00267022855587884","0.00268456537066974","-0.0114026320978118","0.00241254640538369","0.00870832789178522","0","0.00278164296187722","-0.00151171608532241","-0.0833816089390509","-0.0157483569681389","-0.00480539127493884","0.00813012608325092","0.0308716636670869","-0.0240895991346779","-0.0112995552539328","0.00481348703154794","0.0199462641823791","-0.00128452169235604","-0.0238074638738439","-0.0255218687951198","-0.0709633154742502","-0.0282338242140625","0","0.0114069677933761","0.00492611833605583","-0.00276370512161783","0.00311042241439274","0","0","-0.00238663597773137","-0.0299551609146187","-0.00365626818342601","-0.00738343436909261","-0.00912075261366851","0.00271591405880492","0.00221483202447009","0.00217743252832829","0.00160295411197359","0.00149863462456109","0.00197629923414131","0.00488446243720392","-0.00508748054395187","0.00750929552973853","0.00296197596371371","0.001691311951957","0.00659306251188806","0.00398074476937595","0.0190804405081249","0.0335206994689354","0.0250651935524768","0.0334321191651572","0.129840090326642","-0.00472483160890036","0.287312181565374","-0.0294199797014407","0.0409784673815601","0.063805369609538","-0.158224005214894","-0.175248508791894","-0.0167508104248153","-0.0501543661223653","0.0150248423064223","0.0548166240880676","0.00626917628650675","0.0276875695614809","0.0354860614135426","-0.0849258704986084","0","0.00518903033424856","0.0763648912697601","0.126279669864443","-0.12","0.0100000000000007","0.0059293647994263","0.004465275175626","0.00660253479837181","0.00674574858681432","-0.0135000000000005","0.0209999999999999","-0.1501","-0.1587","-0.1183","0.0275629689105115","0.0532010293973695","13.28999996","0.0319425735028656","0.018410557460999","-44.60335","-0.0564999999999998","0.110900000000001","0.053600000000003","-0.0045006140912353","0.000778807880313262","-0.0245724901097827","0.00363857284390878","0"
"85","2005-01-01","0.00236439609453143","-0.00164609090666801","0.00199933422148213","0.0999999999999996","0.00108166587074088","0.0180185055026776","0.0587388171716592","0.0584107621564147","0.100000000000009","0.00256522907064038","0.100000000000009","-0.00290944562125617","0","0.00237760838256396","0","0","0.0159577854386104","0.038249882134","0","0","0.0078431774610257","0","-0.00911860421643418","0.0425596144187961","-0.0487901641694322","0.0086331471447032","-0.0218289704414127","-0.0712812020049638","-0.0161619679569984","0.014104606181542","0.0190255441445046","0.00804653425121415","0.0102302682508144","-0.0108874238212326","0.0439192339348358","-0.0673036818961066","-0.00869030919197655","0.01101939524961","-0.0277928765841953","0.0326312939704074","0.00368324541629672","0.00927363678532878","0.00452489459828964","0.0125001627642316","0","0.0333201137404009","0.00729921675511225","0.0020848150546513","0.000297640253817733","0.0018198431362981","0.00173576106497813","0.00248970103390622","0.00102599126603774","-0.000962884048731801","0.000841187003158915","0.00326179291081797","-0.00453559588581783","-0.00939596217636631","0.00102603862417218","-0.00200150278272254","0.00172462464861942","0.00518903671854391","-0.0376933548630074","-0.0586757943277281","-0.0104099176454735","-0.0148332614296116","-0.0408519566182033","-0.0573957584706246","-0.113491480651416","-0.105921368168321","-0.0667876625927235","-0.0100258511390248","0.151230969723923","-0.0910902405644505","-0.0609413949567212","-0.0290867383018343","-0.0134856583703371","-0.0223674858995081","-0.00487262553931106","-0.0317834488788753","-0.0268687789831815","0.116884764767328","0","0.0100693110055392","0.0145221916018254","-0.0217174716624662","-0.17","-0.0800000000000001","0.0113238024137647","0.0105460722945256","0.0115939368795921","0.0139121067682808","0.00250000000000039","-0.00190000000000001","-0.00150000000000006","0.0103","0.0281000000000002","0.0125600000590982","0.0325350103074857","12.81999969","-0.0256157673436119","-0.024623546125913","-24.38835","0.0354000000000099","0.121200000000002","0.0210000000000008","-0.000983722277058756","0.00202531390069757","-0.0541461072953305","0.0251059211310762","0.00109589052063708"
"86","2005-02-01","-0.00017366236606442","-0.000549299656768198","-0.0242599498774831","-0.0999999999999996","-0.0218587938124992","-0.0410080237273771","-0.0067340321813445","-0.0215062052209634","-0.100000000000009","-0.00138305609929468","-0.200000000000003","-0.00243102101006087","-0.1","-0.00281050882222544","0","-0.00267737777071675","-0.0213341424749913","-0.0336732151065879","0.0024067400305654","0.0028860048891346","0","-0.00278164296187722","-0.0169365095308978","0.0800427076735364","0","-0.00191204647162557","0.00275482267884453","0","-0.00169865846858031","-0.00985229644301189","0.00470036118033157","0.00798230402468469","-0.00127307464679749","-0.0112840057903121","-0.0131063475053006","-0.0838927860337204","-0.00960541943588211","-0.0013708021337786","0.00581396986541982","0.00710903467910651","0.00275355841718206","0.004094171532663","0.00338028490882358","-0.00466926918368404","-0.0035906681307285","-0.0758683317046405","-0.00607901209941542","-0.00260515077409629","-0.004470788636592","0.000933112045143608","0.00136473066406736","-0.000465373178642459","-0.00329073050447381","-0.00319974647562676","-0.00269761414501872","0.00356020517178157","-0.00480817111584346","0.00716948161904837","0.00127366536386092","-0.00100878107720651","0.00240870762349385","0.00417351641158881","-0.0109581255393447","-0.0163848968581082","-0.024122826762623","-0.0350451732034891","-0.261316124819238","-0.0413407370072179","-0.231675493612132","-0.144072293876281","-0.0103467037886613","-0.0921698103458972","-0.11909969154113","0.110795311643783","-0.023615993071342","0.0316130554349447","0.00915298335315029","0.0179338340956569","0.0116546584551222","0.0210741812766706","0.00568621168074701","0.0215587858545723","0","0.00624762861686712","-0.0144094044563285","0.054773950332887","0.0499999999999998","0.0800000000000001","0.00701939784235428","0.0041835345823884","0.00257599278203102","0.00665920099281081","0.0180999999999996","0.0560999999999998","0.1066","0.0465","0.0188999999999995","0.0219751628512936","0.0121774855833561","12.07999992","0.0187268980032282","0.0513499674995335","16.03046","-0.2196","0.142200000000003","-0.0173000000000059","0.00311210533098387","0.00300848211118349","0.0233757899859511","0.00353565483230778","0"
"87","2005-03-01","-0.00104260800436506","0.000961076479551792","-0.0151205629938254","0","0.0022075064152105","-0.00466201310581127","0.0067340321813445","-0.0369045569354514","-0.199999999999989","-0.00108078908115949","-0.100000000000009","0.0101708105238476","0.1","-0.000216520516164387","0","0","0.0133870807824596","0.0136056520557784","0.00718565966087414","0.00287769982761521","0.012936791030719","0.00555556984460193","-0.0125001627642316","0","-0.0339015516756813","-0.0193242728264025","-0.0110651198124723","-0.0103627870355467","-0.00990952923741872","-0.0316118276343476","-0.0201309344069776","-0.0205272714127611","-0.0218939846347368","0.0041430800873874","-0.0390096536337134","-0.0138616080866241","0.00460540901917561","-0.0041237171838624","-0.000966650631094801","-0.0671393028376288","-0.0092081681938625","-0.0279666077391445","0.00224719195690515","0","-0.0072202479734873","0.019664209149334","-0.00611619262357532","-0.000427773290594402","0.00174944506967201","0.0025106687624433","0.00197868895309257","0.00251623527931406","0.0024127917764364","-0.00102930566734289","0.00220492034654923","0.00262816313616264","-0.00434578784344252","0.00157335504829226","0.00343888124448181","0.00302297450416716","0.00302396203719005","0.00527858223578411","0.0199670990885732","0.0261547917554239","0.0356782774573876","0.0448286195125593","0.244699428287685","-0.0623080321485237","0.186319128816105","-0.0681447277143006","0.0244515982995956","0.132679108839929","0.163703997777884","0","0.0828667705501562","-0.0229699592789254","0.000881502374737941","-0.00914228313267962","-0.00407754806637656","0.0120951958880404","0.0109094865760576","0.154904259365558","0","0.00794429190118429","0.0268287063234034","0.061032992535452","0.0300000000000002","0.13","0.0115664774981212","0.0109547051884373","0.00949704161672038","0.0122892916008119","0.0968999999999998","-0.0541999999999998","0.1993","0.2076","0.2193","-0.01523491374871","-0.0171716826660262","14.02000046","-0.0193027611135088","-0.0245177509143812","6.47771","-0.583250000000007","0.0604999999999905","-0.0494999999999948","0.00535787756902853","0.0010165252809662","0.053648016764621","-0.00117716317301486","0.00218818468055293"
"88","2005-04-01","0.000729939725488293","0.00547421648968083","0.000692281093761515","0.0999999999999996","0.0120549405053545","0","0.0199342149008173","0.0441248049089378","0","0.00121580562089108","0","0.0122127954731823","0","-0.000649842977488824","-0.0031104224143923","-0.00268456537066841","0.00794706169253168","0","0.00238379135527644","0.00286944242795251","0.00512821636691996","0.0110193952496109","0.00938974034983886","0.037740327982847","-0.0350913198112695","0.0307420942977288","0.0408776257961732","0.0573512964714658","0.00547946576462532","0.0400625821520704","0.0375631015756488","0.0336911297790037","0.0358094526967108","0.00467483320773088","0.0323914957912352","-0.0648709126978861","0.00458429642194336","0.0123204843880407","0.0219999308018632","0.107630664192365","0.0110396705373308","0.0471882415200984","0.00447929080404563","0.00622085987510257","0.00602048778158348","0.0212251320658847","0.00489598796787849","0.00250926826841535","-0.00513914020941186","0.000467688331367898","0.00159853525603702","0.00160252507859799","-0.00122955509464184","-0.00251470810924075","0.00410606163267047","0.00309298576612497","-0.00463239076948854","-0.000586034239519883","0.00131091988588314","-0.00120956942089057","0.00347188530908999","0.00526631360450342","0.0396163769130631","0.0544664236459873","0.0323510837791634","0.040477011515593","-0.156310919564353","0.107172184947345","-0.0589456331478493","0.14252264183214","0.107388296946802","0.0373651311676184","-0.140265424805867","0.288291642723627","-0.0520951118834025","0.12217193689094","0.00967794142194833","0.0107218936816341","0.0145747114518878","0.0140133668818496","-0.00620434189614061","-0.0232435687996504","0","0.00286790424257788","0.056697251601971","0.0696688050095524","-0.0499999999999998","-0.04","0.0074553602591152","0.0128596704289787","0.00995512812719923","0.00635847514152665","-0.0442","0.0507","-0.1945","-0.1742","-0.1406","-0.0249993164859603","-0.0579696897121647","15.31000042","-0.0203135112945025","-0.0122087710164749","7.62389","-0.662509999999997","-0.105899999999991","-0.0734999999999957","0.0061851094988475","0.00217814665632454","0.0578547041897913","0.00470036118033157","-0.00218818468055293"
"89","2005-05-01","0.000764127715969565","0.000818553933836341","0.00345423486808727","0","-0.00765449336053248","0","0.0291754891339311","0.0283706971292155","0","0.000809716643429326","0","0.0162893120179293","0","-0.000108348231321109","0","0","0.00263504763800526","0.0067340321813445","0","0","0.0202538569044979","0.00273597981887441","0","-0.037740327982847","-0.0363676441708751","-0.00950577499970073","-0.0284379353205342","-0.0148640226321497","-0.0154881774427995","-0.00845075451772281","0","-0.0436594950598952","-0.0101010959865038","-0.0102027632602439","-0.00399202126953746","-0.0445968407924289","-0.00877015435462081","-0.00408998525152438","-0.0210332801707684","-0.0393114202148883","-0.00366636524357844","-0.0192216337809539","-0.00111794310134083","-0.00155159069141853","-0.00240384731139454","-0.0297107116581925","-0.00612379604699775","-0.00490785011513317","-0.00995038605887544","0.00215415900965679","0.00176889994358109","0.000789824267075382","-0.000655896819686322","-0.00523210634788957","0.00482585854654572","0.00550917855727242","-0.00470425499927583","0.00662643136471662","0.00141924201990094","-0.00220447083053277","0.00368146512405892","0.00452420414617392","-0.00779045862403294","-0.0211825284931102","-0.0169244614310795","-0.0232684902302065","0.0217272199319716","0.0459476732238482","0.064135956218542","0.227644684195001","-0.026604192369561","-0.0254093952474683","0.0153259704782274","-0.184151383471031","-0.014362904000361","-0.0783939026833522","-0.0102592495598461","-0.00676285589149939","-0.00280217522662052","-0.0281034902134394","-0.0225088173732348","-0.0642815508162289","0","0.00576447380973377","-0.0423605465534145","-0.0379398737235004","-0.180000000000001","-0.25","0.0110258543866699","0.0135232290407821","0.0140534692840184","0.0157973360769716","-0.0505999999999993","-0.1046","-0.2274","-0.2045","-0.1773","0.0353696594889765","0.0556951471133029","13.28999996","0.029512244131098","-0.00784753936535276","10.36223","-0.450060000000008","-0.175200000000004","-0.0838000000000108","-0.00648949751269446","0.0011976018705609","-0.0803312955845601","-0.0106070528957218","0.00218818468055293"
"90","2005-06-01","0.00183845898773782","0.000272702483282927","0.0157375810480103","-0.0999999999999996","-0.0110376396516205","0.0139213385186086","-0.0226180885877723","-0.0140847398817385","0.0999999999999943","0.00131439278819023","0","0.0105981309918235","0.1","0.00238095350574241","0","0","0","-0.00448431244732905","0.00475060275859818","0.00571430126343841","-0.0151518050206025","0.00272851465320478","-0.0141178815457854","-0.122602322092332","-0.0186921330121526","0.00855925339566976","0.0163491380015302","0.0246520289983128","-0.0118633631404945","0.0388398333162634","-0.00577702357692278","0.00906624523775346","0.0163628572104804","-0.0301049602278489","0.0417815340149552","-0.0156953894636915","-0.0358706262679993","0.00680737822802513","0.00385728539975805","0.018692133012153","0.00731933734227042","0.0111733005981254","0.00111794310134083","0.00619197024792051","0.00719427563402686","0.000587496103915619","0.00612379604699775","0.010688926071813","0.0133538751257163","0.000892640593130195","0.00145332541376619","0.00148599652408725","-0.0000764820129231869","-0.00284601847958466","-0.000702613978138609","0.00188877539755404","-0.00389487100950209","-0.00119889351991621","0.00152213099264674","0.00122607738293732","0.00263000283667317","0.00241418825624001","0.0385974833339908","0.065555440582612","0.00160074340278626","0.00526309828094362","-0.0515531994472251","-0.0369178505121273","-0.156598309009763","-0.371902935372287","0.108230387268163","0.000357366214828403","0.0554670815128722","0.0109290705321907","0.0407496591735566","0.0114661370876439","0.00702431974069473","-0.0319870185460475","0.0230704004633143","-0.000344006648791861","-0.0195555977177161","0.110792804935204","0","0.00615468185033308","0.00399660095030185","-0.00108881229803437","-0.13","-0.140000000000001","0.00939916888537162","0.00620704070487044","0.00976606484344167","0.00294255944228361","-0.0514000000000001","0.0855999999999995","-0.1482","-0.1326","-0.1048","0.0304651374968916","0.0351345107366186","12.03999996","-0.000142724410410189","0.0111919946234948","-0.0259400000000056","-0.11972999999999","-0.108800000000002","-0.0681999999999903","0.00312516252290805","0.00498037860286878","0.0458533632775163","0.00708385488840513","-0.00218818468055293"
"91","2005-07-01","0.00176589786372006","-0.00327734828376691","-0.00135869586119242","0","-0.0111608301375288","0.0625203569813335","-0.0264916154469761","-0.0215062052209634","0","0.00158171969236776","0.100000000000009","0.00404648219637416","0","-0.000324341859159638","-0.00312012733624378","-0.00269179166571165","0.0078637364602141","0.0089486055760144","0.00236686501026551","0.00568183346743112","0.00507615303186082","0.00814115758369915","-0.0143200537747479","-0.0444517625708336","-0.0190481949706944","-0.00951481964133816","0","0.00647251450561726","-0.023438572972017","-0.0220091414917896","0.00231481584845206","-0.0154618814741587","-0.00877748582122351","-0.0414053313423732","-0.0311713549029395","0.0300523450664025","-0.0455887723579096","0.00945314264375519","0.0171759947710104","0.00921665510492353","-0.00273847729330434","0.00503779402995708","0.00334635002734451","0.0137933221323365","-0.00239234563861945","-0.00429544998406595","-0.00122180777239222","0.00187501204232632","0.000237001820234894","0.00487693272759797","0.00290224741930661","0.00269700571846423","0.00187451218107922","0.00456998184433408","-0.00140144353553686","0.00634760418426426","-0.00396194365381476","0.0153681006577765","0.00362772268901384","0.00413696747372917","0.00429843051554251","0.00328603864236424","-0.0245203916319454","-0.0343100213870038","0.00455105942389977","0.0105245617918897","0.0518436016563228","-0.0125532385033242","0.0587828365469631","0.252921577223795","-0.0287207094497148","0.058546958570858","-0.176582660124937","-0.299344012199624","-0.0965261966309683","-0.1210456812912","-0.0290238749992868","-0.0507543108135011","-0.0274602833619368","-0.00836686354370553","-0.037552047291745","0.056688099845573","0","0.00266234369409979","0.0511955255431324","0.0427649585670551","-0.0800000000000001","-0.18","0.0107136181388672","0.0108677866825904","0.0119980736686838","0.0115755181786561","-0.1835","-0.0388999999999999","-0.0115999999999996","0.0164","0.0321999999999996","0.0325029108148005","0.0315777614223727","11.56999969","0.0353365325519874","0.00720829658987521","-14.33113","0.18441","0.00809999999999889","-0.0409000000000077","0.00818571371188044","0.00424941865266409","0.0754986695107064","-0.00945633524203515","0.00328048407916182"
"92","2005-08-01","0.000760798183115696","-0.00109484067320587","0.00677509366636109","0","0.0155905162291168","0.0465200156348935","-0.027212563524885","-0.029413885206294","0","0.00134417655832841","0","0.00172920672519439","0","0.00506930924338533","0.00623054975063608","0.00537635703638006","0.00780238028418534","0.0110743102990938","0.00706716722309331","0.00564973254211942","0.00252844635335858","0.0107527917762624","-0.00321027563024856","0","-0.0194180858571018","-0.00767758089903481","0.0240331994441556","0.0640343618125492","-0.0440761757119583","0.00277777956390235","-0.0104591307901378","0.000916170471779942","-0.00126023961228761","-0.0680576563193149","-0.0199873409246125","-0.0210534091978323","-0.084470394555864","0.00268456537066886","0","0.0338250961536444","-0.00641909586071687","0.0090045630930824","0.00111296616942091","0.00152091284070632","-0.0108369513298774","-0.0729974683200227","-0.00490198827460553","-0.00730828494678093","-0.0013452879582907","0.000895117077265045","0.00141872525262326","0.00024586841385567","0.000174908959641791","-0.00581306367510053","-0.0031209747049369","0.00359757794780712","-0.00428911185768742","0.00852626467797502","0.00119576353465362","0.000345282490390839","0.00130292371678269","0.00315376390197481","0.00572148939462735","0.0144987201582936","0.0197744907072988","0.0289660057985266","-0.256429528947677","0.0584476519757509","-0.410711960116427","0.00179694567670197","0.028216507758362","0.0244665611935417","0.377907164044507","0.0514399112047617","0.198756819279867","0.0828667705501562","0.0089047550023027","0.00840868116790261","0.00308864654065066","0.0126458688728155","0.0244850322863499","0.106437821108581","-0.2159","0.0052457929116958","0.0469071485736663","0.041399869229922","0.00999999999999979","-0.0300000000000002","0.00750590743957602","-0.00285205639550945","-0.00604698377799373","0.00319816667830075","-0.0629","-0.1771","0.0670999999999999","0.0238000000000005","0.00360000000000049","0.00545252865064683","0.0187705496397275","12.60000038","-0.0112855477819274","0.039008158684815","-2.25035","0.09084","-0.0251999999999981","-0.0138000000000034","0.00479533675201982","-0.000178522324308256","0.0294099749741857","-0.00356930777512066","0"
"93","2005-09-01","-0.000518663243589401","-0.00205606268031566","-0.0322497931082335","0.2","0.0464195585550957","0.052325819001739","0.0238512158221802","0.0925927868278249","-0.0999999999999943","0.00104049550394514","0","0.00905813680682499","0","-0.00129185075561189","-0.0031104224143923","-0.00268456537066841","0.00258732356495095","0.00220022090960192","0.00234466695925395","0","0.00503779402995708","0.0026702285558784","-0.0227652107730121","0.0444517625708336","-0.0198026272961798","0.0133973295718217","0.0234691345408473","0.0239174330605882","0.0281395834491454","0.0178698913295667","0.00116754245603801","-0.00919969689842315","0.0150190557837151","0.0548719693269852","0.0160217045312656","0.0416726964005676","0.0600564689534675","0.0026773777707163","-0.00855112098925037","-0.0111483874826144","0.00275608810197969","-0.00399202126953746","-0.00334262149669051","0.00757005886054518","0.00483092726966561","0.0620894227500539","0.00612379604699775","0.0057325285912988","0.0016080402788532","0.00187387387374869","0.00192105168781787","0.000106606446302524","0.000325804520844108","-0.00433373237257936","-0.0000165849352483515","0.00209828894165759","-0.0048693762780304","0.00807984459035067","0.000994420477661107","0.00251846680616351","0.00352282317055782","-0.00454830807761507","0.0219111744266751","0.0345150134961507","-0.0110652538313083","-0.0158645644218147","0.0807063638662902","0.0843063608281849","0.0324658012495771","0.115186409809117","0.0406841351399674","-0.0142410090148228","-0.197733835788842","0.185103199755832","-0.0416060008324637","0.0275361578086049","0.00928964253089504","-0.0143511921630904","0.0115151342228841","0.0118767478866424","0.00766159643848707","-0.0168654009394338","-0.0340999999999996","0.000954643995562776","0.0105892747936007","0.0103691019485304","-0.0299999999999994","-0.04","0.0134916497915452","0.0170351591839122","0.0230547225343223","0.0120668606524728","0.00190000000000001","-0.0275999999999996","-0.104900000000001","-0.114000000000001","-0.1214","0.032039772217054","0.0257206588053887","11.92000008","0.00692499149661163","0.00741133061631105","77.64035","0.265729999999991","-0.118099999999998","0.0279000000000025","0.0111798406076503","0.00255402869379759","0.0792907943676162","0","0.00218102594635994"
"94","2005-10-01","-0.00114200694155109","-0.00164789930178166","-0.00910689306246493","0.199999999999999","0.0198439931982728","-0.0118344576470024","0.0714589639821446","0.0784716154414955","-0.100000000000009","0","0","0.0137167031856835","0.0999999999999996","0.000107717994395351","0.0031104224143923","0.00268456537066841","0.00258064659349166","0.0109290705321907","0","0.00281294137661448","0.00501254182354405","0","-0.00329489589685306","0.0833816089390509","0.0198026272961798","-0.00667622889874409","-0.0274347709341942","-0.0208962827264125","-0.0225226430119596","0.00136147059832048","0.00581735206591372","0.00736651581676195","-0.00623054975063653","-0.02411962444158","0.0105402820354321","-0.0506716322691378","-0.0365662770590891","0","0.00380952841666815","0.0177782460212841","0.00274851295334955","0.00895974137147171","-0.0044742803949207","0","0.00120409406480437","-0.0246953928962554","0.00487213401096387","0.00303445999985819","0.00297729368179489","0.00183506756460958","0.00174480464510499","0.000795232807573677","0.00256940230697511","0.000902664819075041","0.00259649954597776","0.00155531532036878","-0.00414561887756808","0.00406387237629969","0.00278975220491533","0.00101573720259346","0.0031898082390485","0.00419724724746435","0.00639231944257723","0.00295430887143944","0.00745489765898633","0.00682994051444297","0.140258455509104","0.0118477210380536","0.2835067010413","-0.078610400581911","0.00931808493241348","0.00183287562767376","-0.228534399949086","-0.0377403279828474","-0.143855275966159","-0.00495050515985618","-0.0100406533685007","-0.0257174006939106","-0.0059113472630572","0.00874655957554804","-0.0246926125903715","-0.0719948523181984","0","0.00318777505380652","0.0276466812657166","0.0531516333870261","0.0299999999999994","0.0200000000000005","0.00319412531223051","0.00759618836567277","0.00889698848674669","0.00976402590204373","-0.00990000000000002","-0.1253","0.140400000000001","0.137300000000001","0.1049","-0.0300899889768251","-0.0306494342376666","15.31999969","-0.0179000340427695","-0.0245607164831019","-88.95498","0.121250000000003","-0.180499999999995","0.0679999999999978","0.00416805313330168","0.00135078331389206","0.0563160504664707","0.00356930777512066","0.00217627942259568"
"95","2005-11-01","0","-0.00261474035987597","-0.0220571019723632","0","0.0153928129011716","0.00790517950711322","0.0369272725922185","0.0186921330121521","-0.0999999999999943","0.000771281539215352","0","0.0141973207993926","0","0.000968940163011744","0","0","0.00514139950041859","0.00650056460309312","0","0","0.00249688019858763","0.00531916147760025","0.00493828164058296","0","0","0.0123634480193333","0.0287226011186226","0.00900906994236639","0.00818152574130249","0.00677968698537956","0.00808785460169847","0.0413356240579077","0.013656326447486","-0.0121251291185409","0.00522877008279909","0.0190268750546947","-0.0217585897301005","0.0106383982050557","0.00474159257258222","0.0228643602125453","0.00820050153632135","0.0128017504100404","0.0044742803949207","0.0119941467858196","0.0107720969819107","0.0227029220017823","0.00846947440560264","0.00745557211911674","0.00887655837671986","0.000517776371728338","0.00140026955897265","0.000580901205671998","-0.00000955024329126288","-0.00246242126195713","0.00161835842687043","0.00216301164902627","-0.00373944202675725","-0.00638003339090944","0.00205782466498516","-0.000176891591857709","0.00397474156118169","0.00461344623180683","0.00218059748315547","-0.00928615735201355","0.0146879350494782","0.0134694523482892","-0.128900563664694","-0.0794725482123386","-0.20090317250609","-0.108201221484908","0.0052631700442749","0.0364508769313368","-0.0603431299074684","-0.00481928643594909","-0.058268908123976","-0.017522350692202","-0.00250711511035195","-0.0130866543888508","0.00306195591864711","0.0136722703512344","-0.017095410762233","-0.0580229527226486","0","0.00163443524363061","-0.0444592815956248","0.0214483497822737","0.130000000000001","0.2","0.0131491377201343","0.00833340571302266","0.00282197391811323","0.0132195322080104","0.0315000000000003","0.1212","0.0297999999999998","-0.0353000000000003","-0.0812999999999997","0.0283622217727073","0.0769505085440052","12.06000042","0.034581213385394","0.00162034518006937","23.92879","-0.156210000000002","-0.128","0.116700000000009","-0.00497076830404774","0.000546235576986482","-0.0656574878433261","0.00827917206902029","0"
"96","2005-12-01","0.0018680601827743","0.00233982626879836","0.0297683213958537","0","-0.0164274741419481","0.0156253179030807","-0.0121582044798094","0.00615386557437869","0.0999999999999943","0.00130646719753713","0","0.00796024103838811","0","0.00214984496431825","0","0","0","0.00860220358266339","0.00700119545898303","0.0028050509276083","0.00497513464011323","-0.00265604405811626","0.00980400009662041","0.0769610411361286","0","0.0352868550897165","0.00769234562315635","0.0192455977152335","0.00811513121899043","0.0916178679171971","0.0227541102485125","-0.0204542480055521","0.0422513054908107","0.0289785998834979","0.115607703060475","0.0348619181662189","0.0110607002017078","0.00264200946283832","0.0489253084361421","0.0107067403944239","-0.00637234746225879","0.00779731046003196","0","0.00148920355146753","-0.00357782134788387","0.139084032818316","-0.00604239166145426","-0.00196138901822884","-0.00608644247811085","0.00259373442244353","0.00117127300462465","0.000843485651805275","0.000519149424264221","-0.00086982969721539","0.00122571557605424","0.000758880398330504","-0.00289829029736289","-0.00672176376117657","0.00109893732415125","0.00108841820803921","0.00265074180192918","0.0022758346112019","0.0257263863701933","0.0267666206537012","0.0269275243319846","0.0299999422697255","0.113133105411992","-0.0492727896614245","0.113511350391081","-0.177319622548368","0.00618460582148828","0.017817843316795","0.337838357052257","0.076692620788255","0.177309014970411","-0.0127066512691147","0.000552648321869853","-0.0105447407821866","0.000407553327200716","0.0077953754156459","0.00695345157220362","0.0289047776817624","0","-0.000370516300433721","0.0437584425068405","0.0955943064617824","0.0199999999999996","0","0.014084974425483","0.0119358593362602","0.0211349154584788","0.0114494644858976","0.0187999999999997","0.0922999999999998","-0.0769000000000002","-0.0942999999999996","-0.1141","0.0379317636863172","0.0544923916657734","12.06999969","-0.000952802764842886","0.00269465208474529","-33.97103","-0.130489999999995","-0.0200999999999993","0.149199999999993","-0.000233424166286226","0.00201119272475676","-0.0145073960385056","0.0117097356729081","0"
"97","2006-01-01","0.00186457703963683","0.00480011893345633","0.0131809053635967","0.100000000000001","0.0154086253528458","0.0491592359580837","0.0151747980192347","-0.0123458358222992","0","0.00280814546183095","0.0999999999999943","0.00592887112227913","0","0.000858645539499214","0","0","0.00256082086167364","-0.00214362354325193","-0.00232828975959087","0.00836824967051708","-0.00248447332766144","-0.00533334597536239","-0.00488998529419149","-0.037740327982847","0.0194180858571018","-0.0147061473896954","0.0202282497754709","0.0260506771999429","0.0346605092472148","-0.0636346962537271","-0.00450959050597532","-0.00450248396831565","-0.025135973271543","0.0390337055087988","-0.0924107866453214","0.0949207716997158","0.0425901688285633","-0.00264200946283832","-0.0651393021709614","0.0252379325898628","0.0163047090249435","0.00773698250215205","0.0022296553272696","-0.00597016698650332","0.0106952891167484","-0.191787508115518","-0.00121280503092436","0.0108687306040132","0.00290486512967902","0.00196924079041929","0.00219082336568014","0.00173674638865737","-0.000123559452487647","-0.00577389604676136","0.00419236244760928","0.00464926434376421","-0.00354830720538225","0.0125125628089459","0.00313178809796056","0.00158627609687457","0.0033434337919006","0.00573949940874983","0.0367261776294718","0.0476130678392863","0.0467038442801293","0.0598338141703874","-0.0297788753556105","0.116414330479142","0.0479200314192951","0.394854417258028","0.146567543939677","0.120127948796661","-0.286545062664706","-0.083965380117335","-0.105919018883737","-0.00598548174303826","-0.00503745857425208","0.00917775331159165","-0.00975883815341183","-0.0142530858857013","0.0122938372501403","0.102383877410984","0","0.00312160700828557","-0.0339458741065979","-0.0280433361505636","-0.0800000000000001","-0.12","-0.00403481297874642","0.00451329649587784","-0.00564691008656304","0.00670045393671792","-0.0352999999999994","-0.1552","-0.1012","-0.143400000000001","-0.2068","0.0282380145541827","0.0421169745420507","12.94999981","0.0251478956149267","0.0590403453923987","22.48451","0.0759000000000043","0.112199999999987","0.151499999999999","0.00550728496596969","0.00682789998601807","0.0507708859283788","0.0173114536712795","0.00108636621222047"
"98","2006-02-01","0.00206768286499859","0.00477718781993453","0.0238349723935167","0","0.00406918160672554","0.0326707822895482","0.0208651384639618","0.0184620628397356","0.100000000000009","0.00253392593821644","0.200000000000003","0.0112122221784432","0","-0.000429230610731857","-0.0031104224143923","-0.00268456537066841","0.00255427980509637","0.00641713432063362","0.0138891121606672","0.00277392688272471","0.00743497848751762","0.0159154553058993","-0.0198026272961798","-0.122602322092332","-0.0392207131532816","0.000925497520942287","0.0295952549107952","0.0874874541231154","-0.0186251802339221","0.0297756624887224","-0.0170944333592997","-0.0127158843253028","0.00965025583216228","-0.0515701791283556","0.00887767403201689","0.00679284513981582","-0.0571170770067573","-0.00264900817157709","-0.00096200103619104","0.0144332402446574","-0.00179856163591463","0.0038461585874785","-0.0022296553272696","-0.00450113288079201","-0.00473934536389642","0.0586826036412917","-0.00121427771322402","-0.00234705911963751","-0.00774016612481176","0.000777686216382438","0.00185675359017934","0.00150629264863403","0.0000436657261113889","-0.00329933317685261","0.000404288921400528","0.00203073355687809","-0.00373966322137841","-0.0012516388288908","0.00149737330821341","-0.000805661723376654","0.00182777637266788","0.00414617255645112","0.0481728213845258","0.0726612879140482","0.0364239243958213","0.0460343022514049","-0.0437650279667601","-0.102928555659432","-0.17430157233091","-0.38796970848053","0.136956024331226","0.112306899191092","0","-0.0601685214664522","-0.030248052755498","-0.0411436585985125","-0.00168143061400805","-0.0192370537147816","0.00376467811757131","0.00910306610048384","-0.011835804492791","-0.0451375321574812","0","-0.00105160692090323","-0.0411248050916093","-0.0492326845388522","0.00999999999999979","0.0899999999999999","0.0163900951988776","0.01585962844924","0.0183708722062814","0.00998918796379478","-0.0200000000000005","-0.0573999999999995","0.0607999999999995","0.0791000000000004","0.0667","0.00936678245124956","0.0296140737901336","12.34000015","0.000453054985814383","-0.00559648911726596","-23.32698","0.387159999999994","0.0586000000000126","0.169700000000006","0.00310391638719791","0.000495868731627606","0.021577707090473","0.0136365749495457","0.00108518730128715"
"99","2006-03-01","0.00127294325069016","-0.00218102594635994","-0.00134680155037881","0.0999999999999996","0.0230818074592252","-0.00357782134788387","0.0233246725664094","-0.0122700925918151","0","0.00186300330007683","0.0999999999999943","0.0129061804356105","0.1","0.000321940229211393","0","-0.00269179166571165","0.0151901654939754","-0.00427351077738169","-0.00230149698827908","0.00276625349289095","-0.00495050515985618","0.0078637364602141","-0.00501254182354405","-0.0444517625708336","0.0198026272961798","0.0119541653427184","0.019254505790137","0.0142952401868266","-0.000361598268268537","0.0151901654939746","0.0170944333592997","0.0145193113244533","0.01784699362506","-0.0217737995495604","0.0175223506922029","-0.0628635867770493","-0.0276608029949132","0.00264900817157709","-0.0145421854997743","0.0182560851158096","0.00896063343252962","0.00955117098434322","-0.00223463780141575","0.00300300525977004","0.0118065125869888","-0.0169177046133226","0.00967351741614042","0.00771840423884029","0.00106527658888034","0.00123570850728161","0.00141436161295653","0.000212950169639473","-0.00101251110605772","-0.00344347811790992","-0.00011584621400948","0.00430839125856049","-0.00380944912757812","0.00141991147780915","0.00221396331136751","-0.00159798006452395","0.00586639903462848","0.00525090767203374","0.0648733649305822","0.105371939268146","0.0285781818115503","0.0374415229063256","0.17185025692666","0.117008788275459","0.375219541600607","0.193314844155326","0.1512038149112","0.0576096163021447","0.0616935690053397","0.196433400986636","0.028384119317435","0.112306843348119","-0.0052904640291187","0.00521571855214198","-0.00940392007528112","-0.00694308846099645","-0.00200544401835068","0.0302632075438778","0","-0.00307264778774119","0.0133355930759702","0.029812470861458","0.0500000000000007","0.00999999999999979","0.00776096141536264","0.00723499359470559","0.0243971139765176","0.0123597170375547","0.00539999999999985","0.114699999999999","0.1592","0.1634","0.1556","0.0305948643431853","0.0416670812724114","11.39000034","0.0110347035592575","0.0281708498904494","19.19579","0.427589999999995","-0.0549000000000035","0.168400000000005","0.0010917312337861","0.000948194138079444","-0.0185931413202403","0.00786963027141852","0.00108401094625865"
"100","2006-04-01","-0.000756689862067006","-0.00122892075273917","-0.00405132221917892","0.100000000000001","0.00593473551981472","0.0557635745184548","0.0227930095285567","0.0540672212702766","-0.100000000000009","0.000531649788232613","-0.0999999999999943","0.01020633992702","0","-0.000966131791106939","0","0.00269179166571165","-0.00756624038331566","0.0106497279166575","0.00459770924862912","0.00275862243907898","0.00247831601446791","-0.00523561405394446","0","0","0","-0.000914494805387633","0.00594178812875068","0.0153652190640559","-0.021938722675853","0.0124845566622458","-0.0033955890011379","0.00718135940866471","0.00470589103741315","-0.022258470600943","0.00987662349591201","0","-0.0219109165093387","-0.00397614837963989","0","-0.00503779402995708","-0.00806094826163228","-0.00571974867278691","-0.00560853965960995","-0.00450789643918981","-0.00470589103741315","-0.0216097107164668","-0.00240964839516788","-0.00271767102913145","0.0102333009106097","0.00293633284960048","0.00254643692000282","0.000462546784534469","0.00234572696920695","-0.00333043480658344","0.00532319790885412","0.00366552872165613","-0.00377698219048422","0.00274439577171104","0.00411442211855069","-0.000669689719699189","0.00846502994296154","0.00462965694485803","-0.0171211183231481","-0.0198062257193516","-0.00249194400807973","-0.00144562504641499","-0.0922124895299667","-0.256913623516935","-0.220144048982012","-0.140421915057389","-0.00982290806084407","0.0418785385877474","-0.0481493438975829","-0.364897923119164","-0.065534041379073","-0.117683200384499","0.000112031580801641","0.00237529802890746","-0.00678156359985366","0.011171985919745","0.0142371425298293","0.124100987817447","0","0.000976549828116902","-0.0324990533479177","-0.0601885133014726","0.109999999999999","0.0499999999999998","0.017739653515715","0.0109607266417253","0.00312558591026324","0.0113346288462211","0.0429000000000004","-0.0473999999999997","0.1568","0.199999999999999","0.2065","0.00859172356057236","0.00287905211794026","11.59000015","0.0120823660914837","0.062024245523685","9.21363000000001","0.409770000000009","0.0386999999999915","0.1614","0.0044771068321997","0.00211171692140533","0.000962997525837207","0.0254297837976312","0.00324500014332685"
"101","2006-05-01","0.0014784509904775","0.00558622612169479","-0.0108844611984233","0.0999999999999996","0.00883658180049718","0.0168071183163807","0.0167601688574646","-0.0117648415795868","0","0.00182539338119092","0.0999999999999943","0.00569561712690358","0","-0.000644606812178594","-0.00312012733624378","-0.00269179166571165","0.00505051578606874","0.0126317469059014","0.00457666702741211","0.005494519317641","0.0220327149998827","0.00523561405394446","0.0116570845422128","0","0","0.0100137386605024","0.0337830612436454","0.03003980569801","-0.0258392956581845","0.0232996438280519","0.0101523714640184","0.0247362435596408","0.0209066848193133","-0.0420285098485955","0.0218720748186678","0.111008797683235","-0.0573883993518756","0.00397614837963989","0.0068126784175071","0.0140423571230395","0.00716848947861237","0.00951481964133816","0","0.00450789643918981","0.0070505579966671","0.0373082068090795","0.0060133239538791","0.0114220079359111","0.00664523844817388","0.00338192136343544","0.00307476470837413","0.00192438525539979","0.00643546663224903","-0.00198712031339203","0.00132086817355346","0.000216230433733539","-0.00291162507471466","0.00077100073681226","0.00467774064138538","0.00471925107784188","0.00459923552754998","0.0058760728023249","0.00304373510341804","0.00468188915123235","0.0170039307866112","0.0235682181978696","-0.0218034124657613","0.17586415989666","-0.0355668309947426","0.255583442370323","-0.00481803807302228","0.0105231549841101","0.0438666821055813","0.221307003506908","0.0313751225677539","0.0860375576685053","0.028721346780439","0.0259552085973185","0.0161854836751348","0.00944869822388572","0.0559136473558112","-0.00685521107905274","0","0.00200233672774175","0.0195972178082879","0.042794232131401","0.27","0.23","-0.00635162091276342","0.00302427122150917","-0.00263159898281629","0.00573578431564137","0.0728999999999997","0.0164999999999997","0.193000000000001","0.1311","0.0785999999999998","-0.052559924677106","-0.0605600898835696","16.44000053","-0.0314049289105967","-0.0269329582538087","-6.59843000000001","0.135999999999996","-0.0369999999999919","0.147299999999987","0.00436904400961724","0.00237772680261141","-0.00654207589857445","0.025863510589919","-0.00216216300449545"
"102","2006-06-01","0.00116746227592301","0.00149344946636631","-0.0158569334223557","0","-0.00195694778696076","0.0132452267500209","0.0327004613109354","0.0291565842914556","0.100000000000009","0.00178896850759713","0.100000000000009","0.0051403207860945","0","0.00139612330039096","0","0","0.0100251466193786","0.0104059211611158","-0.00228571528085642","0.00273597981887441","-0.0146344075184386","0.0103897038491363","0.00495459312468327","0","-0.0198026272961798","0.00542006746933854","0.00571103779551407","0.0243617407400354","-0.0118299414349305","0.016827320132526","-0.00901922686684919","0.000872219854685774","0.00458716400690573","-0.0265051193799977","0.0143200537747488","0.00917437627604123","-0.03396817804928","0.00132187725791599","-0.018600634169549","-0.0252156577211649","0.00178412179350218","-0.0114286958236223","0.00112422721228089","0.00448766646938736","0.00350672480920977","-0.0278761648619419","0.00478460524658431","0.00677745111983441","-0.00282343944911823","0.00324489417997662","0.00257288731437648","0.00237754046190229","0.00448123931276362","-0.000606813172204916","0.0029106411001493","0.00299894738341129","-0.0034814155538181","-0.00160453078640569","0.00426106241287814","0.00361376918221791","0.00578748557771751","0.00291359976870397","-0.0377056473051827","-0.0703133877992084","-0.0652212289182739","-0.0829209627699736","0.0353803294201747","0.0380338244853284","0.0564237890245032","-0.0122545374683449","-0.114892017184742","-0.152714929401153","0.139948526945156","-0.00491401480242892","0.074383720121828","-0.0233538553748192","-0.00248792208597592","-0.011187369991621","-0.00527452673326995","0.0115859752610605","-0.0147592229395845","-0.0176381614691037","0","-0.0031408666849071","0.0248311296461026","0.0259623843340329","-0.0200000000000005","0","0.00435248466910387","0.0144888457315986","0.014582286551251","0.0194394054035545","0.0318000000000005","0.0619000000000005","0.0236000000000001","0.0157000000000007","0.0414000000000003","0.0172425316750786","0.0133008384069218","13.07999992","0.0000865924785458105","0.00810880100179512","7.40638","0.121600000000001","-0.0486000000000075","0.140900000000002","0.00332669943689206","0.000033978544950838","-0.00966386531403468","0.00212539931231337","0"
"103","2006-07-01","0.00287848872592278","0.00419685175681295","0.0206334692865093","0","0.00195694778696076","-0.00991743665734646","-0.0162165715892453","-0.0531098253139488","0.0999999999999943","0.00224823211804548","0.0999999999999943","0.00104580641198826","0","0.00267938641621335","0","0","0","0.00824746943001742","-0.00458716400690573","0","0.00490197060020758","0","0.0049301661078589","0.0870113769896297","0","-0.00995933990275777","0","-0.0231294546937706","-0.0127488688299575","-0.00119260598512394","-0.014831988955331","0.0232668832586711","-0.00573725039014317","-0.0121255599633221","0.00708385488840513","-0.0268410375248118","-0.0140908154558046","-0.00529802563755588","-0.00893306188547527","-0.004094171532663","-0.00357143236759772","-0.00480077734335715","-0.00112422721228089","-0.00598804184462232","-0.0023364496610192","0.00205500305151141","-0.00358633358453098","0.000400213541249528","-0.00790671859407333","0.00351995091773766","0.00246859606109282","0.00176681771488548","0.00208313495554309","0.00355103767634875","-0.00139965006443402","0.00336014789677472","-0.00358741331749213","0.00904340545553971","0.00452746557108422","0.00314051338822463","0.0050268252816408","0.00390724637887694","-0.114204393753459","-0.208173575838778","-0.0786661369192743","-0.103364767254819","-0.0338292200662202","-0.0277491949229187","-0.0421582118656811","0.0477368075108391","-0.365216504089533","-0.229210568558575","-0.00749067172915741","-0.210295408836361","0.0089206657583798","-0.0662840662188637","-0.000204381706366163","0.0138326833202749","-0.0013745706631666","0.0102098513629736","0.0010305085657718","0.0718863864051977","0","-0.000444273711270426","-0.00992887266122189","-0.00700325078268449","-0.0300000000000002","0.00999999999999979","0.0104145324046883","0.00982724124746071","0.00878958973499522","0.00832424965546963","-0.00180000000000025","-0.0253000000000005","0.00119999999999987","-0.00850000000000062","-0.0144000000000002","0.0122911161238735","-0.00714663971647944","14.94999981","0.00507298940055367","0.0257928084963646","-7.84715","0.155100000000004","-0.0746999999999929","0.1511","0.00334252773600504","0.00171636208724272","0.0145537079009257","0.0230860200341825","0"
"104","2006-08-01","-0.00140394153900836","0.00256358502403309","-0.00204429372728043","0","-0.0078508744757384","-0.0441497846129293","0.0607848910691215","0.0925515573652458","-0.200000000000003","-0.00178494742131896","-0.200000000000003","-0.00555527868594119","0","-0.00267938641621335","0","0","0","-0.00617921636595753","0.0091533819864873","0.00272851465320478","-0.00244798163864068","0","0.00163800200423836","0","0","0.00725297830501503","-0.00456621797958157","0.00368777307918489","0.0173448171726358","-0.00358637563122688","0.0204785313435405","0.00509771707166884","0.00459243057421066","0.0244460443513628","-0.00708385488840513","0.0259273782561369","0.0262947415762351","0.00265252144913131","0.014844409148532","0.00102511541524564","-0.00179051077378833","0.00192307751574194","0","0.00449438958783954","-0.0023419214450815","-0.0201194085607259","-0.00119827166205333","0.00297215111870663","0.015155673221642","0.00201905093011455","0.00254471310998794","0.00240703639607476","0.00364150890174823","0.00118704290577445","0.00553409852477311","0.00067865772826709","-0.00258142790478875","0.000343857263418634","0.00281892813403751","0.00360599097671532","0.00162276253417635","0.00444341407817731","0.0185265375557133","0.017903378880197","0.0180589703084184","0.0225697162290484","-0.0931735922662362","0.0265874654751919","-0.374229997747953","0.037394969670169","-0.00369997058491833","0.0305305573545649","0.079464171354247","0.23702847103343","0.0228280325562009","0.0688125125722232","0.019426767968417","0.0181351503843303","0.0167096811990672","0.0282220468650296","0.0265855030621529","-0.00599048762174359","0.2273","0.000663724354042827","0.0217512494626444","0.00675849922539129","0.0900000000000007","0.0899999999999999","0.00880849142240159","0.00832759791051885","0.00912036249222226","0.00908702076824852","0.2098","0.2567","0.0500999999999996","-0.0024999999999995","-0.0371999999999995","0.00107454894127734","0.0259130582704525","12.31000042","0.021051056539239","0.0215258741662683","-23.13774","-0.0478999999999985","0.00390000000000157","0.178300000000007","0.000354571780879174","0.00105846447142436","0.00572080012997747","0.00620477688688315","-0.00108283713883139"
"105","2006-09-01","0.000205578017581587","0.00791897299838951","0.00882858026420319","0","-0.00493828164058296","0.0172121288811216","-0.00514139950041859","0.00550965581096907","0","0.000363858892923119","0","0.007017572658647","0","0.000214615302894572","0","0.00269179166571165","0.00249066131245179","0.00206398422085119","0.00454546237167452","0.00543479598595642","0.00244798163864068","0.00258064659349166","0.0113914982860948","0.0408219945202548","0","0.00180505464173031","-0.00458716400690573","-0.0160795053743481","-0.00267840221340609","0.0224994689377143","-0.0170361871525673","0.0284062541597327","0.00228833051801214","-0.00716848947861237","0.0360713917616575","-0.0448673383570579","-0.00963726279779564","0.00396563639334691","0.00392157365318191","0.0162605208717803","-0.00539084863487638","0.00383509578394214","0","0.0044742803949207","0","0.044202760456491","-0.00360367555871122","-0.00560004596908392","-0.0123084932668931","0.00070982191901865","0.00169850586398452","0.00272437693428185","-0.0032828186787071","0.00334754176969898","0.00365212473212942","0.00513851688891149","-0.00271887740969383","-0.00786269461151744","0.00264952851344408","-0.00316521929024746","0.00585023617082451","0.0133308514390739","-0.0159252509763768","-0.0266636710493167","-0.0304477358016015","-0.0431825553341341","0.0238706913240048","-0.0225030486329665","0.329031110926524","-0.201321694769043","-0.081862672268489","-0.0868739850499818","-0.00696866931609375","-0.0267330621970689","0.0051948168771041","-0.0076045993852194","0.000565243568378726","-0.00771838952607473","0.00175699464039508","0.00571986819861436","-0.00513350866710449","-0.167116157524311","0.0227000000000004","-0.000663724354042827","0.00225630344992744","0.039659535428866","-0.0100000000000007","0","0.00277793931159209","0.0149208808651089","0.0190954523976945","0.0167861537944134","0.0820000000000007","-0.0133999999999999","-0.0653999999999995","-0.1013","-0.1227","0.0141733259611652","0.0403769113049766","11.97999954","0.0242693996459753","-0.00818932278081475","17.96308","0.00560000000000116","0.107299999999995","0.212199999999996","-0.00430692570672897","0.00129165996960206","-0.0828517961190922","0.0102565001671895","0"
"106","2006-10-01","0.000513760222284887","-0.0028114350133599","0.0107600231139866","-0.0999999999999996","-0.00995033085316788","-0.03472571137383","0.00770222036209223","0.0109290705321907","-0.0999999999999943","-0.000297692882378797","-0.0999999999999943","0.000417405828871509","0","0.000643569688629775","0","-0.00269179166571165","0.00743497848751762","0.00616651491566422","0.00452489459828964","0.00809721023261911","0.00487805845343203","0.00770222036209223","0.0032310205814472","-0.0408219945202548","0","-0.0136180043684409","-0.00923794098493591","0.00869030919197744","-0.0311309185951734","-0.0177204873213634","0","-0.0191274022641439","-0.0103389777951799","-0.0207691785318032","-0.0266373595282987","-0.0469753683134044","-0.0245074972843664","-0.00529101763441542","-0.0287861067184769","-0.0131914647543629","0.00807541400554612","-0.00479617226349305","-0.00677203490994405","-0.0044742803949207","0.00933495693605124","-0.0296849472174605","0.0107720807810834","0.00388334251540456","0.0125617319414761","0.00182749873884377","0.00178848329142988","0.00202668658019173","-0.000915967367528951","-0.00581399704285736","-0.00109205666137787","0.00500604648278769","-0.00288644833217994","-0.00728383172852906","0.00350406973171441","-0.00258604588922483","0.00744706288552641","0.00504832996407818","-0.00698439624881786","-0.00121796336807556","0.000458759446065216","-0.00113281622293648","0.0880352159212965","-0.0616441631112075","0.0542232007436931","-0.0519470042139627","-0.0466027439269272","0.00216684808509093","0.207639364778244","0.129211731480006","0.112588218779279","0.0774949355947374","0.000723356873971959","0.00601883288999316","0.0039083607702507","0.00817504400057789","-0.0048933665006401","-0.069327244454283","0","0.0000313669726708099","0.0370861623898264","0.0232221734728881","-0.0299999999999994","-0.109999999999999","0.0139905769057265","0.0151487337927474","0.0117823347813406","0.00689797631681266","0.1068","0.0362999999999998","0.0922999999999998","0.0632999999999999","0.0255000000000001","0.0290866378452499","0.0368641471800917","11.10000038","0.0310218120657755","0.0451070102981421","-5.60791","-0.0153000000000105","0.151399999999995","0.228800000000007","-0.00329574774454375","-0.00109213175933483","-0.061956868988419","0.0111619626653701","0"
"107","2006-11-01","0.000342360234780514","0.000938023519365672","0.0113070709146914","0.0999999999999996","0.0178399181283311","0.00704228262541307","0.0152287207018249","0.0268112574506567","0","0.00128936293587856","0","-0.0097500379240909","0","0.00321165033580328","0.00312012733624378","0.00269179166571165","0.00492611833605583","-0.0041067819526539","0.00225479238708903","0","0.00243013485329246","0.00510205188389534","0","0","0.0198026272961798","0.0081930362715763","0.0161108202726981","0.0376029747788671","0.00904983551991823","0.00830865313901707","0.00684934184557484","0.0166531741977929","0.00919546709310026","-0.00490884576188044","-0.00117439825594179","0.0227845418532011","-0.00438789646541959","0.00529101763441542","-0.00707430944253762","0.00407747761665611","-0.00178890924272501","-0.00096200103619104","0","0.00744605078407812","0.00232018665569722","0.0112402698718723","0.00237813098452655","0.00302506822831816","0.00266987253197115","0.0029064128993431","0.00245173674332232","0.00285362451783482","0.00341257819655587","0.00117156780788965","0.00164690689539124","0.00352740103803521","-0.00314148223302587","0.00526202398167005","0.00412529438948872","0.00293537723413401","0.00587872039178867","0.00594007155898118","0.0117616447862439","0.0279493575651895","0.0230472826669654","0.0281730735885102","-0.0457524947619188","0.130863458237753","-0.0518549343910815","0.154006950039012","0.0300079130237076","-0.0127212659173779","0.115254589303025","0.0214140945038164","0.089964830179853","-0.00788026142530551","0.00269339843839145","0.0264381874957139","-0.00235666540071994","0.00734458573845131","0.0192222214664161","0.0162995802112915","0.1818","-0.00199375774128896","0.0160513270673892","-0.0010309524533838","0.12","0.21","0.00566308054359688","0.00828532654925596","0.00447735352258505","0.00428922745788718","0.0935999999999995","0.1713","-0.0308999999999999","-0.0702999999999996","-0.0715000000000003","-0.00658750585902723","0.0286723763895047","10.90999985","0.0163325515097217","0.0279888940120423","2.6233","0.2453","-0.0795999999999992","0.22829999999999","-0.000466538735983849","0.00296453913077106","-0.0205982691284931","0.00302267232658604","0.00108283713883139"
"108","2006-12-01","-0.000410846349247151","-0.00227958529825223","0.0111806491895843","0","0.00782782862024689","-0.0320883145515012","0.00752826642079096","-0.0213911899813182","-0.100000000000009","-0.000165210064972499","-0.0999999999999943","-0.00984603793535221","0","0.00277511118433349","0.0031104224143923","0.00268456537066841","0.0122101639069321","0.0163268932874292","-0.00225479238708903","0.00268456537066974","0.00725517088117122","0.0176549352387205","-0.00161420535454138","-0.0425596144187961","0.0384662808277962","-0.00272356046704036","-0.00802296567099958","0.00593473551981472","-0.0403651201853821","0.0175751448215067","0.00340715832161376","0.0514997140394344","0.00797725028064455","-0.0627358119038952","0.0220810830752551","-0.042006175634155","-0.0701243066444235","0.0118034157248843","0.0170944333593006","-0.00714653373407348","0.00446628701344132","0.00192307751574194","0.0056465423882095","0.0161887273499186","0.00692843418196443","0.00230900403566991","0.0082792559261895","0.0112836271370167","0.0128315907011949","0.00369216425463157","0.00260157671565465","0.00191523631331195","0.006426150370833","0.00562758456216339","0.00173215582116906","0.00175303824324926","-0.0037883541592305","0.00686462473326767","0.00578987491224569","0.00699411120668021","0.00269856208015851","0.0120315041020481","-0.00662074588191075","-0.0142891240550451","0.00686750696054261","0.00895494101725269","0.00698193886711707","-0.145786392129725","-0.0398122541347421","-0.282663781040051","0.0104499956832491","0.0530236449413994","-0.358484899183972","-0.0477314028211895","-0.161938329804942","0.140037083386662","0.00969516439694385","0.0408017467426781","0.00175119597524676","0.0258100145729063","0.0265292189163453","0.0612250901998026","0.0682","-0.0000523831724414947","-0.0455840367456446","-0.0389782644455448","0.00999999999999979","-0.0499999999999998","0.023553699347918","0.0185155474232985","0.0163117107352679","0.0104172027724729","0.0645000000000007","0.0875999999999992","0.069","0.0743","0.0778999999999996","0.0320372767686816","0.04612810465993","11.56000042","0.0125368668954273","-0.00596251309663254","1.07289","0.14970000000001","-0.2059","0.221500000000006","0.00371506565419421","0.000778984069445158","0.047080074052981","-0.0121458983021085","0"
"109","2007-01-01","-0.000925021906752477","-0.00295778650698075","-0.0045886675074307","0","0.0145140428842545","-0.0256894861153105","-0.00501254182354405","-0.027398974188114","-0.0999999999999943","-0.000793388471368672","-0.100000000000009","-0.015331310746789","-0.1","-0.000959744141917795","0","0","0.00725517088117122","-0.0101730277130505","0.0134531176971189","0","0.00480770156810362","-0.00501254182354405","0.0160259840158448","0.0425596144187961","0.0370412716803492","-0.000909504382840431","0.0137145006707877","-0.00951255686769858","0.0129661459972672","-0.0258837979605238","0.0033955890011379","-0.0254183660818157","-0.00683373957856492","0.0331277993127017","-0.0327131974063022","-0.166311487395215","0.042782335945752","0","-0.00901358130536156","-0.003078504227088","-0.0116540987322749","-0.00771459949533071","0.00112549252173455","0.00145878946366018","-0.00924862083766165","0.0199787845335155","-0.0118485217935733","-0.0127923425170415","-0.0230362999822269","-0.000301907574039585","0.000991767427668032","-0.0000303901673345819","-0.00343769930753065","-0.00734100790731998","-0.00227030984442128","0.00243631729130126","-0.00302186268785875","0.00120732611646021","0.000825911453221434","-0.00457353823581733","0.00425112175193254","0.00900223284551572","0.000427217654470624","-0.0089358699795401","-0.0101035438657409","-0.0118293174348665","-0.0146546107787788","0.0907325952535469","0.0267168288979969","0.190109610214702","-0.0287440468483755","-0.0210091760893434","0.317135339365277","-0.209350229181874","0.131871641206158","-0.214753809439989","0.00992812852011227","0.0176034672240373","0.0146300080940454","0.0251080261058148","-0.00234574304400581","-0.151645948842052","0.1705","0.000570828581016869","0.00371219918985588","-0.0212447543248118","0.12","0.17","-0.0140298932591847","0.000855923427820926","0.00222374232894929","0.00552866271663888","0.2039","0.1387","0.2757","0.249899999999999","0.178","-0.00297822288110616","-0.00695753354384543","10.42000008","0.0139611310231826","0.0068114291261443","-12.57918","0.178699999999992","-0.241199999999992","0.204700000000003","0.00156752985185974","0.00546440714829842","-0.00891755395145673","0","0"
"110","2007-02-01","0.000651030535767205","0.0014799868157187","0.00785344350556993","0","-0.00771459949533071","0.0293061265854995","-0.0126423934151765","-0.00557104504945549","0","0.000595100358092182","0","-0.0153505817607495","0","-0.000213401622661813","-0.0031104224143923","0","0.00959239969143955","0.0162275366217566","0.00222469502211098","0.0080107237460787","-0.00480770156810362","0.0248151691197238","0.0204570469895202","0.0408219945202548","0.0357180826020791","-0.0100595269877335","-0.0183281190043001","-0.00119545740477367","0.00841857046559547","-0.0131975520819472","-0.0193959303475788","0.0151699515904475","-0.0172914971100617","0.0246749511426616","-0.0167668598570678","-0.150738734720999","0.0296845779193262","0.00908507222247135","0","0.00102722145653011","0.00808266636467714","0.00482859460619522","0.00672648276095078","0.0115943327809189","0.0103987072208991","-0.0224589511074633","0.0130256350239097","0.0121623206340669","0.0222062761403574","0.00178298448304387","0.00186041888964419","0.00218706184209844","-0.000370031300043385","-0.00185049545455353","0.00936503928039106","0.00435827691598406","-0.00361086628954271","0.00378436499716484","0.00446690123595107","-0.0000990557417473829","0.00281943116072336","0.0122548414620136","0.00433949420786561","-0.00576951412741344","0.02056499039419","0.0280787774949172","-0.00708537585762592","-0.0469666436012268","0.0542248828342897","-0.237556283679389","0.0143819746407985","0.0656525500583882","-0.0939917880510661","0.189147521864355","-0.03550668845691","0.0474495997129871","-0.00519916322841407","-0.00465531959546361","-0.00732165145055991","-0.0000470504756320267","-0.00030637255141619","0.0697873893557404","0.0795000000000003","-0.000969030390761461","0.00255121669902358","0.00312994567776137","0.12","0.14","0.00950962949445078","0.0137616151213162","0.0120623986614774","0.0088285991824435","0.0718999999999994","0.0952000000000002","0.0202","0.0266000000000002","0.0466000000000006","-0.00423083467377694","-0.00156870184815894","15.42000008","-0.02208833709589","-0.0149607572385473","-3.82095","0.407399999999996","-0.0185000000000031","0.19489999999999","0.00452719597330851","0.00169403163768552","-0.00112487643424003","0.00101781179270066","0.00324149392417095"
"111","2007-03-01","0.00130079092726376","-0.000403415590760403","-0.0131235479298075","0","-0.0205386192722274","0.00360360750329836","0.0226424767497599","-0.0112360732669261","0","0.00079291665314507","0","-0.0162587223607673","-0.0999999999999996","-0.00074726451302265","0","-0.00268456537066841","-0.00718565966087414","-0.00201409937170105","0.00664454271866877","0.00265604405811626","0.00480770156810362","-0.0223057575142978","0.00775799081093975","-0.0408219945202548","-0.0176995770994006","-0.00183992692200796","0.00115540163055528","0.031786077998726","-0.00600602406021178","-0.0036297680505788","0.00574384117925231","0.0141623138125038","0","0","-0.0158250411443968","-0.144612396508908","0.00116924889088477","0.00386847677792002","0.0529016582244131","-0.00721280818924086","0.00178731057409554","0.00576370471675069","0.00111669470007492","0.00431345025371943","0.00801378072355341","0.0365554008650024","0.00469486102317784","0.0154121495026054","0.0140862975886424","0.00361758836587533","0.00236509937440678","0.0026304027682595","0.00369019942644039","0.00528379602140519","0.00239609342122967","0.00192272000010305","-0.00285285395941842","-0.000371099598605085","0.00515266667947898","0.00531586483732926","0.0023464335867617","0.00675682116504837","0.0365360838263857","0.0523210347558507","0.0331432296058622","0.0425148407781766","0.0726062448854652","0.124274924187246","0.0727693110204024","0.237556283679389","0.0359309112594417","-0.00502293262560549","-0.0941514311231071","0.222689933706069","-0.0121213605323449","0.125880245889003","-0.0144280068485836","-0.00810040114659827","-0.0179298413375785","-0.0324081985185964","-0.00563352918770599","0.075112629631449","0","0.000633904479775182","-0.0543577432865501","-0.0388242797052332","0","0.0899999999999999","0.0101253648675286","0.0154125027435477","0.0129294281280039","0.0152127527352413","-0.0161999999999995","-0.0150999999999994","-0.0862999999999996","-0.0766","-0.0402000000000005","0.026208416111821","0.0532704612274983","14.64000034","0.00993051174274218","0.035952292354291","12.59859","0.16040000000001","0.123099999999994","0.167500000000004","0.00571029956149614","0.00447818568254559","0.0200801290201606","0.0141416498146718","0.00215517324798409"
"112","2007-04-01","0.00280121796945743","-0.00215430270472794","-0.000660720209038068","-0.0999999999999996","-0.0129290711988572","-0.0255022928109359","-0.00749067172915741","0.0223472986919973","0.200000000000003","0.00207841983006851","0.100000000000009","-0.0209585136303332","0","0.00373075100950082","0","0","-0.00966191091173663","-0.00404040953700502","-0.00664454271866877","0.00264900817157709","0","0","0.00616334770766791","-0.0425596144187961","0","-0.0101805599321176","0.00460830308619453","-0.0377848962279792","-0.0219253606289653","-0.0097442914746777","-0.0138410514118723","-0.00312989300892763","-0.00583092031079246","-0.0178194308779345","0","0.131909332252655","-0.0221542069208196","0.00513479947203876","-0.0619972237088984","-0.0072652109914122","0.00445435034938058","-0.0086580627431152","-0.0044742803949207","0.0128298267327178","0.00568506363460841","-0.0402142394360423","0.00467292226247462","0.00697778857624698","0.00265360433511397","0.000433794108916918","0.000785811078342359","0.000315994435627246","-0.000031517692698215","-0.00925834230543711","0.00305636380162233","0.000770852000864163","-0.0023932236974154","0.00405143896853142","0.00178851687567191","0.00100000150740051","-0.000308532205958883","0.00490632470859766","0.00592767760343449","0.00158656739831997","-0.0418997722707655","-0.058434171449905","0.0612079131870029","-0.0265425868421527","0.0311713549029395","-0.198151009089696","0.0541477741473599","-0.0417016075472638","0.161403658132274","-0.0734101841134072","0.0388688688993737","-0.0372441731723709","0.00636924519573512","-0.00852121096828129","0.000679902120289899","0.0357492079188599","0.0222457116641754","0.0840389271046993","0","0.000623035038385567","-0.0312753410334103","-0.0474007974865689","0.17","0.0700000000000003","0.00803608107464271","0.0120221093388917","0.0110601795884495","0.011628974072277","0.1007","-0.0117000000000003","0.2029","0.2245","0.2155","0.0218090307149463","0.0203320978174713","14.22000027","0.0423798434216147","0.031891528710783","-5.95114","0.0246999999999957","0.236700000000013","0.121400000000008","0.00141560909974347","0.00442975899263512","0.0140023045474802","0.0218262632608868","-0.0130012665573735"
"113","2007-05-01","0.000272869910965312","0.00013477997189959","-0.00397351516186006","0","0","-0.0299647887019363","-0.00754720563538314","-0.0337110573423116","0","-0.00023072232670529","-0.100000000000009","-0.00846202876722479","-0.1","0.0013821702269512","0.0031104224143923","0.00268456537066841","0.00966191091173663","0.00605450890870607","0.00221975673831309","0.00790517950711322","0.0283706971292155","0.00749067172915741","0.0122138922939383","0","-0.0363676441708751","0.0220800138418591","-0.00807852056520186","-0.00361664047018895","0.0402306867273285","0.0431204526316762","0.0103987072208991","0.00625002034517141","0.0185405079157421","0.0297577749148754","0.0583846555631933","-0.00284495213223135","0.035791441331539","0.00255754615111758","0.03980625040042","0","-0.00892863074430128","0.000965717119958853","-0.00112170510919984","0.00424028903888551","-0.00911168035125609","-0.00222706167723796","-0.0070175975615907","-0.00850615283477119","-0.00872887452409188","0.000966923859302819","0.00106648852598564","0.00185401616153642","-0.000483774564787485","-0.00176034633452311","0.000348110460203621","0.00385960478478422","-0.00364533921640255","0.0119210957668309","0.00285655349788621","0.00198388486768737","0.00132491362003821","0.00691902354505564","-0.00103805596286399","-0.007492161682773","0.00209009684981432","0.000482300838145377","-0.0849316535363798","-0.118658797027591","-0.0960265488673508","0.0120379785594791","-0.0928824255612319","-0.00141767108761925","0.0450407254243039","0.114304771280059","0.0693838019063158","0.0293276150945196","-0.00344142754987509","-0.0377727308148573","-0.00244981408674827","0.0123196187464885","-0.00367342217077204","-0.00415739277344063","0.1786","-0.0000471067307739048","0.0774649059504267","0.0460724626907574","-0.0800000000000001","0.0800000000000001","0.019843352845081","0.0145710778577843","0.020268283843043","0.0134678472520253","0.1165","0.1863","0.1325","0.101900000000001","0.0812999999999997","0.0244628575392412","0.015116381100075","13.05000019","0.0320307238543878","0.021103661354926","-10.17203","0.157200000000003","0.276999999999987","0.0570999999999913","0.00430367852538152","0.00113531174750803","0.00525123752000976","0.0136454358969136","0"
"114","2007-06-01","0.00102259953690798","0.00148138199604375","-0.00398936699303398","-0.100000000000001","-0.0110720809006857","-0.00380952841666815","-0.0050633019565467","0.0225998319172405","-0.100000000000009","0.000263678313986659","0","-0.0102730747070385","0","0","-0.0031104224143923","0","0.00479617226349305","0.0218914214818531","0.00442478598035567","0.00523561405394446","-0.0212022076506031","0.00496278934212935","0.0165541778825045","0.196710294246054","0.0540672212702757","-0.0137427724040302","0.0126656845721076","0.0131975520819472","-0.0312400254311358","-0.0345890175822072","0.00801378072355341","0.0162228355068876","-0.0080692080484468","-0.0593165771564195","-0.0498323737478756","-0.158671805910362","-0.0673474577056012","0.00636539386707557","0.0183668768700755","0.00829880281469553","-0.000897263406989701","0.00481464579554114","-0.00224719195690515","0.00842701616188002","0.00114351070207963","0.0237666432478054","0.00117297094405888","0.00667399010509939","0.0120809509429325","0.00311238199368633","0.00174576831862182","0.00217112217786199","0.00323490682813941","0.00189966745789664","-0.000832194819410044","0.00277669599466587","-0.00313979778180141","0.00408759248093626","0.00487018293236885","0.00672555647884511","0.00191905527379082","0.0112874860470037","0.00733592239854097","0.00990025138495021","0.0310532550570155","0.040752963612654","-0.00679434361713938","0.0320958602691181","0.0758760349786902","-0.0514432531491718","0.0628407775573461","0.0589001065009818","-0.0051948168771041","0.113515327918052","-0.00962206736406213","0.0684146696784174","0.00604332748984859","-0.0261718107753806","0.00868331892449281","0.0166741224440825","0.00141057957897806","0.0555618085612348","0.0713999999999997","-0.000513083643888024","-0.0340209361708901","-0.00104993316321789","0.279999999999999","0.28","0.0136775116626691","0.0121102445503301","0.00882602619310191","0.00915393821760802","0.1135","0.1315","0.2719","0.2863","0.2533","-0.0101011722164728","-0.0493782291223681","16.22999954","-0.0179769435176871","0.00667585751910726","5.85278","0.131999999999991","0.0869","-0.0277999999999992","0.00497547195682244","-0.0011228519046745","0.0175805950709731","0.00193423657983072","-0.00109110758233477"
"115","2007-07-01","0.00081732738509821","-0.000403795684873032","-0.00668451686872373","0","-0.00202634314523298","0.0189041546391531","-0.00508906950747168","-0.0225998319172405","0","0.000757688099367826","0","-0.00651847262120775","0","0.00191062578025036","0.0031104224143923","0","0.00477327875265754","0.0271861403041571","0.00440529346791596","0.00520834510713897","0","0.00247218914538827","0.0162845937645004","0","0","-0.00462321674145727","-0.0161479864079821","0.0339810081931438","0.00203210799455711","0","0.00227790531299465","0.0136988443581618","-0.00696866931609375","0.0168935343354955","-0.0122400548945025","-0.0339591205424536","0.021348782751204","0.00253485560318811","-0.0105922993229459","-0.002068253064059","0.000897263406989701","-0.00192307751574194","-0.00338028490882358","0.0055788150270395","-0.00114351070207963","0.0208146617636578","0","-0.00692386051843386","-0.00973518959859021","-0.00134201230550581","0.00054624122927451","-0.0015514252702114","-0.00711152352187929","-0.0133975238389593","0.00318256468106022","0.00203886884877234","-0.00416890360907893","0.00120499265471376","-0.000826305173089213","-0.00664077611208655","0.0016309426695805","0.00518432176145885","-0.00590887308996635","-0.014335735804023","0.0161157685965545","0.0215481945510145","0.0159855847926877","0.0664674128399714","-0.0475644021527994","0.22230336642412","-0.0199731463160564","0.00110088868553504","-0.018397365139716","-0.00624026986008452","-0.0510025544523725","0.00873367996875452","0.00651871069016163","0.0098305158922547","0.0010801324212234","0.0138009173336942","0.0235820091630802","0.0795120629277344","0.2159","0.00244786640142713","-0.0118113870683345","-0.0128987436058647","0.23","0.0899999999999999","0.0127995328461754","0.00964833407252996","0.0138763976544034","0.0118347755782047","0.1438","0.2341","-0.0415999999999999","-0.0236999999999998","-0.0436000000000005","-0.034372219150633","-0.0166283106958218","23.52000046","-0.0325044711336862","-0.0342389616826417","-13.15371","-0.238","0.00490000000000634","-0.111699999999999","0.00299075667875021","0.00166114307790512","0.00199503570952039","0.0086580627431152","0.00109110758233477"
"116","2007-08-01","0.00149670073521158","0.000403795684873032","-0.00403226352793773","0","0.00505817972735301","0.00373832211060687","-0.00255427980509637","0.00569802111463691","0.100000000000009","0.00138212474285737","0","-0.00585618914213448","0","0.000106038916381834","-0.0031104224143923","-0.00268456537066841","0.00475060275859818","0.00382409643840287","0","0.00259403517704637","0.00475060275859818","0.00492611833605583","0.00439561147303813","0.0689928714869517","0.0344861760711694","0.013806017723792","0.0498969711446238","-0.0268550873031765","-0.0110227692907499","0.0168475705726108","-0.0045610113275627","0.0105264129869873","0.0264535264482175","-0.0314433153502272","0.0315177603204049","0.0103093696588612","-0.0179636433438377","0.00630916919326463","0.0258017179864742","0.00413223728491019","0.00714927084422445","0.00862487378176002","0.00112803170449904","0.0069300346646699","0.00456621797958157","-0.0129249725127032","0.00351089500911961","0.00518367683692844","-0.000656872736845671","0.00190170705691619","0.00168421320745234","0.00216389288601196","0.000187801617096263","-0.00108858289349091","-0.00290750955798923","0.0038417693412999","-0.00481997712065824","0.00243760663201668","0.0042382855514824","0.00117954347945429","0.00288486571523604","0.0115850662946448","0.00640584067766348","0.00207011760070586","0.00392284988476277","0.00518480921753728","-0.156848225679861","0.036982218887136","-0.17610120607747","0.0664279454254268","0.0477093670084336","-0.00338516363413532","-0.238513048645311","0.0293004769477827","-0.0992423191458904","-0.0100841190666259","-0.00603946863254201","-0.00379845236186538","-0.00398878262691738","-0.0510214496702579","-0.0112241283164799","-0.0836020481792588","0.0340999999999996","0.00138342573883854","-0.0420853167464141","-0.0454256666579766","-0.0499999999999998","0.04","0.012029356778509","0.0167224338613163","0.00513028759747591","0.015539042557668","0.3867","0.0693000000000001","-0.3056","-0.258500000000001","-0.2211","-0.00874566969733159","-0.00249924399410517","23.37999916","0.0127815385378183","0.00202303264187664","46.9705","-0.0748999999999995","0.0327999999999946","-0.168099999999995","0.00343309554370228","0.00224125154406384","0.00835589781204294","0.00286944242795251","0.00217865009922225"
"117","2007-09-01","0.00169808157631124","0.000269106567824196","-0.0156094109270768","-0.0999999999999996","-0.00607289315789927","-0.0264665731881628","-0.0180650073976389","0.00566573753567745","0.0999999999999943","0.00105176673623397","0.100000000000009","-0.00801985664215632","0","0.00190678023874113","0","0","0.00472814119594567","0.0113853222251254","0","0.00258732356495095","0.00236686501026551","0.00734397425575928","0.00291971010333469","0","0.0168071183163807","-0.010105735980936","-0.0100056421173216","-0.0047449673842257","-0.019063983904231","-0.00478469812333593","-0.00228833051801214","0.00298730617973497","-0.00797725028064455","-0.0289764840351596","-0.00478469812333593","-0.00858374369139181","-0.0315207871196863","0.00376648279547709","0.0140517534556501","0.025446665661164","-0.000890868655801569","0.0104414807204192","-0.00112803170449904","0.00550965581096907","0.00227531383713586","0.0264527032652166","0.00233373160841222","0.00707529475508828","0.0059472212204863","0.000758853872396423","0.00175436625889238","0.00181840823601046","0.00003576073004117","-0.000377457729551688","0.00124434472527877","0.000757259816636637","-0.00526851613352578","-0.00585602632971392","0.00226974394848664","0.00318304610799804","0.00222281817858927","0.00380670146125246","-0.00233974259043279","-0.0210668930057309","-0.011726196597321","-0.0165518380846397","0.133709757023462","0.0353611015594719","0.224187392745108","0.128067052069625","-0.0695547859197276","-0.0237802460198004","-0.102745158291843","-0.197635791766997","-0.101266890647763","-0.0904571101552509","-0.0119406883450273","-0.0267114221787724","-0.0168737138712673","-0.010906007878047","0.00367282525243839","0.0867169111779269","0","0.00679012066111184","-0.00907307745048769","-0.0818306656754082","-0.0899999999999999","-0.0600000000000005","0.0147310469575821","0.000340500747324057","0.00851972334444717","0.00769537499617101","0.236199999999999","-0.0880999999999998","-0.2473","-0.1571","-0.0641999999999996","0.0171531469899442","-0.0243270302463561","18","0.0351682904217974","0.0392362507480328","72.07036","-0.0501999999999896","-0.0312999999999874","-0.207599999999999","0.00699095839643333","0.00479861682305137","0.0380829251970572","-0.00959700264100949","0.00217391389961907"
"118","2007-10-01","0.00193230224369145","0.00523315518338485","0.0108844611984233","0","-0.00101574411983574","-0.0154443224274736","0.0180650073976389","-0.00566573753567745","0","0.00154277960650262","0","-0.00975733586037553","-0.1","-0.000211685013492335","-0.00312012733624378","-0.00269179166571165","-0.00236127618568016","-0.0248341320377383","0.00438597194325485","0","0.00236127618568016","-0.00488998529419238","0.00726219604178535","0","0","0.00460618041489802","-0.014631662268064","-0.00238095350574152","0.0128873120125022","0.0035906681307285","0.00912207009657706","-0.0496854193769432","0","0.0424145361972004","0.00597730410845987","0.101560200149496","0.0512932943875501","-0.00250941160542606","-0.00840733583597331","0.00200803280324546","-0.00446628701344132","-0.00283688133519977","0.00112803170449904","-0.00412939334201123","-0.00913248356327312","-0.00857838321551974","-0.00936778328565246","-0.000392119513133338","-0.0104778073250458","0.00421668712586503","0.00383532174082159","0.00325916540770544","0.00488555530195091","0.000207903023314107","0.00601181893275939","0.00479041413567525","-0.00478656074810272","0.0159678900180792","0.005667976618501","0.00581803705361311","0.00381810889399892","0.00475986856753305","0.0291024146523799","0.0325414501572148","0.000941042851382079","-0.00111003872402016","0.0932083242857313","0.0361949922367444","-0.0237540860081076","-0.0147383667626215","0.0361777958198584","0.00547637673731316","0.220154012465844","-0.00557104504945549","0.112440191245888","0.00663474604855629","-0.00548378507252156","-0.0378646865849566","-0.0100398973856596","0.020121744619316","0.0128475100299181","0.0648462358722472","0","0.0106482129673182","-0.139254018465866","-0.139757410389537","0.04","0.0600000000000005","0.00568481502982188","-0.0067144008993143","-0.00726724756229125","-0.00366090786139317","-0.376799999999999","-0.0495000000000001","-0.0664999999999996","-0.0351999999999997","-0.00130000000000052","0.0405401906616518","0.055389087130651","18.53000069","0.0147135610158058","0.0562943636423108","-69.85276","-0.18480000000001","-0.123200000000011","-0.255499999999998","0.0105239340623159","0.00129412631922282","0.0616810305965829","-0.00483326218801938","0.00649352931054814"
"119","2007-11-01","0.00165812264103593","0.00387364406095791","0.0114363843166396","0","-0.0153612851614868","-0.00389864041565779","-0.0180650073976389","-0.0346855579878893","0.100000000000009","0.000950741814095935","0","-0.0133616191903831","0","-0.0016950952252488","-0.00312989300892763","-0.00269905696916517","0.00706716722309331","0.017258338229281","0","0.00515465058866393","0.00470589103741315","0.00975617494536518","-0.00580553154532115","-0.0339015516756813","0","0.00458506076065035","0.00113314459716918","-0.0388870381972577","-0.00289555528058205","0.00595594375285202","0.00339943670146425","0.0316262378385463","0.00911168035125609","-0.0179578338676603","0.0212272121305732","-0.0156989095431035","-0.0191582566343005","0.00626176122397659","0.0185878957680909","-0.00100351237724006","0","0.00283688133519977","0","0.00824180489510429","0.00229095174655569","-0.0230028575625294","0","0.0116660701958651","-0.00000742819136689832","0.00402480686159906","0.00309769875817592","0.0016630093986565","0.00454944910164679","-0.000454246861797504","0.00288001696022815","0.0023253078530144","-0.00478511404575579","0.0116484389753979","0.00444943534437008","0.00728238522516308","0.00199298013962355","0.00503544405938476","0.0273035807008029","0.0337817392644002","0.00981906343797156","0.00855877324577037","-0.0332448595181756","-0.0219465322104604","-0.0248795958826236","-0.0999356279705648","0.0362792541942394","0.04160877030567","0.286933289189539","0.0753043830641307","0.209720530982069","0.0174804159699731","-0.0092030578906428","0.00285264062524815","-0.0185424613049461","-0.0312638319092393","0.0123947439483943","0.11537818155819","0","0.00197694314352859","-0.0308577107722829","-0.0859348571697272","-0.210000000000001","-0.0200000000000005","0.0041773699840455","0.0071021965780762","0.0141121645347297","0.000563808731563142","0.1385","0.0141","-0.321","-0.2313","-0.147","-0.0514590885324946","-0.0818845265023374","22.87000084","-0.0450427824691788","-0.0605786428025272","0.856880000000004","-0.10329999999999","-0.272300000000001","-0.321300000000008","0.0135242830747167","0.00172055375631252","0.114213553341835","-0.00875918008988119","0.00215517324798409"
"120","2007-12-01","0.0012840008521966","0.00399149013171396","-0.0148250693621561","0","0.00514669175176863","0.0231670592815343","-0.0078431774610257","0.0571584138399484","0","0.00114624453756029","0.0999999999999943","-0.0121922992885812","0","0","0","-0.00270636159774273","0","0.0206968817711548","0.00218579321998025","0","0.00701757265864611","-0.00243013485329246","-0.0117131646636528","-0.071458963982145","0.0165293019512109","0.00274097933142237","0.0312176966559976","0.0717153085105933","-0.0053998054362232","0.00592068040972737","0.0090090699423655","-0.0261553371276451","0.00677968698537867","0.0101409319760499","-0.0164709605959246","-0.048631948838036","0.00520595265484669","0.00373832211060687","-0.00925075977215073","0.00300752106395574","0.00446628701344132","0.00188679301257633","-0.00338791967193597","0.00817443243955829","-0.00573725039014317","-0.00770239984197563","-0.00353561320027218","-0.00113298061126166","-0.00595091922798652","0.0036293872485981","0.00312809469475958","0.00178200267187284","0.00554353124967464","0.000556709788134213","0.00466027745473378","0.00235839127260952","-0.00463351451044472","0.00533070877434418","0.00409422371308087","0.00663734949986004","0.00278682229562302","0.00263522302462506","-0.0358499492571873","-0.0717541798343095","-0.0246047476211988","-0.0402256945537403","-0.0106383982050549","-0.113084485788827","-0.0199121623201126","-0.157185583522413","-0.0536647943940913","-0.040003762337335","-0.18457127652797","-0.109398594407107","-0.145182009844498","-0.0549099348577391","-0.0201914177102029","0.0116757008884825","-0.0173768182297484","-0.0125336882858642","-0.0252422539783125","-0.0161452181621273","-0.2105","0.00130387114751684","0.0029621507924773","-0.0621979626634275","-0.0499999999999998","-0.0300000000000002","-0.0013883444324243","0.00832881115898587","0.0173222370052528","0.016232255513156","-0.0178000000000003","-0.1928","-0.0823","-0.0326000000000004","-0.000799999999999912","0.00176620362365654","-0.00850210214294833","22.5","-0.00866595014761451","-0.0619917119294704","0.2774","-0.130400000000009","-0.259799999999998","-0.375199999999992","0.00885804821998268","0.00312363789477871","0.0815709053271986","-0.0167574152919423","0.0021505384632281"
"121","2008-01-01","0.00209141584075212","0.00198978642290548","-0.0191918159160975","0","-0.0144780191806531","0.0411272914238632","0.0207799684917447","0.0540672212702757","0.0999999999999943","0.00189660303410655","0.0999999999999943","-0.0288720900940893","-0.1","0.00328164164720857","0","0.00270636159774273","0.00701757265864611","-0.0496285043051605","0.00869570696755328","0.00256739550524632","0","0.00243013485329246","0.0117131646636528","0.0363676441708747","-0.0333364202675916","-0.00640734457500081","0.0109171389953486","-0.0221583409886392","-0.0356120717888775","0.00705885283962449","-0.02497292093138","0.02843065096478","0","-0.05137196949872","0.017637141486107","0.0132015118585356","-0.0617324435322555","0.00124300823959711","0.0110906866941587","-0.023292192235461","-0.00357143236759772","-0.00851874531632735","0.00338791967193597","0.00135593241113519","0.0068807610922228","0.00784364023994755","0.00823047422345002","0.00973075204155194","0.0108520447245297","0.00100912293297077","0.002570607775217","0.000219130396518582","-0.0012168952001779","-0.00630567848841625","-0.000427218680392335","0.00286912238975789","-0.00586625876886265","0.00832091628743035","0.00130636459944313","0.0000807666936269574","0.00505702641897642","0.0005774332202849","0.0150821061069735","0.0275979752036761","0.0165056799969641","0.0173191239882815","-0.00327332534496882","0.0510347984157296","-0.0675971978479772","0.115993971552006","0.0268859635215595","0.0219684476164801","0.00807541400554612","0.218895620616713","0.0293276150945196","0.112429294379282","-0.0335248187779698","-0.0157318921329107","-0.0352381757420017","-0.0666457293548079","-0.0244226465573935","0.0136532075545412","-0.0395000000000003","0.031813687592571","0.0695679970193765","-0.0428779197522218","-0.0599999999999996","-0.0899999999999999","0.0944320137602812","0.0390033931333882","0.0328118153309642","0.010740147700453","-0.7463","-0.0914999999999999","-0.2629","-0.2012","-0.1338","-0.0912292163009987","-0.07559733801871","26.20000076","-0.0631138638422053","-0.0830927624415043","62.24432","0.00310000000000343","-0.29249999999999","-0.434100000000001","0.011371016407114","0.00988613048183036","0.0294514747530118","0.0148004675049807","0.00428725201162017"
"122","2008-02-01","0.000269541780609117","0.00039748261536765","-0.01043487729258","0","-0.00208550649102168","-0.0222231367847101","0.0228726616659918","0.041242958534049","0","0.0000326685287745931","-0.0999999999999943","-0.0173208609426307","-0.1","0.00936208384364345","0.00936044275956371","0.010752791776262","0.0138891121606672","0.0116732843047247","0.00647251450561726","0.00511510066677001","0.00465117117573044","0.0310658195748905","0.0158848105400233","0","-0.0170944333593006","0.0163938097756766","0.0299487623546213","0.0221583409886392","-0.00606062461169099","0.0151253610707558","0.0283305066262258","-0.0206666368085591","0.0255711542677881","0.00705608572420857","0.0127390257774298","0.0604317391849172","0.00421462773329218","0.00495663963992854","0.0164087546663918","0.0202846711715052","0.0150912762004589","0.0178996771500932","0.0134380521620407","0","0.0192422462223947","-0.117418649706873","0.0220043867154152","0.0202252789633235","0.031262823016581","0.00391537115854221","0.0034735029146629","0.00174232415198673","0.00611308158264042","-0.00137830909327465","0.00288408589571615","0.00307473575844347","-0.00549429731134035","0.000758130208804551","0.00365203771052581","-0.000361532067416093","0.00944490606933323","0.00197112602201765","0.00695297148281959","0.0190745973951927","0.00750138100517006","0.0113009312976455","-0.0354959151682017","-0.0372894466240279","0.0124741742251757","-0.0419972073015735","0.0351818850288534","0.0191902715383634","0.128155035588142","-0.153634817035318","0.101596214122922","-0.0524779372486162","-0.00531023261777985","-0.0153716936827417","-0.00501892510145902","-0.00860210992517896","-0.00305064300041225","0.0300284356097285","-0.2024","0.00489334155031074","-0.0451734474202627","-0.00398944171307214","-0.23","-0.23","-0.000731239751070589","0.00311888848666442","0.00729068860620785","0.00354630225271357","-0.0024999999999995","-0.1727","0.0121000000000002","0.1309","0.1595","0.0042972505549379","0.0186575218339904","26.54000092","-0.0353797396290574","-0.0118022354136413","-31.47451","-0.137100000000004","-0.441850000000002","-0.495000000000005","0.00750354506042067","0.00396171819348889","0.0276709037234531","0.0165132455611685","0.00106894718890516"
"123","2008-03-01","0.000740865499453847","-0.00039748261536765","0.00627398363341491","0.0999999999999996","0.0318465536518522","0.00373832211060687","0.0297051544139162","-0.0050633019565467","0","0.0017951275281014","0.0999999999999943","0.00012846040225778","0","-0.0044071424952925","-0.0031104224143923","-0.00536194314138516","0.00458716400690573","-0.00387597384469274","0","0.00508906950747168","0","-0.0166077363996608","-0.00574714225556772","0.0350913198112703","-0.0350913198112695","-0.0311951900779386","-0.0213000597960891","-0.0116010581827624","0.00433276241075387","-0.049714378652963","-0.0375684476111617","-0.0258533788263335","-0.0414625216044229","-0.0257185292879889","-0.0617040304053891","0.00615386557437869","-0.0255584030018152","-0.00869030919197744","0.0205823820673823","-0.0182375875497804","-0.0204724551049758","-0.013158084577511","-0.00893860700081106","-0.00816331063916031","-0.02497292093138","0.150510009621902","-0.026699247738593","-0.0188071983983065","-0.0290521891324254","0.00239442896731565","0.00328466593969266","0.00158609532905214","0.00146590162312801","-0.00068458424868335","0.00242656825618764","0.00343672771436126","-0.00638020924614833","0.00513041575297672","0.00270613065132618","0.00320848947222331","0.00411935358625687","-0.00293638573873755","-0.018931950325209","-0.024855250030603","-0.0175259474817082","-0.0149079873635767","0.00492915354140244","-0.0511201791789464","0.0618045629562838","-0.1876368628573","-0.0259443465743043","0.00521913841097366","-0.0861541116135118","-0.100558585662419","-0.0915314275067809","-0.113213749383654","-0.0145055675281327","0.0212752529538671","-0.0319715935305242","-0.0405807116548162","0.0198645301705896","0.0871517327918179","-0.0476000000000001","0.00095513342203013","-0.138385750402771","-0.160634603992603","0.0200000000000005","0.0599999999999996","0.00795644051485844","0.0140842217035626","0.0166847435534621","0.011001532744416","0.247999999999999","-0.0244","-0.2896","-0.1784","-0.0772000000000004","-0.0289477980252997","-0.00544794096786205","25.61000061","-0.00597745304443009","-0.0156468982445319","11.08618","-0.287499999999994","-0.636330000000001","-0.558199999999999","0.00978747532896026","0.00196127265300035","0.0323072675811851","0.0181389221444039","0.00320000273067045"
"124","2008-04-01","0.00144647237397422","-0.00318556149397509","-0.013291556292061","-0.0999999999999996","-0.0360306601744256","-0.0112571545246345","-0.0098040000966213","-0.0309303006913586","0","0.000130429111962371","0","0.017697323550343","0.1","0.000315440831172964","-0.00312012733624378","-0.00269179166571165","-0.0115076068514792","0.00966191091173663","0.00214822853828966","0.0050633019565467","0.0092379409849368","0.00477327875265754","-0.0218508329481084","-0.0350913198112703","-0.0363676441708751","0.0230318794387774","0.0202457634411832","-0.0046783711061007","0.0111781043527399","0.0287101058824311","0.0274616799413874","0.0180893646701126","0.0270896926466646","-0.0145339659694264","0.0384200914513446","-0.00769826742575219","-0.0123561431773194","0.00745345065458114","-0.00443853369602554","0.0861589346909719","-0.00631486085867383","0.0279869012509719","-0.0033726844786397","0.00680737822802513","-0.00807852056520186","-0.0525662766795048","-0.00945636915652592","-0.00145226152724476","-0.00410606579524853","0.00507831198892114","0.00435506823512663","0.00466169567516752","0.00678258250812363","-0.00186785514755604","0.0022153709278176","0.00518787411047269","-0.00655151153781759","-0.00155609778265299","0.00526449608818466","0.00558430144361747","0.00545309022954393","0.00340096444780054","0.0217560630485618","0.0477348107077198","0.0112816599237195","0.0272554575518971","-0.0167341989911645","0.16773293968714","-0.127051717641874","0.394161148334312","0.0223032061782273","0.00397280681441003","0.212287926487315","0.0236697440859048","0.157211594368937","0.0417547854015083","-0.0191794407037378","0.00328685554874475","-0.0248864749099597","0.0072315034877013","-0.0107908397326122","0.0510665222467424","-0.1705","0.000560838714537937","0.027694359094669","-0.0583793219677364","0.149999999999999","0.26","-0.00375244191332236","0.00698594978370792","0.00320829399723088","0.00604761912726204","0.0288000000000004","-0.2278","0.2337","0.1982","0.1914","0.0573876307913412","0.0108366484721252","20.79000092","0.046450952167211","0.0576736703478242","-43.12314","-0.575100000000006","-0.910910000000001","-0.660899999999998","0.012809354012476","0.00541055675934839","0.017205958781638","0.0140913557605096","0.00425080342519468"
"125","2008-05-01","-0.000908005644937759","0.00146130879541317","-0.017045867272989","0.2","0.0360306601744256","0.0370412716803497","0.0243321006595307","0.00522194398115161","-0.0999999999999943","0.000782217626742465","0","0.0277536324922005","0.1","-0.00696278791455551","-0.00626961301359552","-0.0054054185669079","0.00461894585629441","0.00192123017789392","0","-0.00252844635335858","0.0182237389564515","0","-0.0329371090740862","-0.0363676441708747","0","-0.0100687349482662","0.00315956029036801","0.0514105208105207","-0.0264256225770518","0.0175340552915246","-0.0182237389564515","-0.0276588156862632","-0.0022296553272696","0.0276737130505555","0.00704228262541307","0.01533772398371","0.0327247842876357","-0.00995033085316877","-0.0316339075206766","-0.0659153284143255","0.0170484165017832","-0.0213862172196198","-0.00791411705599021","-0.00817443243955829","0.0296825444304769","-0.0323579596780599","0.0338620298067189","0.0377048915703408","0.0472330653301665","0.00448506868715287","0.0043375623128687","0.00308767889393047","0.00528163826503322","0.00062852401481987","0.00405719145494937","0.00369596550420632","-0.0061702357030459","0.0124680783813458","0.00405676969122121","0.00672920623829828","0.00478350971109685","-0.003201968724943","-0.00865637679804898","-0.0100180647764514","-0.0207932974461844","-0.0182742771122051","0.0470028535953357","-0.0392558425759333","0.0383236020331896","-0.173812195951118","-0.0340829331594694","-0.0272062533182833","0.0988947511361777","0.32216824852295","0.0627796402497562","0.127339422376601","-0.000207742296429281","-0.0245111543867821","0.00420418657560601","0.00742307597526803","-0.00892093705801189","0.11856713777239","-0.0795000000000003","0.00337804983720247","-0.188165223632913","-0.341827171096382","0.260000000000001","0.2","-0.0115409708931065","0.00348379622215944","0.00368628665804138","0.0077077543457662","-0.0936000000000003","-0.0486000000000004","0.3821","0.225099999999999","0.122400000000001","-0.00571964004365988","-0.0072379305695911","17.82999992","0.0106176147613928","-0.00219150816736891","-19.92414","-0.297399999999996","-0.938140000000004","-0.768150000000006","0.0262416947862213","0.00109389774086228","0.0656077275139609","0.016651633592442","0.0157814953374027"
"126","2008-06-01","-0.00087515573258834","-0.000929676672312141","-0.00791086470087876","0.0999999999999996","0.0220008873977591","0.0108500160240652","0.0446607708274209","0.0703807967617998","-0.100000000000009","0.000651380950598579","0","0.0408858196590343","0.1","0.00580568475068777","0.00626961301359552","0.00809721023261956","-0.00230680609791545","0.0019175461292722","0.00214362354325193","0.00505051578606874","-0.0274616799413883","-0.00238379135527644","-0.021539294246991","-0.037740327982847","-0.0571584138399488","-0.00184162114664943","-0.00315956029036801","-0.025946181944585","-0.000878348760905645","-0.0210780637262538","0.00573067470898536","-0.016970104218462","-0.00559598550412055","-0.00079145235631195","-0.018890762469554","0.0943411204082159","-0.00488998529419149","-0.00125078190165251","-0.0222850447894345","0.0237634944521856","-0.0408590651955025","-0.0132452267500209","0.00113443007061154","0.00273224213687229","-0.0378268593721627","-0.0240828823575834","-0.0386239607670333","-0.0237741891965513","-0.0423413516375852","0.00648588013171938","0.0047225195900862","0.00574652637940738","0.00996479162522769","0.00674809379175671","0.00364979459865668","0.00381112653555268","-0.00621641090989067","0.01372465335391","0.00824123753305779","0.0157800539476563","0.00381338167250256","0.00106011203061946","-0.0143253533109462","-0.0260230441434608","0.0269672454398968","0.0376762620616979","-0.00898478640781519","0.0539310060500178","-0.0146612277957612","0.22537985489249","-0.0136982390259721","0.0461638090883252","-0.0247867789824561","0.117155092150663","-0.0362400850151436","0.0896121586896879","0.000975581343187315","0.0176763351931702","0.000237445091938321","0.0250876267179976","0.000865162017373633","0.0746662155623392","0","-0.00458867394852547","-0.092876551614518","-0.135944143271161","0.29","0.34","-0.00145490276918814","0.00688651426340314","0.00445059599451803","0.0136210004997022","0.104200000000001","0.00120000000000076","0.5423","0.342000000000001","0.172199999999999","-0.0763496228805947","-0.0942082242436602","23.95000076","-0.0898835540015046","-0.0952224990753439","29.6044","-0.0682000000000045","-0.875140000000002","-0.853970000000004","0.0159078847460559","0.00352698132466889","0.0533474066089532","0.0457273746388864","0.00104329691257821"
"127","2008-07-01","-0.00283267202293835","0.000664142947968571","-0.00144508695668044","0.2","0.0613807215412914","-0.00360360750329836","0.0159638509890137","0.00484262447578754","-0.200000000000003","-0.000455922110349505","-0.0999999999999943","0.0392796250505567","0.1","-0.00221273995768279","0.00312012733624378","0.00268456537066841","0.00460830308619453","0","0.00427351077738169","0","0.0161108202726989","0.00238379135527644","-0.0299943558681912","-0.0392207131532816","-0.0198026272961798","0.00643089033029032","0.0239719660363029","-0.00918490957707263","-0.0199696008136891","-0.00355661311484656","0.0147478566345551","0.00406669938255444","0.0111608301375279","-0.0549253354521113","-0.00238663597773137","-0.0453335413015212","-0.0703944134122398","-0.00753772413142606","-0.0699994140983531","-0.0227619921150959","-0.00650862362738724","-0.0231224174208542","-0.00227014853453866","-0.00821922435313205","0.00349854584251386","-0.045254670321615","0.00119266509293059","0.00864022033297118","0.000588346308127541","0.00330452765778547","0.00342013569107448","0.00286957306313445","0.0022626174672846","-0.00648177022388445","0.00529524049912434","0.00436515476675778","-0.00542258503559105","0.00856194016926538","0.00301938465434831","0.00246987234487946","0.00375629547916805","-0.000133056430989013","0.018512429188954","0.0279896131155031","-0.020304995614481","-0.0294030299390453","-0.133703317321929","0.00589632829310638","-0.335365157351982","-0.0340812992592028","0.0554712426173953","-0.0578275869958578","0.0974139673965277","-0.117155092150663","0.140796603615935","-0.106741731347025","0.000944390187590294","0.00822598551327214","-0.00166330084681768","0.0105608377893782","0.0112298210839904","0.00301841460680841","0","0.02274529204049","-0.08406358633877","-0.0692169054926168","-0.0300000000000002","-0.25","-0.00481083453625963","0.00172365233276039","0.00162691794803926","0.00722141700965473","-0.0972","-0.0227000000000004","-0.242","-0.1609","-0.0869999999999997","-0.0379998910136026","-0.0321204794354859","22.94000053","-0.00990829654130998","-0.0418882854929254","-18.49482","-0.500859999999989","-0.563800000000001","-0.884739999999994","0.00776181552624819","-0.000709292311400069","0.0138246992726245","0.0276594987914001","0.00416233691468726"
"128","2008-08-01","-0.00108122729819726","-0.00159468472332414","0.0050486944599788","0.2","0.0338395342487647","0.0249567319738677","0.00451468035452685","-0.0145987994211527","-0.199999999999989","0.000293116646238545","0","0.046700231534027","0.0999999999999996","-0.00295795694226886","-0.00312012733624378","-0.00537635703638006","0","-0.00769234562315635","-0.00213447252863208","0.00251572459724692","0","0.00237812240496726","-0.0145281005629103","0","-0.0833816089390509","-0.00183318108166119","-0.0176627968430383","0.0160186491556376","0.000896057407625328","0","-0.0124647506199871","-0.0229895182246995","-0.0111608301375279","0.0178243060891479","-0.00479042832263232","0.0355909451027019","0.0156552162351637","-0.00252525386719427","-0.0203465818591679","-0.00401204148996115","-0.0103142030167644","-0.00881062968215485","-0.00227531383713586","0","0.00232558244347469","-0.0114508363027443","0.00356926586738382","-0.00117499435123669","0.00801043759834208","0.00400383735604501","0.00388855317479678","0.00320701499097756","0.00341954795322112","-0.00418747522459555","0.00518585510854305","0.0044905762128437","-0.00562269883148944","-0.0053986249101109","0.00185881002050116","-0.00375509183141905","0.00946596791005097","0.00128515542171582","-0.00946356856497843","-0.0243198842265411","-0.0197003389992183","-0.0298207482116108","0.0558393415872089","-0.136197896778681","0.170490514161748","-0.312117912669448","-0.105089298780863","-0.0198549473331013","-0.314302987857209","-0.162186648384899","-0.243515109810923","-0.0745865301082462","-0.0164736100629144","-0.0117865820384637","-0.0000792738515615898","-0.0282718514431224","-0.0511344591787454","-0.158732185638491","0","0.000904524608927204","-0.0514474145454038","-0.01126618091374","-0.28","-0.27","-0.0129238904032789","0.00365508379526425","0.0133050185467773","0.0151631289696947","-0.0655999999999999","-0.0129000000000001","-0.3765","-0.3227","-0.1953","0.0425418755138374","0.0575973647208272","20.64999962","0.0121167592163998","-0.034300779961026","4.36336","-0.893770000000004","0.00755000000000905","-0.849159999999998","-0.00945170253822368","0.00446956122040291","-0.0604918081659678","-0.0042716852653033","0.00103788281241979"
"129","2008-09-01","-0.00152245652345506","0.000797660239049591","-0.0144930073025664","0.0999999999999996","0.0301174224641576","0.0174524499512261","-0.00904983551991823","-0.009852296443011","-0.100000000000009","-0.000521155674476859","-0.0999999999999943","0.0461661064089141","0.1","-0.00328511925813046","-0.00312989300892763","-0.00269905696916517","0","0.0172253062818797","0","0.00250941160542606","0.00228050269872515","0.00237248035363091","-0.0313816007411676","-0.174353387144778","-0.0444517625708341","-0.00551979322359752","-0.0105375053027856","-0.0160186491556376","0.0120188404261743","-0.00834828939147148","-0.00114090143579126","-0.00583092031079246","-0.0033726844786397","0.0582534043681902","-0.00602048778158348","0.0531098253139488","0.0786344251466158","-0.0127228179279681","-0.0970588815820443","-0.0515578096648497","-0.00851874531632735","-0.0380807535180496","-0.00228050269872515","-0.0110651198124723","0","-0.0923480499671854","-0.00237813098452655","0.000143501191379514","-0.0121686920189745","0.00416499269202016","0.0035589654875217","0.00215283498033935","0.00614033968292983","-0.000967835074828846","0.00238112732418322","0.00499992881182834","-0.00602349745890802","-0.00217202287382056","0.0045843141049211","-0.0026503128354821","0.0180593370145923","0.00122941546730514","0.0126630056483492","0.0159432444212531","-0.00780930975046168","-0.0114161063597464","0.1156488719627","-0.0884164804361003","0.141842190233477","0.101986408703069","0.00550194888185018","-0.02364601887421","0.406264149301297","0.0797871166178323","0.287022224192933","0.031515983226611","-0.0179840498885024","-0.0445865025286288","-0.00660173405831146","-0.073691920789476","-0.048986064557359","-0.152430154422133","0","0.00179219697747612","-0.0123634618038917","-0.0115804059864004","-0.25","-0.12","0.00973496701434584","0.00497397087633011","-0.00256340786811826","0.0143590128725517","0.143999999999999","-0.1045","-0.2024","-0.1566","-0.0819000000000001","-0.144118185409265","-0.173403624808849","39.38999939","-0.0951807653357317","-0.142500125273855","63.74712","-1.02207","0.168509999999998","-0.791489999999996","-0.000934140468665339","0.00461169590581755","-0.0226002680676288","0.0253606152872221","0.00620477688688315"
"130","2008-10-01","0.000710768167202502","0.00952262188614483","0.0238020612802901","0.2","0.0368349994160964","0.0797765024277206","0","-0.0149628726767128","0","0.00273304220877257","0.199999999999989","0.0441285186355778","0.2","-0.00116828646924283","0","-0.00270636159774273","0.00458716400690573","-0.00380228594973886","0.00426439878645724","0.00500001041670561","0","0.00472814119594567","-0.0587388171716592","-0.154150679827258","-0.120627987788615","-0.00184672259316443","0.0126317469059005","0.00460300007196057","0.00309255824119692","0.0154489109410472","-0.0161108202726981","0.0409222401220628","0.0033726844786397","-0.0677477997344917","0.0191393402106979","0.0728756861074569","-0.0873014927478515","-0.00256410396893791","-0.0136832237514577","-0.0268112574506567","-0.0162916875981862","-0.0195983580686283","0.00569153499978814","-0.00139178867282297","-0.00465658582995054","-0.0277847221044807","-0.00357777937075987","-0.0121617069991036","-0.0183209879510038","-0.00160312797284464","0.001192726552966","0.00120735515648255","-0.00631266108413677","-0.00359429959278028","0.00470481307218495","0.00255920513560603","-0.0059759954748785","-0.014977772583224","-0.00208517394177093","-0.00509023214802281","0.00244658677393165","0.00120736664687632","-0.0168720299072653","-0.034865158777853","-0.021781340714897","-0.0275437625927033","0.00750364271091009","0.0790065884685909","0.14729020879595","0","-0.0382948887223531","-0.0373678191314539","-0.144084369660452","-0.113574114195215","-0.0965981375788401","-0.0881927120354611","-0.00417171839015129","0.0450887627099559","0.014812738662068","-0.124588152199935","-0.0622800555632959","-0.306263600483686","-0.3913","-0.0144965113339719","-0.00115280516499006","-0.0212584121269277","0.04","-0.13","-0.00181154724198507","0.0315382899401726","0.0399001864779542","0.0258941610307986","0.2224","-0.481","-0.2849","0.00879999999999992","0.0960000000000001","-0.128721194201575","-0.227584073530974","59.88999939","-0.185636473585464","-0.220145051318484","60.54828","-0.985680000000002","0.0383899999999926","-0.687060000000002","-0.0186687132206433","-0.00214375932682507","-0.09884194388633","-0.0202367782873525","0.00103039679389649"
"131","2008-11-01","-0.000947803198704023","-0.0025041199246747","0.0056858717503534","0.2","0.0298282262880454","0.0345403252521761","0.0313224711290419","0.0585533087515744","-0.0999999999999943","0.000974279110581122","0","0.0834487804457131","0.2","-0.00159532073185886","0","0.00270636159774273","-0.00229095174655569","-0.0019065782705816","0.00636269378782828","0","0.00454546237167452","-0.00236127618568016","-0.0643013013523284","-0.117783035656383","-0.108213584640233","-0.0367100044056548","-0.04383384777588","-0.0173716007107609","-0.0236565372389466","-0.025075940768212","-0.0523929340609461","-0.0359222297053572","-0.0389065088730298","-0.0264776972331839","-0.0276293851435288","0.00246305543239789","-0.0172085019146255","-0.00643917228102087","-0.0689108673046919","-0.018651116626101","-0.0116619397478424","-0.0210534091978323","-0.00227272825100222","-0.00558660670863897","0.00233100338647585","-0.190502509895911","0.00357777937075987","-0.00410934087912729","0.00483015663236053","0.00046478790183267","0.00147823016585943","0.00279789431619324","-0.00335302288724998","-0.00183211140345693","0.00516290108392618","0.00351891880159028","-0.00579092912295592","-0.0162138767658065","-0.00696434029779303","-0.00742497647479339","0.00318453029369566","-0.017186633655079","-0.0454582000185297","-0.0728799233686601","-0.0166531108796271","-0.019232869614072","0.0848526368550395","0.0226313365020872","0.0728260949995345","0.0136891446137497","-0.0682753232631441","-0.0576691739480459","-0.625385078459127","-0.126194602560669","-0.437600837372459","-0.0509200904272564","-0.0666828972332754","-0.0639662520751829","-0.0547008199351341","-0.130468387418952","-0.0969802125863602","-0.310955370495573","-1.3837","-0.00358632313361262","-0.329418662708624","-0.180917568478256","-0.41","-0.73","0.0186269366062763","0.0286235614614831","0.0244940739066664","0.0132472420589043","-1.6862","-1.6269","-0.6172","-0.3218","-0.0681000000000003","-0.0230226172506862","-0.0305941482569221","55.27999878","-0.0777983573516607","-0.0665364979768905","-59.81732","-0.787779999999998","-0.0829999999999984","-0.515160000000009","-0.0193006898168276","0.00506584090661802","-0.169451775004007","-0.0364307416249137","0.00718320174349252"
"132","2008-12-01","0.000372458399009901","0.00118694375952799","0.00987314084993685","0.0999999999999996","0.0202027073175195","0.0685812641545303","0.0131292914417926","-0.00952388151125572","0","0.00243155301440545","0.200000000000003","0.0693320845159846","0.3","-0.00287800657001291","-0.00313972000466789","-0.00270636159774273","0","-0.00382409643840287","-0.0021164029063776","0","0.00452489459828964","0.00471698987813962","-0.0566004715167097","0","-0.089612158689687","-0.0038424639015453","-0.00878161516038478","0.0104591307901378","-0.00407332538763594","0.00722894714315192","-0.0185076226559859","-0.00333056094716522","-0.00702579002440551","-0.00341297259623996","0.00607166406854986","0.0825940910561496","-0.00710987708870103","-0.00258732356495095","0.00613122705493652","-0.0406835766364431","-0.0197439779896911","-0.0247724030075842","-0.00113830405006077","0.00139958035442245","0.00696058494762397","0.141620614992306","0.009478778029961","-0.00929099068269856","0.00000956523501649542","-0.00335683451072253","-0.0060477694032738","-0.00541303159460455","-0.0121087225365061","-0.0171340699967537","-0.0121548778438014","0.00256297777702167","-0.0348740304706136","-0.00643515045054737","-0.0167342295157488","-0.00946962669833117","0.000403596922566057","-0.0491211280841284","-0.0215111052041408","-0.0219057597387291","-0.0368036695297445","-0.045973628277892","-0.0275824153242024","0.0645182517575087","0.0449569406568493","0.0973113300687185","-0.0118640167726465","-0.101493327874104","0.218997035352361","-0.226560689127967","0.117783035656384","-0.144249608844548","-0.0654355432573563","-0.0164614991716275","-0.0865207498450881","-0.0916807688865466","-0.0317276670684572","-0.272231662630023","-1.0821","-0.00485588890417255","0.000588456131344728","0.181613484743332","-0.19","-0.33","0.0191946241472163","0.0244947526034025","0.0182055749999233","0.0183455287281209","-1.2458","-1.1321","-0.5125","-0.6333","-0.5437","0.0346777524498671","0.0429800864868035","40","0.00779114671185344","-0.0202027073175191","-19.9899","-0.612740000000002","-0.25833999999999","-0.301059999999993","-0.0172955182801491","0.00975773122896884","-0.130645561979107","-0.00531445006349252","0.00916036939866416"
"133","2009-01-01","-0.00373084139168434","-0.000131813089231159","0.0014025247740852","0.2","0.0314986670593713","0.0227930095285567","0.0487901641694313","0.0693117998902286","-0.299999999999997","-0.00139336715078997","-0.0999999999999943","0.0507504982959253","0.1","-0.00922258547643207","-0.00630916919326463","-0.00271370587159625","-0.0350094096666531","0.00191387618228411","0","0","0","0","-0.0409893445331964","-0.0645385211375711","-0.0645385211375711","-0.0253424868505441","-0.046257541552702","0.00805991697709985","-0.00819676720417828","-0.010863112257371","-0.0406663403834324","-0.0870872006238921","-0.0322415986639024","0.00681433641972973","-0.0170944333593006","-0.0056786069688437","0.0152242274850094","-0.00389358051913202","0.00487805845343292","0.0340168852782536","-0.0070035303773377","0.0108460933093895","-0.00228050269872515","-0.00701757265864611","0.00691246992062311","-0.0434054030013575","0.00117860888075505","0.0083554583935328","-0.000635679774436682","-0.0000977664200238525","0.00169820513741357","0.00120116185400599","-0.000301622231946486","-0.00227336822792009","0.0103032438411332","0.000709822608376097","-0.00431033057135207","-0.0133629793304878","-0.00706365914062434","-0.00342244654451446","0.00122874118632293","-0.0220842862972448","-0.0138170454228099","-0.00440961935882633","-0.00380588477845301","-0.00226788824144641","0.145306753478147","0.0551547863514834","-0.0111733005981254","0.12873470912182","-0.0770112936550458","-0.00657198664892","-0.178450940958011","-0.419003776440963","-0.150403953825649","-0.188085261510705","-0.0145837652140921","-0.0370289505169026","-0.0112923520330645","-0.0389181494061761","-0.0277729289888166","0.0837520034133963","-0.5477","-0.075993274862542","0.00541173388197791","0.0239334071888528","-0.34","-0.42","0.00574355866051945","0.00551765057460862","0.0150442859711077","0.0178540253267947","-0.8786","-0.3265","-0.2361","0.0461","0.129700000000001","-0.0608227240192392","-0.0174604370068501","44.84000015","-0.0895498795780059","-0.098580794438214","23.20928","-0.760770000000008","-0.26782","-0.0877700000000061","-0.00728452803449337","-0.0186562887852119","-0.0640667729955355","-0.0315768228665654","0.00907721815111628"
"134","2009-02-01","-0.00214304019427658","0.00158061149872779","0.000700525422693055","0.399999999999999","0.0417517946802217","0.0706815856512852","0.0504647939259097","0.0350913198112703","-0.200000000000003","0.00110189277418193","0","0.108932465200684","0.5","-0.00507642716778101","-0.00316957476127921","-0.00544960476756495","-0.028917677639579","-0.00383142231155631","-0.00424629088145068","0.00249066131245179","0.00450451212110448","-0.038374012881615","-0.0297261802652011","-0.0689928714869517","-0.0689928714869517","0","-0.0151253610707558","0.0114026320978118","-0.00780357414226263","0.0156535405800033","-0.0052015721960732","-0.0248746127728747","0.0024242436115065","-0.00510639407457347","0.0158830461730028","0.133104194326819","-0.00105466699879742","0","0.0144930073025664","0","-0.0357728486143056","-0.015217684970886","-0.00228571528085642","0.00561799230422366","-0.0197107830639327","0.0149308778048294","-0.0166275204710349","-0.0109586497263408","-0.0258262137941294","0.00477839343716988","0.00320859110245483","0.00469356499628251","0.00791173745252144","0.00551754417207863","0.00939254298047052","0.00177430586126598","-0.00492381310289522","0.00676667148654446","0.00274811511026251","0.00943447037902412","0.00219852061974204","-0.013131987115917","-0.010779613532284","-0.00424265615932917","-0.0192904805659282","-0.0238733669147848","-0.219978806247676","-0.202462609929759","-0.240762438668906","-0.325537475233374","0.0378324556718894","-0.00539084863487638","0.348696178206927","0.0400782235674102","0.2718506072351","0.00115540163055616","0.0248414288467327","0.0137407170187972","0.0311074083837574","0.0253964289006259","-0.00284100942916921","-0.00276625349289006","-0.5202","-0.000779363347342965","0.0534357211870145","0.230243939854503","0.0299999999999994","0","0.000111986839732126","-0.00461042271335721","0.00329078669369132","0.0119890221082848","-0.232","-0.4287","-0.1333","0.02","0.0636000000000001","-0.0744580297297128","-0.03279990751399","46.34999847","-0.116456513159422","-0.102362000987621","-20.29688","-0.652089999999987","0.217079999999996","0.165750000000003","-0.000599022363557524","0.00163106287832951","-0.0179128595637721","-0.0194360583771189","-0.00201005092802387"
"135","2009-03-01","-0.00320611482384159","-0.00541076872685053","-0.0077329032088489","0.2","0.0147604155831207","0.0684677992774603","0.0291000164864412","0.0170944333593006","-0.299999999999997","-0.00116674782317006","-0.100000000000009","0.0517593609567948","0.2","0.000865894631437492","0.00316957476127921","0.00272851465320434","0.0570225719596875","0.00955117098434322","0","0","-0.0135748690910686","-0.017263067423781","-0.021787354184907","-0.0741079721537217","-0.0363676441708747","-0.00494805561736911","0.0151253610707558","-0.0136988443581618","-0.0332661267138725","-0.0035906681307285","-0.00391901220073532","0","0","-0.0338427091089519","0","-0.0627455133855728","-0.0405582234719946","-0.00783293822118747","-0.114192367525654","-0.0386411709753682","-0.00312663099943222","-0.0322788179573248","0.00911168035125609","-0.00985229644301189","0.00467290569939216","-0.0150096906206389","0.00477899867746157","0.00568429657176672","0.0090652577083592","0.0000563246759516531","0.00183301951875748","0.0027064288797336","-0.000729022696134414","0.00678659280249002","0.00354355598166541","0.00216360801843229","-0.00441209064399023","0.00284137704418535","-0.000769942285222939","0.0014549618113528","0.000720124925195359","-0.0123965612257255","-0.00795841359920679","-0.0128370503902939","0.0223204234811902","0.0306891606260358","0.0988148562887741","0.184169416882433","0.24222692514007","0.125406815094348","-0.0149174642980938","0.0348767686707774","0.050124387182569","0.315852949418478","-0.002663117419484","0.119577677850657","-0.0247075439420561","-0.00183982434190733","-0.0358811253349721","0.0359420867417688","-0.0165825034681603","0.0716977357413557","-0.5068","-0.00813731337791346","-0.0086055083501364","0.0325002367628748","-0.0199999999999996","-0.37","-0.00488790790157267","0.00687961164966922","-0.00347777102650682","0.00605428069348157","-0.259","-0.3749","-0.2403","-0.4402","-0.332400000000001","0.0278102520034542","0.052301994914373","44.13999939","0.0819526934791348","0.0448854934348639","-6.23624999999998","-0.156560000000013","0.596769999999992","0.431190000000001","-0.00542443875435246","0.00303597678045891","-0.0497999145412709","-0.0293999363567243","-0.0101113096043211"
"136","2009-04-01","-0.00400500304278495","0.00171878141077464","-0.00921665510492442","0.3","0.0373875320716204","0.0800427076735364","0.0245526970058787","0.004228336109521","-0.400000000000006","-0.000908412611540399","-0.0999999999999943","0.0361911528184935","0.0999999999999996","-0.000974184197843009","0.00315956029036846","0.00543479598595686","0.0114811823739567","0.00379507096855125","0.00424629088145068","0","0.022523474667083","0.0509200904272564","-0.0222726356091236","-0.0800427076735364","0","0.00987174847915373","0.0114811823739567","0.0383361487435474","0.00948323844766641","0.0107335556431085","0.00912058439680852","-0.0322302779049135","0.00723766730023012","0.0325620259029593","0.00242130868901036","-0.086432505772307","0.0377403279828474","0.00783293822118747","0.0186423508092792","0.0263022595216533","-0.00523287431665764","0.0101295182388554","-0.00568506363460841","0.0112518767974343","0.00465117117573133","0.049540171485086","0.00949002182363756","0.00447458065412754","0.00687530328764474","-0.000751884924824784","0.00110126896693612","-0.000122144465491764","-0.00102868713471617","0.00790983633567941","0.00357145013318508","-0.000100900534219252","-0.00462061041123623","0.005223772059684","-0.00220114865260384","0.00242814815031653","-0.00149910036900641","-0.0154236473900081","0.0166537799684079","0.0244797477186758","0.0123433936516779","0.0158514784556552","-0.0883374612576873","-0.124011181563754","-0.0770390929625799","-0.1580412900673","0.0464245711019089","0.0189273943037271","0.058268908123976","0.0155041865359653","0.0481550418870471","0.0242926925690448","0.0234717039211887","0.00584227562422834","0.0263364295303281","0.0467526664106614","0.0374580812973718","0.0753043830641307","-0.0682","-0.0019214872545259","0.0194012055541233","0.0759529020436815","-0.0700000000000003","0.0399999999999996","-0.00979223973988042","-0.0128515170313523","-0.0105852201811789","-0.013483914638563","-0.3002","-0.1125","0.1828","0.1575","0.234900000000001","0.090935626789344","0.166550719106599","36.5","0.0897722183125813","0.112680988449932","-13.46152","0.520110000000003","0.65252000000001","0.684970000000007","-0.00243651965898249","-0.00144982384921355","-0.00171213491927831","-0.0523576364965921","0.00506843457045925"
"137","2009-05-01","-0.00233508570784835","0.00513868974502785","0.0183491386681967","0.2","-0.00282685700615293","0.0887067715748744","0.0294138852062931","0.0125787822068597","-0.200000000000003","-0.000681851415283319","-0.0999999999999943","0.0252284473594999","0.2","-0.00358015028457359","0","0","-0.00228571528085642","-0.00951481964133816","0.0021164029063776","0","0.0154699217721319","-0.00236686501026551","-0.0297164723284773","0","0","-0.014844409148532","-0.0207619914484294","0.00220994565080268","-0.00141676529010937","-0.0301046213991079","-0.00912058439680852","-0.0403002937639956","-0.0181933459612056","-0.00987344359121423","-0.0419814733888426","0.0638872674512507","-0.00317965291737998","-0.0104576116439583","-0.0403823374456858","-0.00339175000112046","-0.0126717640688225","-0.0123945248697082","-0.00114090143579126","-0.0126673052007655","0","-0.0244971653263244","-0.00354826706372613","0.00432882017035396","-0.00250391902055647","0.00336344171518018","0.00255778618923867","0.00433045484146406","0.00548784933807067","0.00727024610618363","0.000779792677249941","0.00356733181820465","-0.00344796018915311","0.0111892964837355","0.00492263934604714","0.00766530244409585","0.00367918838819423","0.00283146265412007","-0.0188371002751921","-0.0327873652499182","-0.0416078639891921","-0.0569164234037576","0.00922196737334247","-0.0615684241651024","0.0463284080466462","-0.0359515842522455","-0.043665644229133","-0.0446670435682837","-0.359374000907898","0.00511510066677001","-0.230476598681002","-0.0222456089473191","0.0185536179421515","-0.0145857457411569","0.0122930463089239","0.0246081022065168","0.0473814737754527","0.132684082782418","0","0.00165409184464593","0.0284643712361401","0.0472518692968311","0.0499999999999998","-0.0399999999999996","-0.0106036509073686","-0.00390655143371532","-0.00777697271130329","0.00413998201171317","-0.1744","0.00340000000000001","0.0851999999999999","0.2134","0.1333","0.0359664745916328","0.00569500247909183","28.92000008","0.0517205770550353","0.157433562826905","2.96092","0.716070000000002","0.515770000000003","0.87948999999999","0.00110236705117121","0.00896112855793056","0.0145290135451959","-0.002030457550382","-0.00202429218923061"
"138","2009-06-01","-0.002375011872779","-0.00039434768831903","-0.000699545324085449","0.100000000000001","-0.00710230258206668","0.024541108916118","0.0512027105748158","0.0246926125903713","-0.200000000000003","-0.00162532948695038","-0.200000000000003","0.0144173195363901","0","-0.00698006978374011","-0.00632913505164767","-0.00543479598595686","0.00228571528085642","-0.0154145634011869","0.00842110239640892","0","-0.0199342149008173","-0.00475060275859818","-0.00465117117573044","0","0","0.0099207162867474","0.0207619914484294","0.00220507255831404","0.0112783150377069","-0.0110634195442554","0.0207261305171169","0.0267210356376149","0.0048840145924256","0.017533055507978","-0.0165293019512109","0.00864870255853223","0.0154497455091942","0.00262467342277084","0.0257641369361314","-0.012535776694981","0.00635595360069807","0.00113314459716918","0.00909097170125239","0","0.00808785460169847","0.0527077346993492","0.00708388026399831","0.0130776457609354","0.00691870521945503","0.00306419371728291","0.0026513397584725","0.00177489409025164","0.00584937788239677","0.00310555172510293","0.00664434238669051","0.00117083325879189","-0.00310394002632309","0.0117156763641836","0.00364335150815208","0.00773447606741799","-0.000387952384023966","-0.000511864777995447","-0.00262629227177236","0.0087230803060887","0.0255155627004378","0.0354943608004614","-0.106763935127775","0.0298892797160057","-0.280997555583058","0.142435064654696","-0.00874431383927465","0.0864975175146725","0.278632236931863","-0.209210457010285","0.160757378878114","-0.0353835038893173","0.0425302745931715","0.0371313374284059","0.033689045698151","0.0604789938514685","0.0589571566443012","0.180137672982106","0","-0.00591700244396165","0.0458017134061635","0.0571245990737381","0.61","0.47","-0.00767867588882076","-0.0042195699273293","-0.000894849630642014","-0.00334042026236148","-0.1156","0.0025","0.2288","0.1015","0.0957999999999997","-0.0364175445160626","-0.0210061907017582","26.35000038","0.000195808120308172","-0.0386090647143589","-9.72119000000001","0.710239999999999","0.512529999999998","1.01749000000001","0.00616584754160764","-0.00437508836390637","0.0767798068344663","-0.00509425452174295","-0.00813839690297158"
"139","2009-07-01","0.00199676452889719","0.00315043579029783","0.00418995026385449","0","-0.0333364202675916","0.0415490029128724","0.0503462023196848","0.0240975515790609","0.100000000000009","0.00136545422561341","0.0999999999999943","0.00880393310410632","0.0999999999999996","-0.00328875543080187","-0.00317965291737954","-0.00546449447207875","-0.00228571528085642","0.0135006872189027","-0.0105375053027865","-0.00498754151103942","0.0111235852186624","0.00237812240496726","0.0207619914484294","0","-0.037740327982847","0.00394089179987667","-0.0103271141558494","-0.0188999511304839","0.0180602269287231","-0.0111871893905651","0.00893432873376554","-0.0217185239546431","-0.00121876919412944","0.00718060107486096","-0.00772204609391025","0.0826062815397703","0.0086730812534288","0.00522877008279909","0.0483438352175911","0.00114613193062318","-0.00211416569233513","0.0056465423882095","-0.00339943670146425","0.0084626739187339","0.00459243057421066","0.18365400336306","0.0082015446276138","0.00278690367428425","0.0139712039125399","0.00201555451487065","0.00288711864354564","0.00354094699300701","0.00311358684529289","0.00418059273795006","0.00173763092461219","0.00315816688635911","-0.00227399428224753","0.00694623994055274","0.00353550218405847","0.00473139627078453","0.00445465193714975","0.00300011236673753","0.0187884195077146","0.0502240725695291","0.025211916734504","0.0353192017922748","0.0726249524543618","0.133017649998273","0.164282862526323","0.162975775584658","0.0410576532430529","0.00203703774143271","-0.118067166926941","-0.189897350602412","-0.0403112258022462","-0.0931937768979472","-0.00538441190446814","-0.00336865300898703","-0.00514934196520381","-0.0234744307567691","0","-0.0627037383940259","0","-0.0048000264746193","0.01178774989266","0.0575801097131912","0.14","-0.0300000000000002","0.00310102787550548","0.00677050359083431","0.00407730649778415","0.00412460493927291","-0.2401","0.0015","0.1588","0.1017","-0.0122","0.080205552766798","0.0759904990345177","25.92000008","0.0715219494010046","0.0813811150440622","-17.29069","0.640439999999998","0.453099999999992","1.08358999999999","-0.00104546957888028","0.00154184099557509","0.00683956981052794","-0.00923557103308159","0.00204081703485315"
"140","2009-08-01","-0.000240777368091472","0.00666190172018055","0.0103987072208982","-0.100000000000001","-0.0383073499984929","0.0436088054274348","0.0322089033696171","-0.0655972824858129","-0.100000000000009","-0.00051995321592635","-0.0999999999999943","0.00941449243122516","0","0.00492908605176012","0.00317965291737954","0.00818558458643937","0.00228571528085642","0.0114286958236223","0.0084388686458654","0","0.00441501820911672","0.00237248035363091","-0.00457666702741211","-0.0870113769896297","0.0741079721537217","-0.0198616260867217","0.008041398874993","0","-0.0688617583361149","-0.0227569871226159","0.016383479250524","0.0197634891188398","-0.00244200365555169","-0.105547588897545","-0.0314986670593713","-0.0180004860236211","-0.126891751854624","-0.00261096754072021","-0.00639797447966028","0.0159094264699773","0.00316957476127921","0.0067340321813445","0.00113443007061154","-0.0070472455154027","0.00114481981593251","0.040765165212731","-0.00116749295037355","0.00617965270367549","-0.00236424734861984","0.00163924546804948","0.00185261335409975","0.000873075285963956","0.0012403199820853","0.0109972779457482","0.00152555556757817","0.00175209447072873","-0.00332838457662151","0.011132902990858","0.0038214721779488","0.00394331226553889","0.00118910905467512","0.00272772659758044","-0.035360887380433","-0.052076099934391","-0.0192958594416819","-0.0251665509939265","-0.173985958294653","-0.108162198499063","-0.371563556432482","-0.232690408200019","-0.0416136721620202","0.0180581468803531","0.144974619846866","-0.0230779472825446","0.0498028224838176","-0.0259142887654704","-0.00162243660616834","-0.0217878336980671","-0.0021534096783476","0.0166794206607728","0.0105152161704662","0.117989925074728","0","-0.0107019742904964","-0.0855998350757474","-0.0163577750967008","0.04","0.00999999999999979","0.0102081284160427","0.00634900931057736","0.0116139348832007","0.00163383861145405","-0.2232","0.00469999999999998","-0.1625","-0.1096","-0.2424","0.0686299145996871","0.0972968414482338","26.01000023","0.0330093361963897","0.0423560505213603","-4.57078999999999","0.712029999999999","0.482410000000002","1.04759000000001","0.00365563623038706","0.00105862462152937","0.0608280972855378","0.00411523214510634","0.0030534374868898"
"141","2009-09-01","0.000515880533512814","0.00687644616855998","-0.00831029713362774","0.100000000000001","-0.010003931064519","0.0506437328187541","-0.0111554941717849","0.004228336109521","0","0.000454973846853335","0","0.00554432194266052","0","0.00446989024417555","0.00316957476127921","0.00542006746933898","0.00228050269872515","-0.0114286958236223","0.004192878260036","0.00249688019858763","0.00220022090960192","0.00236686501026551","-0.00921665510492353","-0.0953101798043248","-0.0363676441708747","0.00400400935338219","-0.00688866099518481","0.0714589639821446","-0.0108750453888753","0.0314689277246378","0.00623054975063653","-0.0542846834870723","0.00852104973193324","-0.0198400461440578","0.0171848247541009","0.0130327659216869","-0.021403908663153","0.00261096754072021","0.0549451548063216","0.0145497810147308","0.00105429635490584","0.0133335308694651","-0.00113443007061154","0.00282486063555432","-0.00229095174655569","-0.0666830108343435","-0.00116896511763098","-0.0000145058252289942","-0.0023257126749705","-0.000352892975168472","0.00199160383570232","0.00119533333220347","0.000492159837142042","0.00717087782009457","-0.00117190588159535","0.00207972522038931","-0.00309497979107998","0.00762644413247953","0.00261702831557765","0.00493482951628536","0.00335750535586994","0.00116905706825566","0.0340892323948747","0.052076099934391","0.0317058730246877","0.0421066877001852","0.117822282894365","0.0523782099957391","0.247756192694174","0.144749818558275","0.0511709287254263","0.0565122102633424","0.0369205886140476","0.54899819727102","0.0344861760711694","0.290958322590077","-0.0280958606519865","-0.0176767319779012","-0.0337618106720243","-0.0514647465798292","-0.0128398027681125","-0.0693771287667042","0","-0.0019089037807607","0.0293243901509026","0.0563073342126366","-0.0299999999999994","0.04","0.0281938759432698","0.0124380863181788","0.00802874579728474","0.0100542387877081","-0.1723","0.00820000000000004","-0.1715","-0.0575999999999999","-0.1476","0.0442827601419715","0.0361735904900993","25.61000061","0.0351000674308315","0.0367737048899244","12.94616","0.667680000000004","0.666080000000008","0.919689999999989","0.00370892891321866","0.00457122892344347","0.0128271904811241","0.00512033888797525","0.00708863727773501"
"142","2009-10-01","0.000275027504482495","0.00180855235964472","-0.000695652201967434","-0.100000000000001","-0.0338215484755109","0.00176211499339995","0.0206192872027353","-0.004228336109521","0","-0.000747566381329889","-0.100000000000009","0.00545196815411497","0.100000000000001","-0.00337782941706699","-0.00316957476127921","-0.00270636159774273","0","0.0152094186635283","0.00417537141048019","0","0.00219539056343621","0.00236127618568016","0.0115076068514792","-0.105360515657826","0.071458963982145","0","0.0205252359447305","0.00832470988603173","0.00792083349144423","-0.0200257005022948","0","0.00515199490942742","-0.00242718565761102","0.0484265939054751","-0.0306078450862408","-0.0626810176182175","0.0602474767997068","0.00390371348047402","0.0486165681269863","-0.00222469502211098","0.00839459284302624","0.0109770586311511","-0.00341103230106299","0.0056258938821685","0.00343446244863532","0.132194952905756","0.00116896511763098","0.00814727169637308","0.015447022245441","0.00176703268099616","0.00262201545209206","0.002387519016843","0.00227893183081925","0.00191637085859888","0.00589033029631492","0.00162921849717016","-0.00228770256953332","0.00849774281822298","0.00479629104360252","0.00331877243057059","0.00332269525268105","0.00622120970090156","0.0252835487544818","0.0289177629407646","0.0134545746800825","0.0166579422513813","0.0923086768005668","-0.00301563596522847","0.0302480527554971","-0.24160838576873","0.0486794394762029","-0.000343465570953327","0.0699874016534601","-0.417901673149172","0.0716837285422161","-0.139538952074313","-0.0222984747418566","-0.0338566507164526","-0.0256563304741076","-0.0200009576835365","-0.00793191356954287","0.0729564277421977","0","-0.00599649256848522","-0.0122419774257434","0.0058267387298212","-0.0200000000000005","-0.149999999999999","0.00536756824374507","0.0197346309675339","0.0134745136217322","0.0184583453310836","-0.0347000000000001","0.017","-0.0949","-0.0867","-0.0188000000000006","-0.0192365751458778","-0.0284574986177493","30.69000053","-0.0199598805374466","-0.00129035243710174","0.716539999999995","0.462100000000007","0.41292","0.7226","0.006273403967087","0.00123775549419304","0.0573038138720494","0.042006175634155","0.00804024431856565"
"143","2009-11-01","0.000343678045792828","0.000645119692071816","0.00555171446750791","0","0.000799680170564976","-0.0524058478121541","0.0400053346136993","0.0455565316023669","0","0.000195071201607888","0","-0.00501719904071773","-0.100000000000001","-0.000655093374230198","0","-0.00271370587159625","0.00227531383713497","0","0.00208116620382448","0","0.00437637459979889","-0.00236127618568016","0.0381640029457584","0","0.0666913744986721","0","-0.00112930559715174","-0.0104167608582557","-0.00941299989613942","0.0138106400988605","0","0.0102250379611615","0.00605695370818982","-0.0220597180647326","0.0227130672392333","0.0486386604951781","-0.011762609533883","0.00129785871559918","0.0172121288811216","0.0307041663439795","0.00417101751733817","0.0151682214731714","0.00113830405006077","-0.00140350900232011","-0.0068807610922228","-0.045766078855209","0.00116749295037355","-0.00227300494964311","0.000543801601804006","0.00270655110465147","0.00328341556801932","0.00164311925841968","0.00319215846911384","0.0039878059973844","-0.00142993162349228","0.00358538568287333","-0.00218032379756271","0.014555369878371","0.00387944382701462","0.00571577513331809","0.00266273582870175","0.0030900321654374","0.00333476560766677","-0.00707236334900863","-0.0170783956044609","-0.0253039090710843","-0.0462882864571075","-0.0430365998797839","-0.0289692802027206","0.146655125750473","-0.0108295173048685","-0.0352232174037166","-0.204433010401385","0.0628305787924148","-0.150315003377345","-0.0461781937207801","0.0195682870241782","0.0280081827501169","0.0179564088246673","0.0111504045133719","0.0242724442005809","0.0520762775934136","0","-0.00526274860390785","0.00481302948458762","0.0234099290758643","0.04","-0.220000000000001","0.00595896939680607","0.000722198358849013","-0.000966123378155714","-0.00328259618160054","0.0385000000000001","0.00370000000000004","0.1396","0.1893","0.1677","0.0244000638440545","0.00366212714701675","24.51000023","0.0557790770857576","0.0491283099233528","27.96735","0.079039999999992","0.134999999999991","0.484999999999999","0.00693312620620879","0.0050104387825951","0.0482208183760312","-0.00885396831725416","-0.00100150233708973"
"144","2009-12-01","-0.00154748221187084","0.00167536607265362","0.00414365233765501","-0.0999999999999996","-0.0424553554393974","0.0202027073175186","0.0326438480763631","-0.00405680069561498","-0.199999999999989","-0.00195242650938354","-0.199999999999989","-0.0106124973793156","0","-0.0013114755978112","0","0.00271370587159625","0","0.0018850146957714","0.0205768576887593","0.00249066131245179","0.00218102594635994","0.00471698987813962","0.021787354184907","0","0","-0.0020000006666665","-0.00453001907174944","-0.00630254187080226","0.0039741731392775","-0.0265334580268286","0.0221139232585061","-0.0236758356852844","-0.00605695370818982","-0.020658011620422","-0.0335827394761372","0.0229665611200476","-0.0405039789348107","0.00646414661988981","0.0954135977681165","0.0276908001451863","0.00104004169541394","0.0244303175069005","0.00113700978707509","0.00280505092760919","-0.00808785460169847","0.0308371415585551","-0.0070257073243436","-0.00477718046867182","-0.00241522897030144","0.00222327648395315","0.00262501298056764","0.00365925904004602","0.00339947861832588","-0.000600981277155714","0.0045723474345751","0.00402373211159189","-0.00144850133884184","0.00937245402881669","0.00437450228040328","0.00411063894289077","0.00577439587627177","0.0030354742280089","0.00682531799313502","0.0105551098777372","0.023172513408749","0.029142586479983","0.143860175465186","0.151254260338389","0.175911278433036","0.188192415143738","0.0158501122467811","0.0456462079626032","-0.00734397425575928","0.167793456231045","0.0250709510013918","0.0903177559456578","-0.00789544312660517","-0.0253762174933746","0.0000898755224619519","-0.013402881170534","-0.0218061996556312","-0.0291179915078379","0","-0.00581395372299021","0.0336930655494321","0.0128740760695027","-0.04","-0.0499999999999998","0.00582676622062195","0.000687473740155653","-0.00568952107927423","0.000772107615416573","-0.00370000000000004","-0.00170000000000003","0.02","0.1279","0.1129","0.0415535246273073","0.0426395004094147","21.68000031","0.0176145206146643","-0.00431166004328132","-17.74488","0.0215400000000017","0.0309000000000026","0.274799999999999","0.00436437824906298","0.00189255364119835","0.0328691850142545","0.00394477829101625","0"
"145","2010-01-01","-0.0011363441934904","-0.00296602190488926","0.0204645613836112","0.2","0.00830569558727845","0.0108500160240661","0.0649946214875525","0.100470530363635","-0.100000000000009","0.000716332408854825","0","0.00974277004611768","0.100000000000001","0.00458265941109293","0.00632913505164767","0.00809721023261956","-0.00227531383713497","0.00188146809970569","0","0.00743497848751762","0.0043478329361033","0.00235017734495369","0.0064447054426422","0","-0.138150338480817","-0.00904983551991823","-0.0405382663299561","-0.0973142941821976","0.0307566347411514","-0.00384862566129396","-0.0447279522596666","0.089612158689687","-0.0221139232585061","0.0276040918751059","0.0296118540466441","-0.0865627654348442","0.0313014600036494","-0.00906155067757464","-0.0293830162450313","-0.0169495583137733","-0.0146599484106842","-0.0179994271766102","-0.00227531383713586","-0.0084388686458654","-0.0330218683049468","-0.0745128373295136","-0.029817405671416","-0.0241700372844775","-0.0507193877367147","0.00439356081296415","0.00321709164740895","0.00406962405831743","0.00612833198370926","0.00440635548220736","0.00614748563240796","0.00420057514897257","-0.00138524006808107","0.00666957245539122","0.0052289936733142","0.00675979936895186","0.00487673225488212","0.00503675183638121","-0.0291014670619578","-0.0459225348014662","-0.00780410454107106","-0.0132006575881025","-0.0780106699653018","-0.280385882411791","0.0154217361092375","-0.322425020895654","-0.0649659629051396","0.0373688183586793","-0.0872347657987786","-0.0789141667570101","-0.10581912607632","0.0469659862974154","0.00601565930687009","-0.0157186882197131","0.0178146690430131","0.00894092715466499","-0.00475294867169451","0.0227056159401258","0","0.050411589701481","-0.171340529619727","-0.220616878955916","-0.11","-0.0799999999999996","0.0221040744529066","0.0961650580438977","0.0794090435816468","0.0790791474752179","0.00729999999999997","0.00530000000000003","0.1949","0.1154","0.0855000000000006","-0.0370101979535926","-0.00750648850654656","24.62000084","-0.0376751241926438","-0.0486976033188018","26.74094","0.209980000000002","0.164500000000004","0.110800000000012","-0.000136486184837995","-0.00733084900474894","0.0292370288901065","-0.000984736662539731","0"
"146","2010-02-01","-0.00037906852978864","0.00451002632896902","0.00067499158823292","0.0999999999999996","0.0033030583292577","-0.0181493185056771","0.0493762733978942","0.03964483134724","-0.0999999999999943","0.000292897243978629","0","-0.0204056680072684","-0.100000000000001","-0.00458265941109293","-0.00315956029036846","-0.00539084863487682","0.0158195389448927","-0.00376648279547709","0.0020345886977875","-0.00247218914538827","0.00216684808509005","0.0139862419747399","-0.00429185208154159","0","0","0.0140423571230395","0.0140847398817385","0.0476280489892549","-0.0194180858571018","0.0153064212826752","0.0435121466387773","-0.000952834755271859","0.0208981176376168","-0.0209846823624309","0.00397088542949309","-0.00431500130141327","-0.0392823483346625","0.0154841803340418","0.0262758154022826","-0.010741241831413","0.0433504408736134","0.0200958640031379","-0.00228050269872515","0.0195810451991072","0.0283706971292155","-0.0307533261796671","0.0286415683681458","0.0253171573450413","0.0572237557763682","0.000109594392590301","0.00211148508775919","0.00109728674530209","-0.00121614000714137","0.00000966250270096648","-0.000717146955683657","0.00282245831058189","-0.000440310550059053","0.00347597706022441","0.00232392520522168","0.00101254235551412","0.0010995382728193","0.00352781568826906","0.0444204687621408","0.085560363606108","-0.00964954128780526","-0.0155978269284276","0.0366583695326952","0.135747590631683","0.0993796049294726","0.124866010282084","0.0440148398016014","-0.0575437740119646","0.243839434587604","-0.0480572949537796","0.188925594003869","-0.0941872150597014","-0.00907975279796869","-0.0205624245618462","0.00773902376318225","-0.0450885587578327","-0.034430817076214","-0.0322866891647671","0","-0.0136005017990328","0.0769869925197515","0.0284168421244644","-0.0599999999999996","-0.0900000000000003","0.0139405330250888","0.0131915418461297","0.0116816028298512","0.00302699282619834","0.0201","0.0127","-0.0759000000000003","0.0598999999999998","0.0996999999999995","0.0282790599888374","0.0115276611817414","19.5","0.0281147396387649","-0.00846084532506719","-5.26449","0.231960000000001","0.119599999999991","-0.000900000000001455","0.000916200162778803","0.00161304237035057","-0.00151743994575011","-0.000985707324758778","-0.00100250634962595"
"147","2010-03-01","0.00120562870909779","0.00628005908914631","0.0127390257774298","0","-0.0183033395887504","-0.0278569545029663","0.025708356710207","0.0381328696954437","0","0.000260281105061821","0","-0.0178559030324923","-0.0999999999999996","-0.000656383351429923","-0.00316957476127921","-0.00270636159774273","-0.0112740765732182","0.0370412716803488","0.00809721023262","0.0073983074814441","0","-0.0116415750154859","0.00429185208154159","0","-0.037740327982847","0.0108965912242125","-0.00350263055120159","-0.0167508104248153","0.00440206140063815","0.00630916919326463","0.0287789645500434","0.0160759963294925","0.0144930073025664","0.0433447286932465","0.0144264797102229","0.0669005941102867","0.0553316037879412","0.00765309857771701","0.0720311282088826","0.0192519314993218","0.00704582683320254","0.0207261305171169","0.00569153499978814","0.00690133864069242","-0.00701757265864611","-0.0275756902402025","-0.00945636915652592","0.00200793650981446","-0.00105091782792677","0.00341448113963654","0.00340544826113516","0.00382662943354344","0.00470073235731856","-0.00296604621474514","0.00572402045035996","0.00329178354130484","0.000647124851187408","0.005946227429242","0.00563336833169692","0.00655849507795584","0.00352543857205281","0.00351182992167997","-0.017873039885588","-0.0319147129609032","0.044904123996961","0.0591134285744275","-0.00433957827752884","-0.013777294858496","-0.0419573736496615","0.0259119850665357","0.0383273235858752","0.0881020432347306","0.0391399083372699","0.272958830898888","0.0262351086543458","0.13095606284679","-0.0361661717495521","-0.0697286270761788","-0.0287041522282273","-0.030194289331444","-0.036654683856675","0.0666126398518871","0","-0.0134288959792919","0.0129890980944207","0.0268590106620703","0","0.04","-0.00239790509562354","-0.00774940537170288","-0.00496475305781452","0.00317516313605992","0.0124","0.00409999999999999","-0.0735999999999999","0.0290999999999997","0.0540000000000003","0.0614289782892152","0.0842026647729099","17.59000015","0.057132815875776","0.0614701086871503","1.09924000000001","0.337639999999993","-0.0858999999999952","-0.0777000000000072","0.00627307526284056","0.00185126634866775","0.0404806384206603","0.0396378617590383","0.00600001800009764"
"148","2010-04-01","0.00329942559422847","0.00649476972601271","0.0263000036866536","-0.0999999999999996","-0.00505051578606874","-0.0190119794885719","0.0163628572104804","0.0301530381706874","0.200000000000003","0.00285862980529572","0.199999999999989","-0.0146358354557936","-0.100000000000001","0.00284122145016941","0","0","0.00226500663085183","-0.0446170654888061","-0.006066752682238","-0.00492611833605583","0.00431966114451665","-0.0070505579966671","0.0253713397420174","0.105360515657826","0.143100843640673","-0.0188966338912895","-0.0176995770994015","-0.0367013668504281","-0.0262066913674905","-0.0345523815066597","0.00353982670512387","-0.0065882591243831","-0.0181493185056771","-0.0255955471889635","-0.0330936884299131","-0.113369131018752","-0.0311863579860727","-0.00127145598819656","-0.0383716528575899","-0.0301098014713705","0.0149330798855729","-0.00927363678532878","0.00453001907174944","-0.00137646270872338","0.00585139176846372","-0.0469265010854878","0.00592075595625374","0.0122329192254558","0.0048305676626974","0.00257721856484884","0.00283423328339647","0.00266190031481071","0.00444421636673035","-0.000331743838936869","0.00162669054092415","0.00158449464665253","0.0015592185353826","0.00522285030617275","0.0062660243235315","0.00738105595668729","0.00540498477853676","-0.000269007766070859","0.0128924761329454","0.0175434096658034","-0.0121712849014148","-0.0188865404337619","-0.00736601338991427","0.00383685515324395","-0.133033260609241","-0.0160548328049188","0.0164018125798577","-0.035729633097235","0.0180185055026785","-0.0430688571858227","0.0231576466752301","-0.0265219020490948","0.0230059194799006","0.000714123443858405","0.0305421467065338","0.048351225988343","0.0188864890607432","0.073237728974628","0","-0.00828189228772658","-0.0112212720594762","0.0213499733769176","0","-0.1","-0.00248939313343577","-0.0135029828667772","-0.0124576503195382","-0.00721243871695521","0.0113000000000001","0.00130000000000002","0.00200000000000022","0.00919999999999987","-0.0118","-0.0162260486160672","0.0195512797625597","22.04999924","0.014651372417398","-0.0217467643765485","14.94617","0.48415","-0.254900000000006","-0.1374","0.0086802407823576","-0.00478300730124916","0.027375736181939","0.0463045680416867","-0.0070035303773377"
"149","2010-05-01","0.00164563942788298","0.00164880499018416","0.0237266660857038","0","-0.0101782049157553","-0.0174254167138592","0.00249376687840197","0.0356601803988843","0","0.000227040527709832","-0.0999999999999943","-0.0207230428855008","-0.0999999999999996","0.00641759966233302","0.00316957476127921","0.00270636159774273","0.00225988796743781","-0.00955117098434322","0","-0.00247218914538827","-0.0064865092296067","0.00938974034983886","0.0103843093057172","0","0","0.00200601872686601","0.0223670301468966","0.0287872497944379","0.00100150233708973","0.0103627870355467","-0.00827917206902029","-0.0287376097673571","0.00729930248161104","-0.0153956854779738","0.00402955548600215","0.00901922686684919","-0.0141790481032675","0.00634117533844769","0.0650398999397517","0.00544367158117609","0.0108109161042158","0.0164274741419472","0.00450959050597532","0.0041237171838624","0.00233100338647585","-0.0172319461688097","0.00235849996993576","0.000282268083863002","-0.00147222124546786","0.00123116883384552","0.00243819443362041","0.00148384114900143","-0.000794191898657139","0.00174739474557343","0.00414581790305759","0.00384383552004511","0.000368910498910755","0.00470315519250313","0.00345020589065609","0.00143718451465604","0.00366422339540233","0.00401013784733295","0.000130893723833125","-0.00526826839207395","0.00363549080693559","0.00231067201140078","-0.127447605043139","-0.102847672977161","-0.0312164075244086","-0.108690122183589","0.0247705487465293","0.0200430369295361","-0.356108211138072","-0.122070944217031","-0.202278412850248","-0.0484195192430246","-0.00170675851506097","-0.0104378271668412","0.021539693530756","-0.0647660033945172","-0.047594660034159","-0.110456135004663","0","-0.0110486171486244","-0.00458314875245769","-0.00456963489857465","-0.12","-0.04","0.00673608876838472","0.00732880801538549","0.000496668333841654","-0.00268199177398465","0.0407","0.0116","-0.3221","-0.3235","-0.2437","-0.068727297350426","-0.0729110268513367","32.06999969","-0.0855315727060928","-0.116449126131831","50.52077","0.491590000000002","-0.353579999999994","-0.17949999999999","0.00403576217114126","0.00553027438203725","-0.00971835855660526","0.0179377006866668","-0.00301659353942529"
"150","2010-06-01","0.00454569540539396","0.0125930388534279","-0.000633914442780714","-0.100000000000001","0.0210889300219188","-0.052116001139014","0","0.0251585596361554","0.199999999999989","0.00310850880104319","0.200000000000003","-0.0158460549074269","0","0.00421964380497819","0","0","-0.00225988796743781","-0.00577479949388415","0.00202634314523298","0.00247218914538827","0.0486868637199835","0.0023337233462204","-0.0103843093057172","0.182321556793954","0.125163142954006","-0.0151441561642978","-0.0199889077419284","-0.0311264321476097","-0.0299743039658473","0.00128783018442835","0","-0.000972289818938599","-0.00242718565761102","-0.102908319192538","0.0119921490452635","-0.00901922686684919","-0.126698103293492","0.00252525386719427","-0.0122932990246385","0.0414732482065752","0.00681931527205482","0.0171634702940882","-0.0101753280416519","0.0041067819526539","0","0.0232955700137065","0.00117711323033642","0.00131861401907862","-0.000436166894150603","0.00206199148184011","0.00275321556330908","0.00355655193918759","0.000936169716981692","0.00359189772601108","0.00541100908177792","0.00549763085523686","-0.00023056937327583","0.00130141826453869","0.00284765328503638","0.00124328393268309","0.00696442577602835","0.00302752351579348","0.037308105813926","0.0626432386283913","0.0387320893176621","0.0495290322861184","0.181284212302591","0.19442735393717","0.126164334109775","0.186958139490081","0.016953527397785","0.0377552657744147","0.197317151754311","0.356398662682658","0.137579236237996","0.139592751950934","0.0226248271453047","0.00555865800382765","0.0334107737257281","-0.00274427706183467","0.00911943164990853","-0.0157922464544198","0","-0.00815899155966271","0.00879368128880209","-0.00968696027013927","-0.0300000000000002","-0.11","0.00637602521623037","0.000934676690254932","-0.00127541880516446","0.00188589595228983","0.0309","0.00279999999999997","-0.191","-0.1765","-0.1064","-0.0497357258697093","-0.0285234470416196","34.54000092","-0.055388449179925","-0.0528917551504584","-31.90259","0.285550000000001","-0.317520000000002","-0.182300000000012","-0.00108753918312706","-0.000982070545534749","-0.0386936366628022","0.0202382622409916","0"
"151","2010-07-01","0.000477294431533437","0.00424576062375337","0.000633914442780714","0","-0.0142919624780324","-0.0292296383149386","0.0246014867303082","0.0365894474322923","0","0.000323247998677445","0","-0.00894356533157126","-0.0999999999999996","-0.00129645653422639","0","0","0.00225988796743781","0","-0.00202634314523298","0.00492611833605583","-0.0422003544903768","-0.0023337233462204","-0.0383025544142663","-0.0870113769896297","0","-0.00817164914931912","0.00473934536389642","-0.0070505579966671","0.00051559681472213","-0.0353671438372913","0.00710062154957569","0.00291403800184931","-0.0109958346745289","0.0211402562168628","-0.044692610356198","0.00339175000112046","0.0275328226353686","0.00377596420953452","0.0085268162291614","0.0072652109914122","0.00869990987554559","0.00797611407000876","0.00453515516539138","0.00136518792533913","0.00348634867943787","-0.0344551833064575","0.00235018572406176","0.00214705585942632","0.0089324338509158","0.000793445529225862","0.00236701295728674","0.00108666127411032","0.00085334169170541","-0.000630844597519236","0.000530760580265425","0.00107789963091739","-0.000752389300044974","-0.00132878012453943","0.00176468030485117","0.00201957243538809","0.000997212863136102","0.00139627301550712","-0.014222978002616","-0.0265981753018121","0.00407050163426703","0.00284412927625333","-0.117134569256642","0.0223850705074291","-0.318518433004617","-0.0114026320978118","0.00620343640212617","-0.0052959625338147","0.00464037955650287","0.054576101236476","-0.00128617381074392","0.0773056580664955","0.00527357928909122","0.0404515072208615","-0.0102326087298791","-0.00122965384728069","0.0357988992303822","0.0109087153339811","0","-0.00437134666440464","-0.0107276506718126","-0.0166780834745701","-0.109999999999999","0.1","-0.00366479148273235","-0.00122505847736853","-0.000809296158875483","-0.00198711569567322","0.00759999999999994","0.003","-0.0929000000000002","-0.0919999999999996","-0.0325000000000006","0.0653953016478814","0.0603451630942793","23.5","0.0665157993260923","0.135482666422939","15.15258","0.284800000000004","-0.276839999999993","-0.159899999999993","0.00143750023231869","0.00373783573690036","-0.0186288096187437","0.0103987072208982","0"
"152","2010-08-01","0.00156665109354037","0.00236480289432528","0.00631714040126141","0","0.0134568893606106","-0.0477314028211895","0","-0.0120483385161751","0.100000000000009","0.00116282838775383","0.0999999999999943","-0.000617389832679116","0","0.00205194736936232","0","0","0.00450451212110448","0","0.006066752682238","0.00490197060020758","0.00430108189939027","0.00698489452195084","-0.0131006240456983","-0.0953101798043248","0","-0.00205338881184236","0.00236127618567927","0.0140517534556501","-0.00932166252713618","0.0184945826361647","-0.0118625353098203","0.0086915081184582","0.00245398896156601","-0.0102565001671886","0.0205627532965105","-0.0580883375203793","-0.00482986668875363","0","-0.0267702410646047","-0.0177365108587075","0.00575817329968409","-0.00797611407000876","-0.00113186203368354","0.00272479732618525","0","-0.0313781484847535","0.00117297094405888","0.00257885501216037","0.0074337970581837","0.00267123614852881","0.00328337563543746","0.00389615379464088","0.0000993731838659223","-0.00434560236397827","0.00237749489800909","0.00483725127951045","0.00139974309193866","0.00732123118265614","0.00320596044813584","0.0000281987987804388","0.00488284331912131","0.00211486047857404","-0.00637867148001625","-0.0147360979092479","-0.00819340921198908","-0.0126921240673603","-0.159024458848001","-0.0615814752354087","-0.0466216984861676","-0.0312161381670784","0.00891345207599237","-0.00422568904875043","0.0843071064599936","-0.378363178330373","0.0501987444923557","-0.170334178876151","0.0142986343334846","0.0203955865669403","0.0143624568396644","-0.000872200949990187","0.0233222237774152","0.019133069568527","0","-0.006146515538342","-0.0259947202365094","-0.0284302348286012","-0.17","-0.0299999999999998","-0.00797370584663071","-0.00441056813703078","-0.00399240415416457","-0.0109039105360118","-0.00270000000000004","0.001","-0.2536","-0.2757","-0.193","-0.00688837173026968","-0.0125016129442947","26.04999924","-0.0486118233154089","-0.0283379950478135","-13.73917","0.180099999999996","-0.193670000000012","-0.110200000000006","0.00165459153700254","-0.0011635549010305","0.00896588541392827","-0.0226687998127124","-0.00201612971518461"
"153","2010-09-01","-0.00262382376689629","-0.00311274608551315","0.00627748451913934","0.100000000000001","0.00583092031079335","0.0392207131532816","0.0228238135652568","0.0150378773645405","-0.200000000000003","-0.000871994500325712","-0.0999999999999943","-0.000137249519842619","0","-0.00464991375806711","-0.00316957476127921","0","0.0022446698538241","0.00385356931599024","0","0","0.00428266179200154","0.00462963789874227","0","0","-0.0298529631496813","-0.00722024797348642","-0.0130565653024277","-0.0355066884569091","-0.00678676580449","-0.0131754211585644","-0.00358637563122688","0.0199911464785645","-0.00738010729762184","-0.0176811678432269","-0.005442190302686","-0.0680534632450156","-0.0299329919600959","0.00501254182354405","0.0370941244062406","0","-0.00864974157948328","0.00100050033358379","0.00451978170561951","0.00677968698537956","-0.0104957231720144","0.0280468949691484","-0.010607036932119","-0.00536642739580806","-0.0110822196363873","-0.00035136885873163","0.0020087733710287","0.00111422575858444","0.0012678432195238","-0.000795101931650195","0.00276851420233625","-0.000641145784107074","0.00340680726512302","-0.0116945384945808","0.00229162038568564","0.00324581817381381","0.00376409894195606","0.00223478038937145","0.0127532240823616","0.015951623938113","0.0158802496166555","0.0217488982434872","0.121272910983524","0.107033944840792","-0.145858039941927","0.168181993240236","0.012997229089077","0.0270004411236737","0.0578673823205484","0.215628754811723","0.0289525651129452","0.100613892198911","-0.0176452319343303","-0.0125352840881469","-0.019224159626032","-0.0171530145451699","-0.00525002806490027","0.0103306703878792","0","-0.00657695681588777","0.000405391715291969","-0.0121368193659865","-0.0300000000000002","0.0599999999999996","-0.0144753327478515","0.000534254261998157","0.000449090366771543","0.00190582917102766","-0.00469999999999993","0.01","-0.0980000000000001","-0.1059","-0.0870000000000002","0.0614322867434627","0.0694589366935681","23.70000076","0.0839284740895421","0.0894593932405359","-11.12591","0.0734000000000066","-0.35132999999999","-0.0664000000000016","0.0026282877671961","0.00562873123955208","0.0102543019969547","0.0131407935610577","0.00302267232658604"
"154","2010-10-01","-0.000819224513321615","-0.00224719195690426","-0.0144975750664864","0","0.00827134575067756","-0.0347861160854155","-0.00595594375285113","0.00595239852729534","-0.200000000000003","-0.00197286566035437","-0.200000000000003","-0.00419518513562078","0","-0.000650547567126125","0","0.00269905696916517","0.00223964259350495","0","0","0","0.00213447252863208","0","0.0409099027441266","0.182321556793954","0.0298529631496813","0.0123458358222992","0.0386691411591542","0.0261608260386721","0.0186824323267993","0.0326186778627919","-0.0120483385161751","0.0805500827433132","0.0183491386681958","-0.037962323725476","0.0335376837557204","-0.00900327624995878","-0.0559586536480445","0.00249688019858763","0.00558660670863986","0.0167018496179319","0.0067340321813445","0.0109399400383339","0.00337648041660543","0","0.00584455199628309","-0.0145852501524404","0.00236687350879095","0.00958005574733889","0.00385402709012084","0.00278408393982967","0.00343006039779322","0.00236805486989002","0.00303880735802282","-0.00301229734189299","0.00294222944733024","0.00399913496998335","0.00128840248180578","0.0115261645082211","0.00337663124136741","0.00424609643084336","0.00276046395446766","0.000799506940855285","0.00226681392232031","-0.00355216792399204","-0.0170792583412638","-0.0206525805426558","0.149683191752397","-0.248155635713911","0.3700450436874","-0.372804325868616","-0.0306249293200569","-0.0181003901827257","0.0080000426670761","0.0463240716742384","-0.00596304688824656","-0.0385156720806146","-0.0213416515166278","0.00316406877489545","-0.0419569968490492","-0.0137292183397797","0.0180666491633711","0.0600803712058369","0","-0.00375574987895178","-0.0000810651967295684","0.00339442914228805","-0.18","-0.12","0.0107474507298306","0.00500961669383138","0.00255061047540828","-0.00413995263523148","0.00979999999999992","0.00729999999999997","-0.0974999999999999","-0.0586000000000002","-0.00780000000000003","0.0236306702889717","0.0291665894082129","21.20000076","0.0361930520991756","0.0413107904008259","24.45097","0.0587000000000018","-0.316180000000003","-0.0334000000000003","0.00871521029277779","0.00453343615239121","0.05423498084857","-0.00523561405394446","0.00401606965488988"
"155","2010-11-01","0.00136500157694464","-0.000250000001303263","-0.0185843221123667","0","-0.00412712100465118","0.00881062968215485","0.00119402999260743","0.0147278067102432","0.100000000000009","0.00119712058298838","0","0.000964386655993188","0","0.00960663656585048","0.00947874395454384","0.00805373480709681","0.00223463780141575","0","0.00201409937170105","0","0.00425532557013852","0.00230680609791545","0.0188093319574953","0.0800427076735364","0","-0.0196185951513792","-0.0103987072208991","-0.0285733724440567","-0.0239345452402615","-0.0486618027033678","0.00121138718629776","-0.0336017465467684","-0.0208213278135849","-0.042867682243549","-0.0556075450427507","-0.0877163470575999","-0.0446261837111184","0","0.0364671219128123","0.00516263407880668","0","0.00689997808999632","-0.00112422721228089","-0.00135226525001375","-0.0023337233462204","0.0429135245265782","0","0.00754159418740485","0.000247366347336353","0.00376018036098526","0.00381352175864099","0.00369219934114961","0.00623596263903859","0.00336192930983991","0.00286068099005937","0.00155095946783651","0.00264851961279296","0.00737755117544257","0.00565465563809294","0.00874439658043149","0.00329605675541749","0.00229507263780204","0.0102003083044959","0.0133210931168719","0.0221186446150838","0.0322956462787776","-0.0426276578305185","0.238885085114966","0.0612554261128038","0.348101713228244","0.0274593679554958","0.0573181675604992","0.153011727540128","0.0540672212702757","0.121497553060799","0.0650292384124871","0.0179489225299907","0.00111434420000278","0.0250088748855672","0.0160472711202297","0.00622193503929347","0.0310868836703717","0","-0.00953513741647427","0.0276437929454119","-0.0172620071050034","-0.13","-0.15","-0.0151263094193244","-0.00405760305081415","-0.00924560830887167","-0.00609924657444516","0.000600000000000045","0.000300000000000078","0.2256","0.2425","0.2273","-0.0257147250918317","-0.021976261409927","23.54000092","-0.00229287643221188","-0.0536111153601246","-13.45295","0.103799999999993","-0.299949999999995","-0.0130999999999943","0.00564202510944317","-0.00165852154771823","0.0247956538047073","0.00262123347987409","-0.00100250634962595"
"156","2010-12-01","0.00228221166927511","0.000624882854802777","0.013492013208654","0","0.00905728711251008","-0.00881062968215485","0.0165684263472325","0.0202611851398222","0.0999999999999943","0.00219638331190453","0.200000000000003","0.00110101855328359","0","0.00193174561037335","0","-0.00267737777071675","0.0022296553272696","0.00383877630716611","0","0","0","-0.00230680609791545","0.024541108916118","0","0.028987536873252","-0.00942909028885186","0.00579040413470455","0.0574938379869234","0.0192965570242372","-0.00676135097804309","-0.0521857531705701","-0.0199824995873383","-0.0200006667066699","-0.0483636339859554","-0.0297261802652011","-0.0838109646054743","-0.0551544051532336","-0.0087664932121827","-0.0637629341882135","-0.0377799390026379","-0.027212563524885","-0.0360038887560021","-0.00450959050597532","-0.00406780221932568","-0.0188684843043827","-0.0228633611788309","-0.0142858986082173","-0.0119333636441059","-0.00577265900279755","0.00751965407582982","0.00502212044043303","0.00479596810401992","0.00851599423200688","-0.00341352798338283","0.00724992305099559","0.00672148376828078","0.00182950499841603","0.0225427088906873","0.00424929097666046","0.00739359925884366","0.00441869408617079","0.0000421065203982942","0.00632721194285324","0.0107042820127052","0.0146569261244363","0.0227950018183947","-0.0242436116099931","0.0964948521076376","-0.0945817456253639","0.0255022928109359","0.0249599216841165","0.0193348078659454","-0.0818962763228592","-0.100391292944514","-0.0862412575830653","-0.0307205561295012","-0.00694943560534256","-0.0273474142419317","0.00859470039815616","-0.0132249393422095","-0.0226850432413763","0.0699696820829168","0","-0.00503360161267707","-0.101645758086981","-0.100630260663065","0.0299999999999994","-0.0299999999999998","0.0013965757422234","-0.00219873059936937","-0.00907821262636688","-0.00273111535623904","0.0102","0.00869999999999993","0.3262","0.2988","0.141900000000001","0.0679614461547526","0.0858574736083852","17.75","0.0632564876429509","0.0722055851108871","10.38782","0.236500000000007","-0.297870000000003","-0.00719999999999743","0.0137198378562892","-0.000324058050155228","0.0949155051436198","0.000872219854685774","-0.00100351237724006"
"157","2011-01-01","0.00173372130520555","0.000624492620058703","0.00636134460701765","-0.100000000000001","-0.021541843774755","-0.0178576174000069","0.00117302066236391","0.0638219320707192","0.0999999999999943","0.00109638526348199","0","0.00535017395282633","0","0.00321130654904955","0","0","0.0198462963719308","0.0208538362832051","0.00201005092802387","0.009732436918231","0.0063492276786592","0.0295812240175746","-0.0101523714640184","0","0.0555698511548108","0.00942909028885186","0.0148999891227426","-0.0431051005348237","-0.0320153294320118","0.00271002875886506","0.0202027073175186","0.0404549546923141","0.0100503358535011","0.0534700280605298","0.0199153097009415","-0.0898038948613031","0.0616528034277879","0.00125707119005103","-0.0589561671331191","0.0326173049238312","0.0233700996233397","0.0141559492301324","0.00450959050597532","-0.00272109011436061","0.0176995770994015","0.00933174347076093","0.00954653620689871","0.0285420904898626","0.0182753857814966","0.00654885691082944","0.0051891586265474","0.00493986450836819","0.00908350557815796","0.00846901446765669","0.00899437976369456","0.00548915418888452","0.00127016949153197","0.0183178809001475","0.00898882497492904","0.0137009387057","0.00573421646435456","0.00308371316467347","0.0417352359423049","0.072302707882212","-0.0210879294525945","-0.0248481725633756","0.0285890828694946","-0.187487100094851","-0.0205422723003137","-0.196328064451801","0.0738113083568379","-0.0931887544181649","-0.0871800537210747","0.15722476770768","-0.0400524677412264","0.0902383177063637","0.00340884436389821","-0.00159098897593973","0.00127016402190155","0.00442420202218852","0.0122302307950033","0.0539578659199567","0","-0.00815590236006791","0.0473430299363518","0.0279490457793194","0.27","0.2","-0.00982285370157499","-0.0065885561203114","-0.000881260625224201","-0.000218106355090342","0.02","-0.0114","0.1851","0.1175","0.0636000000000001","-0.00608474533557413","-0.00758133579670428","19.53000069","0.0223929694417535","0.0108789291277476","-40.04425","0.161599999999993","-0.403869999999998","-0.019999999999996","0.0116314885964337","0.00265677179218625","0.0452093342324396","0.0224147315241048","0.00100351237724006"
"158","2011-02-01","-0.0000339656607195593","-0.0004995628928679","0.0113494282559063","0","-0.0101010959865038","-0.00225479238708903","0.00700937449257566","0.0446854893452997","-0.0999999999999943","-0.000322341491363787","-0.100000000000009","-0.00226004273851466","0","-0.00471345275425517","-0.00314960890289617","-0.00268456537066841","-0.0109770586311511","0.0111941467431533","-0.00201005092802387","-0.0024242436115065","0.00210748233956437","-0.0135442251077578","-0.0143887374520997","0","0.052643733485422","-0.0285582601978467","0.0202709643736183","0.0350913198112703","-0.0822228602578328","-0.00406780221932568","-0.0304592074847081","0.021787354184907","-0.00752826642079096","-0.128450941392104","-0.0184795592748372","-0.140265424805867","-0.143330834442055","0.0100000833345835","0","0.0133678083179918","-0.00772950708226716","0.00200601872686601","0.00895862654489132","0.0108402145528643","-0.0058651194523982","0.0170326932233733","-0.00715131704137928","-0.00319432981815204","-0.00846888672188406","0.00323036926120755","0.00424354947099708","0.0039766715060789","0.00484552605229915","-0.000267669477618589","0.00339245570063885","0.00370925642274049","0.00246498937897965","0.00484036504965436","0.00603855358471767","0.00718291671351082","0.00538478530471205","0.000631666477263464","0.0136121180517979","0.0221356654430274","-0.0381234641639647","-0.0501127960802297","-0.094578740054537","0.0255649525827906","-0.143100843640673","0.0192684188658774","0.0117485238092456","-0.00650073638604276","-0.183942302691689","-0.22406478583353","-0.0280335237627174","-0.143041582625514","0.0100236464522325","0.0141030005446862","-0.000169262018007349","0.0198473461413098","0.020987457883069","0.071944719913632","0","-0.00541181374476629","0.100889950164239","0.103322764041479","0.12","0","-0.00304424224236932","-0.00279616185253495","0.00428545494737698","-0.000173126779131394","0.0304","0.00249999999999995","0.2384","0.1526","0.0846","0.0202613260367652","0.0129739055039781","18.35000038","0.0314565770776234","0.0445508606767451","-20.58595","0.251199999999997","-0.239630000000005","-0.043200000000013","0.00731963350013598","-0.000605818964048252","0.0360316212218179","0.015228720701824","0"
"159","2011-03-01","-0.000169845610749064","0.00199675593611026","0.0037546977777696","-0.0999999999999996","0.00253485560318722","-0.0159275266961014","-0.0223670301468957","0","0","-0.00106446472319099","-0.0999999999999943","0.00342231682416383","0","-0.00960249057276297","-0.00950878796902721","-0.0108109161042158","0","0.0129034048359076","0.00401606965488988","0","0.0125524660711198","0","-0.0230376680670172","-0.0800427076735364","0.0500104205746617","-0.00753907717316604","-0.00783439933261043","0.00229621226035004","-0.0116483553522375","0.00406780221932568","-0.0208340869028421","-0.0235510230724039","-0.00885521282973301","-0.00645580034287097","0.00429492428288114","-0.207342408577102","-0.00634556499028172","0.00248447332766233","-0.00609138939340248","0.00915105521735793","-0.00291403800184931","0.00100150233708973","-0.00111544908386563","0.00403497521217933","0","-0.0368581428869037","0.00238938608106487","0.00391129626252606","-0.00550487327269522","0.00222373422579145","0.00302577004692602","0.000759974871671593","0.000350312690807853","0.000926381777234036","0.00158887141738453","0.00470401629427012","0.00131388856158823","0.0102986454185687","0.00421347876179268","0.00344953253885074","0.00499126046778813","0.00174262675692639","-0.0303271350949448","-0.0567194900739576","0.0260285447846318","0.0324524507717463","0.1120405672182","0.0181905879879736","0.217029105128083","0.0254370756807756","-0.0628474652296021","0.0131949925329717","0.13413948020787","-0.00461894585629441","0.0482602692528564","0.0123676488086613","-0.0148829849604732","-0.00883063641775655","-0.0246778010199956","-0.0095807526502476","0.00179627785299324","0.100101822849453","0","-0.00849282039768262","-0.0438506496816071","0.0151103782837811","-0.0500000000000007","-0.02","0.0166039484829525","0.0112498908642404","0.00652611814726001","0.00640103313602225","0.00950000000000006","0.00700000000000001","-0.1802","-0.1413","-0.107","-0.0125845998548293","-0.00252439901367651","17.73999977","-0.00104786201951335","-0.0248152109985074","31.95573","0.255600000000001","-0.14425","-0.0945999999999998","0.0107236188345847","0.00618369433247665","0.0404645928705567","0.0183033395887504","0.00300450902029947"
"160","2011-04-01","0.00101864122080997","-0.000623558042279981","0.00249532256740181","0.0999999999999996","0.0405181508961023","0.024916351264535","-0.0240975515790609","-0.00257400399517227","0","0.00212779756597392","0.0999999999999943","0.0143819044940097","0.0999999999999996","-0.000867679013222045","-0.00318979536810016","-0.00272109011436061","-0.00442478598035567","-0.037317763007195","-0.00401606965488988","0","-0.0104494158743407","-0.00913248356327223","-0.0235809425889064","-0.0870113769896297","-0.0500104205746617","-0.00650761515673803","-0.00112422721228089","-0.00229621226035004","-0.0291253870992003","0.0147752855821537","-0.00131665588474661","0.0148929603292896","0.00633314339702284","0.00258732356495095","0.0225998319172405","0.064390054059873","0.00692044284457349","-0.0112290637164136","-0.0226580238925838","-0.011196045705085","0.0164017183838006","0.00100050033358379","0.00111544908386563","-0.0189707586297807","0.0151783415990652","-0.010982937267344","0.0130411868865039","0.0222311013249978","0.0235145498990388","0.00457680209983052","0.00475464568980846","0.00629798417689015","0.00542189176470431","0.00311599515273675","-0.00244568491227008","0.00685160302438125","0.00206468372719139","0.0147904053866826","0.00451904930468648","0.00760667787691775","0.00497711473279272","-0.00093787105345847","-0.0109199047903719","-0.0297731795228362","-0.0204222993324645","-0.0309384835168292","0.0119127815162425","0.0178655935354097","0.0562169011817257","0.0270720822984085","-0.000172756327630808","0.0116275842786262","-0.0773866636154201","-0.0522684285457569","-0.109425828449662","-0.00970453138917726","-0.00795030384621942","-0.0066745313420008","-0.0171497772204461","0.0326854397482572","0.0114448701860632","0.0724991620141804","0","-0.00372652073171764","-0.0815019372298593","-0.0448632985806281","0","-0.02","-0.00206556745983733","0.000496216717712272","-0.00224359184566048","-0.00387996457058115","0.012","0.00860000000000005","0.032","0.0232999999999999","-0.0046999999999997","0.0280601459582428","0.0357491402149037","14.75","0.0280969385536762","0.064852582754404","-8.89291","-0.098399999999998","0.0320700000000045","-0.152699999999996","0.00731197316745499","0.0116315624517808","0.00773752949874144","0.0195924634484381","0.00299550897979817"
"161","2011-05-01","-0.000645018948576492","-0.00562958889672238","0.00683020351692409","0.100000000000001","0.0200568295790138","-0.0295140605131641","0.0312150193479246","0.0575878748729606","0","0.000933511519402686","0.100000000000009","0.0105190075817827","0","-0.000217037439810497","0","0","0.00442478598035567","0.00189933580365231","0.00401606965488988","0.00484262447578754","-0.0084388686458654","0.00685716972613726","-0.00217155351350762","0","-0.0259754864032606","0.0118984637916144","0.0266386450810643","0","-0.0103062446051494","0.0106101791120157","0.0117879557520419","0.0664388882087392","0.0175223506922029","-0.0856029260525721","0.012491487894029","-0.103135820635715","-0.102172753952954","0.00998759862834842","0.0337973795832909","-0.0196388740719229","-0.0222553936352616","-0.0140989243795024","-0.00111544908386563","0.0216517253830384","-0.0210780637262538","0.000469301593339466","-0.0202267621507648","-0.018343630465063","-0.0194909134331755","0.00132185080393721","0.00325381925353534","0.00180888605612677","0.00361442323134402","-0.00141438704354578","0.00313692937026195","-0.000334585396177286","0.00214630203902486","-0.00759914746524637","0.00378376929995019","0.00446234377509322","0.00242948497050282","0.00090958707576382","0.0203973372875659","0.0202805699996986","0.0995491472593741","0.129001282064504","-0.0421935487059137","-0.0189176714862125","-0.220937262498672","-0.109948257817551","-0.0234235494978385","0.215339104781185","0.195642400769615","0.297390886578741","0.131558356798664","0.14345539071051","0.00154301581921157","0.00838366294969461","0.00633414627679195","-0.029779802739494","-0.00202100690401991","-0.0694507774735236","0","-0.00827393312172831","0.0307496819091124","0.0186086820583959","-0.0800000000000001","-0.15","0.00740330371416498","0.000765916973582748","0.00352271988201913","0.00360457517769852","0.00229999999999997","-0.00229999999999997","-0.3131","-0.2566","-0.1562","-0.0108221003226951","0.00389616227474754","15.44999981","-0.0135929193252355","-0.0238296030599816","-11.29353","-0.152000000000001","0.358999999999995","-0.217399999999998","0.00211864314835481","0.00318892293685659","-0.0101902029326351","0.00322841281211872","0.000996512289739293"
"162","2011-06-01","-0.00346986332628774","-0.00983366471952074","-0.0301530381706874","0.0999999999999996","-0.0039793128514809","0.0182653479772927","0.0164130296413303","0.0216614967811797","-0.299999999999997","-0.00209356707436648","-0.200000000000003","0.0126495941491154","0.0999999999999996","0.00638288530436348","0.00953902304675891","0.0081411575836996","0.00660068403135217","0.0113208756244818","0.00200200267067263","-0.00241838086428103","0.0576291128366364","0.0113251493570532","-0.00654309858893587","-0.0953101798043248","-0.0540672212702757","0.00214822853828966","0.00328048407916182","0.0182237389564515","0.0133173881028368","0.00131839175325865","0.0051948168771041","-0.0164072589512427","-0.00372902855986723","0.00491401480242981","-0.0041465159618479","-0.14595391262308","-0.003187761704873","-0.00124300823959711","-0.0666219252313338","0.0318465536518522","-0.00392157365318191","0.00202634314523298","0.00111544908386563","-0.00268096675325769","-0.00236966935531857","-0.00517886321927019","-0.00361235393620252","0.00251836884870649","-0.00556758106178989","0.00109936822949871","0.00274497963334223","0.00110439521432929","-0.0026320935128992","-0.00901396138360649","0.00128232947962855","0.00319342597029821","0.00203702661802758","0.00142435125019922","0.00127797893406028","0.000193703296917993","0.00328482332126446","0.000742565044987488","-0.0212585199730206","-0.0561141233293512","-0.0775757828188777","-0.10302833929085","-0.188876067880717","0.0484320621065173","-0.236664298110056","0.212271117840106","-0.00807995516825777","-0.210385917655708","-0.0644125051333715","-0.18449783621655","-0.020955365175988","-0.11289867024985","-0.0112952289747845","0.00189561537870558","-0.0125310499603328","-0.0146739267023976","-0.00602596670663869","-0.0101390607234482","0","-0.00407249351023076","0.0588588201770843","0.0481358033785568","-0.119999999999999","-0.15","-0.0128152259059426","-0.00142775402985151","-0.00499860509920325","-0.00270070911047959","0.00169999999999992","0.00939999999999996","-0.1931","-0.0909","-0.0094000000000003","-0.00783243606845296","-0.0105690384081409","16.52000046","-0.0184261855179582","-0.0466221198503938","34.08081","-0.239199999999997","0.0270299999999963","-0.302269999999993","0.00339595616487806","0.00231975105363181","-0.00579663096144618","-0.0129766622257792","0.00298359246688751"
"163","2011-07-01","-0.00153465798727659","-0.0044441695899966","-0.0232268506098166","0.199999999999999","0.00477327875265754","0.069897439617379","0.0195746031246298","0.014184634991957","0","0.00128886758618663","0.0999999999999943","0.023158518870444","0.100000000000001","0.00118553659410203","0.00315956029036846","0.00269905696916517","0","-0.00564441761967682","0.00199800266267314","0.00241838086428103","-0.0387408283164303","-0.00451468035452685","0.0108815001875335","0.0953101798043248","0","-0.00537924911973686","-0.00767127049665195","-0.0193738253396889","-0.011490903576802","-0.00131839175325865","-0.00389358051913202","-0.0124845566622449","-0.00374298627883451","-0.00350754480967819","0.00552487593196904","-0.170957798143639","0.000638365805272656","0.00372439909098254","-0.00107700602763838","0.00202020270727576","0.000981836112257106","0","-0.00223214378394054","0.00535476513766042","0.00473373665019938","0.00727764301208822","0.0060133239538791","0.00657945396299375","0.00495392162789798","0.00282097021710238","0.00324023057695682","0.00379557188382241","0.00398415090699354","-0.00142285904331884","0.0044458213180252","0.00302554473096373","0.00259823447138529","-0.0037861885954243","0.00121814534915875","0.00114242147958603","0.00238206700817836","0.00136784460512812","0.0198977763493122","0.0218545028057164","0.0165193724999604","0.0222478320799517","-0.0492710490067827","0.0271356389686055","0.00955282991899153","0.043580752054754","0.0409610594691596","-0.0325633886963423","-0.045368605029851","0.0215525583857339","-0.0432759834818226","0.000859475772718277","-0.00200907544499263","-0.025963857752591","0.00416501111645533","-0.0182773509981464","-0.00426466235527678","0.0272113843254909","0","-0.00543171275219123","0.0138571688489453","0.0318709170083036","-0.21","-0.22","0.00909553834682164","-0.00191117770008198","-0.00277836427328459","-0.00311815406027804","0.00380000000000003","-0.00829999999999997","-0.1288","-0.1007","-0.0302999999999995","-0.0230952461258251","-0.0325242642372885","25.25","-0.0217083563525993","-0.00393810334588363","15.10645","-0.419299999999993","-0.288499999999999","-0.362040000000007","0.00513202318254069","0.00571840303493657","0.00424132539317056","-0.0106689563495683","0.000992555912751492"
"164","2011-08-01","-0.000546224238625825","0.00190706306606181","-0.00523561405394446","0.100000000000001","0.0173096375350914","0.0553987793897877","0.00113960126293389","-0.00235017734495369","-0.100000000000009","0.000289766418099191","0","0.0137942030161442","0.0999999999999996","-0.00150910883442723","0","0","-0.00439561147303813","0.00938974034983886","0.00398406901487469","0","-0.00835077921741956","-0.00453515516539138","0.00431966114451665","0","0","-0.00215982805342918","0.00329489589685306","-0.0327514652924439","-0.0184167267862314","-0.00794706169253168","0.00906155067757464","0.01907979903498","0.00249688019858763","-0.0386867728014026","0","-0.0959883758289632","-0.057796779645221","-0.00248139085138543","0.0139114067991795","-0.0111619626653701","-0.00196463717416506","-0.00304105657577924","-0.00111794310134083","-0.00267379838440274","-0.00236406729488081","0.04631718884775","-0.00240097001767658","0.0000869840347270667","-0.00637855117206598","0.00250299138031552","0.00301636454558723","0.00256590548303745","0.00299585021910154","-0.000558216206441868","0.00830028022610671","0.00356974487287939","0.00303767416276572","0.00396102150346671","0.00417384051232506","0.00539229859112712","0.00363110978365524","0.000994449415681834","0.000758110961720959","0.00042060989053283","-0.018034753908303","-0.0249821567966357","-0.0394297214098689","-0.0534090131985625","-0.297816805209422","-0.116024020251204","-0.0178722650488865","0.0271445799576107","-0.0256424306133383","0.133531392624523","0.0711200096529954","0.0839999744127384","0.0117676224889589","0.039943085555196","0.0100308804113273","-0.0174838097778602","0.0124951614917923","-0.0594391232075262","0","-0.00308504725271241","0.0345549580723485","0.0384329466796238","-0.180000000000001","-0.14","0.0195251797764975","0.00532556523699945","0.00113854824077997","-0.0048181633139972","0.0278","0.0152","-0.4658","-0.5304","-0.3842","-0.0774466843159072","-0.0930282812096888","31.62000084","-0.0584675017537988","-0.0797609367735119","46.8966","-0.382100000000008","-0.437599999999989","-0.381559999999993","0.00038295852598889","0.0021262737281406","-0.00846648051907779","0.00247218914538916","0.00297177038915741"
"165","2011-09-01","0.000750981431437481","0.00342357527064507","0.0097943975922874","0.0999999999999996","0.0116325468358287","0.00398406901487469","-0.00113960126293389","0.020955365175988","0","0.000804466440824214","0.100000000000009","0.0121664437663185","0","0.0021551732479832","0","0.00269179166571165","0","-0.00187090793581124","0.00396825917562094","0.00481928643594909","0","0","0.0064447054426422","-0.0953101798043248","0.0273989741881144","0","-0.00109709281437365","-0.0524830625231392","-0.00621506040343434","-0.028322864200061","0.020408871631207","0.04420165091254","0","0.0145035174658945","-0.01947210341282","-0.0615578929994336","0.0107600231139875","0","0.0126717640688225","-0.00819676720417917","0.000982801061907956","0","-0.00560853965960995","0.00267379838440274","0.00236406729488081","-0.0485295860722257","0.00240097001767658","0.00614549564929412","0.00564858460761819","0.00592537912449241","0.00397379726498732","0.00270412541869497","0.00991935338527709","-0.00379566701666229","0.00419648310230076","0.00255122485411003","0.00163475049968826","0.0013120056051783","0.00628637660515293","0.00411250936776923","0.0133207677627738","0.00142479064543309","-0.0148179134893933","-0.0111573085534395","0.0251063634829993","0.030355979476969","0.103510980234216","0.0468341836103914","0.363866716033381","0.092269934243097","0.0134125664052114","-0.00826193320020074","0.00216216300449545","-0.0735340840461491","-0.0540672212702757","-0.078004239106404","-0.00368803673038975","-0.0157483569681393","0.00419361089860809","-0.0374043336599605","-0.035172154285251","0.0234038926952653","0","-0.00756794623148416","-0.029011855477572","-0.0404568609906448","-0.53","-0.0800000000000001","-0.00801001127152645","0.000634717943720275","0.000931625677075942","-0.00567257288640022","0.0614","0.0105999999999999","-0.142","-0.2793","-0.2927","-0.0535904853349507","-0.0694788631304082","42.95999908","-0.074467100959879","-0.103462899455371","49.75919","-0.61533","-0.380530000000007","-0.361640000000008","0.00376663421430368","0.00114992148037122","0.0146835262247237","0.00901276072150825","0.000988630826939563"
"166","2011-10-01","0.000920888893332972","0.00568004051570448","0.00969939708871337","0.0999999999999996","0.0183351202058812","0.0466103784416232","-0.0137774854403041","-0.0139213385186086","0","0.00118942391262777","0.0999999999999943","-0.000187987593372796","0","-0.00129254649619526","0","-0.00269179166571165","0.00439561147303813","-0.0018744147943508","-0.00396825917562094","0.00240096153753822","0.00209424160311489","0.00679504313282919","-0.0107643665871588","0","-0.0273989741881144","-0.00216450300957316","-0.00882034384297281","0.0062461164969525","-0.0150756624054473","0.00953036485069347","-0.0152674721307884","-0.0425596144187956","-0.00750942202213167","0.0255877499484072","0.0111733005981254","-0.13126638599367","0.0224877201042748","-0.00998759862834842","0.0104385081439231","0.0041067819526539","0.00782782862024689","0.00607289315789927","0.00336889706610499","-0.0188684843043836","0.00940077428470598","0.0259814953407353","0.00835823231495247","0.00953633422716749","0.0142096006801147","0.00049733594899466","0.00215653537992963","-0.0000205811626052158","0.0015983342544621","0.00220311607491265","-0.00190552426104135","-0.000439788441289198","0.00249584062715261","0.0000409640305861613","0.00209718698063376","0.0012253518892885","0.00183513719131351","-0.000383810195137287","0.0342114890148917","0.0790886088154323","0.00633061699893567","0.0039880879564258","0.0289782028118619","0.0193209151442773","0.0800427076735364","0.00798088833101218","0.127345028119123","0.0498443309259589","-0.0693014658421234","0.00400802139753864","-0.0269294118786316","0.0294510136894139","0.00428324318328244","0.0172412659291715","0.00148103002198785","-0.00358008330951964","-0.00145832698704679","-0.0295011951088799","0","-0.0057168600191293","0.00601650389190489","0.0171997765949961","0.02","0.12","-0.00736212661130864","-0.0104553747938194","-0.0131393039429533","-0.00985484078558763","0.0518","-0.0127999999999999","0.1011","0.0249999999999999","-0.1624","0.0749112546446939","0.0650800110909771","29.95999908","0.102306591858191","0.121612287528473","-38.30628","-0.587620000000001","-0.237840000000006","-0.306919999999991","0.00123718863463018","-0.000948219776629404","0.0147888814984706","-0.0222689614686429","-0.000988630826939563"
"167","2011-11-01","0.00064752494381537","0.00401960094031217","-0.00516130178022589","-0.0999999999999996","-0.0129525620357267","-0.0191576740329333","0.00230946984866254","-0.00233918235317176","0.100000000000009","0.000192746314322534","0","0.00219099276980828","0","-0.00194195767146343","-0.00315956029036846","0","0.00219058137981865","0.00933713599594022","0.00594649918772649","0","0.00208986491945851","0","0.00647251450561726","-0.105360515657826","0.0800427076735364","0.00324500014332685","0.00882034384297281","0.0012445552322049","-0.0249932907008965","0.00135409634772987","0.0215607591065776","-0.00164203649374439","0.0112430915741806","-0.0219945013822818","0.0013879252748481","-0.0368705358083274","-0.0251668911643232","0.0137073797308807","-0.01148837700676","-0.00823049913651541","-0.00684599250798978","-0.00708863727773501","0.00335758569484579","0.0228658247370035","-0.0058651194523982","-0.0248630895895987","-0.00955805192891113","-0.00212982549202145","-0.014857233847609","0.00259710024094937","0.00222268766644181","0.00247834967943083","0.00186639522837199","-0.00151261844560477","-0.00156798502805834","0.0025118637200977","0.00191718803618269","0.0021933306433889","0.00278568158473299","0.00349233513587209","0.00365947526353524","0.00261878619652572","-0.0263067224301849","-0.0384485025443233","-0.00826379244881359","-0.0134350431032697","0.0407331298927627","-0.0205848714954033","-0.0873509009802609","0.015381884817474","-0.0784484491857711","-0.0225151636582783","-0.120390599063465","-0.174353387144778","-0.0418046939192056","-0.0606764473716277","0.0117665222010821","0.00693758976798753","0.0148624527878871","0.014007341919215","0.00278798811941122","0.0110749134873664","0","-0.00454399104842551","-0.0122618773515821","0.00774227236641067","0.0800000000000001","0.1","0.0183713688879585","0.00271133315926519","-0.00233680534040381","-0.00789826372141711","0.0419","-0.0011000000000001","-0.2291","-0.2373","-0.2268","-0.00878409571252448","-0.0158118610434119","27.79999924","-0.00507155380952895","-0.016319519559433","62.84837","-0.188499999999991","0.0260800000000074","-0.228530000000006","0.00486442422182587","0.00480653460601488","0.0303259864799288","-0.00501673292959826","-0.0039643263019089"
"168","2011-12-01","0.000204394482059556","0.000626605697549465","0.00901487109621613","-0.0999999999999996","-0.00307219903697042","-0.00387597384469274","-0.00927005479628651","-0.0430688571858227","0","-0.000128493414887743","0","0.00162449270339149","0","0.00559984233099353","0.00630916919326463","0.00269179166571165","0","-0.00372439909098254","-0.00197824001210556","0.00239521072595483","-0.00208986491945851","-0.00225988796743781","0.0233804486440645","0.200670695462151","0.0741079721537221","0.00753096620116445","-0.0110376396516205","0.0148150857851403","-0.0196598730473765","0.00405132221917803","0.0465770460606407","-0.0215955236322278","0.0135720775455432","-0.0387617080387912","0","-0.0237540860081071","-0.0494946376046963","0.00616905102671517","-0.0407344633372153","0.0285151703080206","0.0029397375409248","0.00506843457045925","0.00223214378394054","0.00794706169253168","0.0093677500035998","-0.00683653912021853","0.00836822483633082","0.00758090269131451","0.00781441852684672","0.00196228944021663","0.00233261420498945","0.00197310657961642","-0.000875951835698831","-0.00214406995355701","0.00485429467798562","0.00550359919334025","0.0011463779593531","0.00946052168702218","0.00155336457825015","0.000290585736645895","0.0037849038464539","0.000741595789505406","0.0155732883155775","0.0113055545209626","-0.0173736983560886","-0.0227037038310591","0.0843926759444127","-0.0856325946953707","0.327231864422409","-0.0709517359722849","-0.0362554813224261","0.0129385529853625","0.0333792220738349","-0.0922197220967682","-0.00779224722016636","-0.0721444656492967","0.00499484954991303","-0.0151763081951783","0.0156585617882036","-0.00993653391495286","-0.013954159329844","-0.0265291811415036","0","-0.00769838203880013","-0.00818452995383367","-0.00963881464912042","-0.0200000000000005","0.0800000000000001","-0.0283130988238405","-0.0197025370385067","-0.014847730036692","-0.00388591086432832","0.0481","-0.0145999999999999","-0.1756","-0.1089","-0.0509999999999997","0.00774182966266057","-0.0208056606207681","23.39999962","0.00849656568624102","-0.0153518521551743","-75.72863","0.249439999999993","0.186400000000006","-0.139769999999999","-0.00176977721464536","0.00078077350469035","0.00884174588672661","-0.00757260665396498","-0.000993542058878027"
"169","2012-01-01","0.00125951031917637","0.00674244032614624","0.0184190662931334","0","-0.0336363348593807","-0.00584227562422868","0.0320760603253243","0.0360182991891556","0.0999999999999943","0.000289086969008423","0","0.005044068358667","0","0.00118057432547491","-0.00314960890289617","0.00268456537066841","0","0.00186393343806301","-0.00198216120399142","0","0","0.00451468035452685","-0.0063224657394878","0","0","-0.00429646203350487","-0.00779948243482309","-0.0260722403097748","-0.00464345776295438","-0.0054054185669079","0.00119688823384578","-0.00420698979762868","-0.00491401480242892","0.00372162692299494","0.0013860016078775","0.0606246218164346","0.00492092381419873","0.00979199990461765","0.0459728199988039","-0.025420789293273","0.00293112080885916","-0.00101163387484426","0","0.0157071292053583","-0.00467290569939216","0.0263478442158576","-0.00238379997578786","-0.00370114349221673","0.00677828600129082","0.00234233394954596","0.00177125686511745","0.00188930667411603","0.00288639441528239","0.00385739839636287","0.00082711019239984","0.00159706841834497","0.00270184017798517","0.00234916337272562","0.00107152762760379","0.00174526983025219","-0.000635294108356964","0.00274820109521332","0.0307519966363579","0.0298593567925742","0.0353928264600007","0.047846492941046","-0.0440826954791582","0.0962561220611011","-0.124340919380345","0.0654572166546439","0.0250610274379302","0.0670865801501641","0.239175958845259","0.0583181704210869","0.146484941624914","0.0712630200214903","0.00209683052583198","-0.0147739286715953","0.0159990010588021","-0.0159369730768679","-0.00482393603085296","0.0258067030101943","0","-0.000267810155342829","0.0339487699531738","0.0734408394844621","0.12","0.0499999999999998","0.00915016565525661","0.00724734531860882","0.0112917264695955","0.00644165068914759","0.0274999999999999","-0.00439999999999996","-0.0290999999999999","-0.0724","-0.0743","0.0259150239320682","0.0638862655744266","19.44000053","0.0426600440016456","0.0316713717146073","-12.13714","0.702610000000007","0.291189999999986","-0.0559200000000004","0.000477845724211526","-0.00388096498823336","0.00959263865704429","-0.00253699924658868","-0.000994530166508412"
"170","2012-02-01","0.0025482048953851","0.0057079197035943","-0.0126664138036841","-0.100000000000001","-0.0257870856114204","0.0193429628431314","0","0.0117234636960593","0.200000000000003","0.00112343333005249","0.100000000000009","-0.000248493509385384","0","0.00278492039462197","0","0","0","-0.00186393343806301","0.00198216120399142","0.0023894873973811","0.00625653761430467","-0.00225479238708903","-0.0127661308230351","0.0870113769896297","-0.0487901641694322","-0.00323450416765958","-0.0237702193339118","-0.0126583968719229","0.019750477417416","0.0107817756032889","0.0271403088995541","-0.032565002678159","0.00613875469832514","0.019132298081157","0.0178453603200097","0.127290237614031","0.0125437184785309","-0.00610875448832182","0.0298529631496809","0.0163435711421567","-0.00783549552394902","0.00605450890870607","0.00444939554954171","-0.011757156986044","-0.00941183418234637","-0.0205780897884864","-0.00838828080529552","-0.0047408449971531","-0.0162868607103057","0.00299513801214528","0.00193330821223119","0.00262893077776705","0.00446068643409251","-0.00140634395287132","0.00316845057271812","0.0022912641608455","0.00308793780155044","0.00121398588487433","0.00299187299721354","0.00727054071668228","0.00023572032764412","0.00121503473996633","-0.00964985443437349","-0.0309468706878775","-0.0306149019573922","-0.0407834284082931","-0.0339318267245012","-0.103323289284193","-0.194774017360487","-0.120738994060583","-0.0663888648074931","-0.0664853476053739","-0.14985244209725","-0.0531098253139479","-0.0651393021709614","-0.0618378795619074","-0.0021404056534049","0.00177935990007727","-0.0077581202469125","0.0387939931250969","0.0186515371120942","0.0751592629840321","0","-0.00594137236873671","-0.0748051284914748","-0.0960682337128684","-0.00999999999999979","0.1","-0.00365832348951933","-0.0164648422839431","-0.0122591072097702","-0.0124240673881673","-0.0148999999999999","-0.0164","0.0122","0.1087","0.183","0.0371477700770768","0.0612372454007684","18.43000031","0.0397873450206205","0.0497033227930399","-23.29009","0.528999999999996","0.0775400000000133","-0.000780000000005998","0.00419759201775099","0.000494384071078429","0.0120011492979843","0.0117846481682493","0.00198807222538644"
"171","2012-03-01","0.00135639220524553","-0.000123739404971346","-0.00767758089903392","0","-0.0164612770540717","0.0133208439756602","0.00449944516122969","0.0161853244210173","0","0.000513149466039309","0","-0.00174118568957393","0","0.000641574016874813","0","-0.00268456537066841","0","0.031223840451533","0.00788958727516231","0.00476191376024371","0.00621763661087105","0.00225479238708903","-0.00429185208154159","0.0800427076735364","0","-0.00324500014332685","0","-0.00382897723709785","-0.0317907566494968","-0.0189450862424492","0.0230159757009218","-0.00787061343232942","-0.00122473989589622","0.00870832789178522","-0.0234009301646125","-0.0201214031994215","-0.0027739268827256","0.00244798163864068","0.048500351096834","-0.00304414238122863","0.0204386676772739","0.0169580123638973","-0.00333518930613774","-0.00131492458130911","0.022210147325656","0.0383168703170202","0.0167068920769999","0.0280584953385041","0.0419451456260234","0.00109370462415337","0.00217471705973864","0.00160041334023698","0.00124414941299148","-0.000999274609753678","-0.00131284196130262","0.00148330611133629","0.00268167597811978","0.00403653620450657","0.00263322194851345","0.00336813139212689","0.00177415286454869","0.0016650010884104","0.0170238743377116","0.0367472986898267","0.0315561429246554","0.038629078918051","-0.00790277669197437","0.112044878451025","-0.00567492402602454","0.135583016621763","0.0685386919956699","0.0271999574923942","0.0273365541637505","-0.02365419089789","0.0296054777765713","-0.0256546136265623","0.00550280811828419","-0.00152497170231775","0.00334420510651443","0.0498238836509701","0.00132806343630459","0.0500145084308672","0","0.0000814559308199847","0.0068393725408562","0.0142239834320268","0.0200000000000005","0.0699999999999998","0.00257556597378716","0.00346856447528054","0.00212841232107053","-0.000998869301360727","-0.0348999999999999","-0.00930000000000003","0.0833999999999999","0.1039","0.0853999999999999","-0.0136043083901072","0.00777790878695583","15.5","0.0308514756321125","-0.013207280724933","-15.95167","0.180199999999999","-0.13655","0.0283900000000017","0.00300862157700117","0.005930484520473","0.00559486796219286","0","0.000992555912751492"
"172","2012-04-01","0.00253828717380955","0.000989486784504834","0.0114943794257352","-0.0999999999999996","-0.00833338155914465","-0.0287651664031339","-0.00112296474462337","0.0159275266961014","0.200000000000003","0.00096144608886739","0.0999999999999943","-0.0151133218741961","-0.0999999999999996","0.00946865949721332","0.00628932890756406","0.00536194314138516","0.00654309858893587","-0.0200920000826885","-0.00196656897204051","-0.00237812240496726","-0.00414079266603196","0.00224971973401544","0.0106952891167484","0.0741079721537217","-0.0512932943875506","0.00216450300957316","-0.00344234419097322","0.0425596144187956","0.0199873409246125","-0.0082304991365163","0.00906008462440244","0.0488319710633949","-0.00491401480242892","-0.049621434434334","-0.0239616820136339","0.198450938723838","-0.0556889058605892","-0.00736199644106961","-0.00970881412696034","0.0121213605323449","-0.0273454538905282","-0.0119404403719177","0.00222469502211098","-0.00792606527242068","-0.0257625489300244","0.0016923924006953","-0.0107079973527693","-0.0251334875372748","-0.026169936885772","0.00236184837543982","0.00230799786982736","0.00317250764719115","0.00142745009598285","-0.00254213985560918","0.00558652080890951","0.0042798081204629","0.00180422223331307","0.00245302302149959","0.00438099309162009","0.00506491255941776","0.00450643097450076","0.00251692004886099","-0.075119931063476","-0.113954592863386","0.0110910011319891","0.0104273344897816","-0.051341478257207","-0.0615382023396975","-0.0106253553789362","-0.0267206467237591","-0.0786739138897126","0.0533165441820671","-0.0917211225645076","-0.0773866636154201","-0.101866045008053","-0.0233700996233397","0.0144000757476501","0.010437517661175","0.0149120483411005","-0.00277562223679162","0.0119987619135959","-0.0492605816935852","0","-0.00811544681891085","0.0156274189501371","0.0144481757766926","0.0999999999999996","0.22","-0.00439082283914516","0.00483734240052769","0.0055539139241727","0.00729463135264119","-0.0202","-0.00390000000000001","-0.073","-0.1113","-0.0484999999999998","-0.00604937406620465","-0.0105679793458009","17.14999962","-0.00752569988430718","0.0143474490380511","39.50317","-0.192999999999998","-0.135500000000008","0.0442900000000037","-0.000916584783675102","0.00284839144015107","-0.0252522643097046","-0.00503356767482899","0.00396040121609698"
"173","2012-05-01","0.00350913070558079","0.00800349036124537","0.0250796843970233","-0.0999999999999996","-0.00671706975594244","-0.0236231457634366","-0.00224971973401544","-0.043836314813178","0.200000000000003","0.00255934620475884","0.200000000000003","0.0018307508033093","0","-0.00328790665818346","-0.00628932890756406","-0.00536194314138516","0","0.00551979322359752","0.00588814262522241","0.00237812240496726","-0.00415801014866357","0","0.00847462699097257","0","0","0.0118217389651667","0.014831988955331","-0.012330612457478","-0.00994373456885533","0.0136801039040808","0.0211943237333996","-0.0109290705321907","0.0195128142235816","-0.0253762174933749","0.0211722799260556","0.0676586484738149","-0.0435177442228589","0.0158830461730028","0.0135660995267184","0.0208651384639618","0.0118111609283442","0.0158891128273337","0.00221975673831309","0.0196986014976881","0.00826939148250716","0.0197712381025026","0.00358205117399546","0.00377065140156141","0.00292872442859249","-0.000718593874088551","0.000956103282136034","0.000807365167281687","-0.00426848962263644","-0.00164729886976499","-0.000806122391890503","0.00364335259545849","0.0014412938428035","-0.00791057469439682","-0.000226879291723147","-0.00304703620316837","0.00228313302622417","0.0016543719023741","0.0427316142494352","0.0875989260039223","-0.000219941970042825","-0.00278074799705763","0.133330601506847","0.0662136784036225","0.148618325065661","-0.0389817930709127","0.0959517234289606","-0.0309753047998065","-0.0557106070140057","0.22314355131421","-0.0476280489892549","0.0813302452467921","0.0150400086762392","0.0116367679503236","0.0226829773121709","-0.026034812826607","-0.00682981444933461","-0.079080183274562","0","-0.00176389746851413","-0.066129581994506","-0.0508910660167192","-0.00999999999999979","0.02","0.0106880076327212","0.00201284633030596","0.00400751709971736","0.00234600985856837","-0.0127000000000002","-0.00129999999999997","-0.1597","-0.2701","-0.2186","-0.0756929035559475","-0.0782531622193954","24.05999947","-0.0646993080718206","-0.120993255478238","17.75992","-0.529000000000011","0.00916999999999746","0.0715799999999973","-0.00345072569868204","-0.0000441559003688516","-0.0413437514787396","-0.00929453247925061","-0.00296882949380173"
"174","2012-06-01","0.00265738421008344","0.00586942257280576","0.0220462082633714","0","0.00755353990090857","-0.0140423571230386","0.0233733511853087","0.046091107200267","0.199999999999989","0.00258468162464531","0.200000000000003","0.00239385272437165","0","-0.00127564596866936","-0.00315956029036846","-0.00269179166571165","0.00217155351350762","-0.00183654780730169","0","0.00237248035363091","0.0507723253734236","0.0067189502487448","0.010493275715838","0","-0.0540672212702757","-0.0150702529209985","0.0212893194586634","-0.0495969411393729","0.00928388631000754","-0.0164387263431598","-0.0732592918006523","0.0896846110824594","-0.0219789067187746","0.0382017422256631","-0.00419874654634977","-0.00625002034517141","0.0551967090870056","-0.0109690313705739","-0.00289156827979919","-0.0744862299030586","0","-0.0269611937280194","0.00773057411485478","-0.013089192110014","0.00235017734495369","-0.010711675780839","0.00712594617877382","-0.00287643056444864","0.00793976067543234","-0.00196318214821563","0.000793381097023304","-0.000550124762928547","-0.00633973637508286","0.00090012113680128","-0.000663949340074694","0.00224808538230032","-0.0244506583509521","-0.00649364308294634","-0.00144563168759828","-0.00638552967674487","0.00317301078242317","0.00288173935091286","-0.0490771177180367","-0.0918057742160023","-0.0166006524943452","-0.0209060365555587","-0.175317746121753","-0.0213541114712772","0.0154606031063782","-0.0354019270509154","-0.0830781048764724","-0.0721079714870552","-0.0785247631123109","-0.0689928714869517","-0.0862725516881975","-0.0436264076213719","-0.00843215425639521","-0.00530108198272394","-0.00193112387017041","-0.0245196647474257","-0.0212233153418199","-0.148006822409528","0","0.000891820923289544","-0.0567249954099012","-0.0320101430597237","0.0199999999999996","0.0600000000000001","0.00854647725459046","-0.0043699151033092","-0.0036486196114307","-0.010856932908025","-0.0591999999999999","0.00109999999999999","-0.1004","-0.1718","-0.1823","0.0439618311773202","0.034800551659977","17.07999992","0.0387927197835216","0.0464908279394884","9.74633","-0.10414999999999","0.162140000000008","0.126950000000008","-0.00946547141957883","0.00334789976284651","-0.0681919822720557","-0.0102389973010943","0.000990589481696169"
"175","2012-07-01","0.00127572448227831","0.00134023778818815","-0.0085158665489935","-0.0999999999999996","-0.0100841190666259","-0.064673210342435","-0.0066225407604934","-0.00451468035452685","0.100000000000009","-0.0000318689548617357","0","-0.00352978620509337","0","0.00180668522494898","0","0.00269179166571165","0.0043290110895855","-0.00923367594694469","0.00195503483580328","0","-0.0383498053748665","0.0022296553272696","0.00831605624165732","-0.0741079721537217","0.0273989741881144","0.0235809425889073","0.00442478598035567","0.0520752571538399","0.0039525743158233","0.0245578507816635","0.0588065666341722","-0.0795920106952348","0.0255955471889635","0.0339015516756813","0.0139278017444688","-0.126836433451099","0.0328366403983171","0.0133903400595843","0.0471340776744524","0.0240723293077929","-0.00490437471508987","0.0140705838969417","0.00219780308247941","0.016982772629146","-0.00117439825594179","0.0272622530089004","-0.00474498420333624","0.00129806273707977","-0.00709960521301944","0.00367045063887863","0.00262733697666581","0.00450037782971432","0.00375932881064136","0.0027761927945133","0.0000674126131012926","0.00375531861826079","0.00302650528551993","0.00174188392798068","0.00490253383103293","0.00462526634068034","0.00395496879807505","0.00348933601083004","0.0619641983207178","0.0953990889959062","0.00146124713337237","0.00590442202684649","0.173066126819794","-0.00660903762601883","0.177194535542122","-0.0151288815963007","0.0450192428967977","0.0652202989716333","0.193990300628331","-0.165711502228334","0.124815528454981","-0.0738160865707975","0.0102867492936154","-0.0113194517636599","0.0216707014516292","-0.0043483456686193","0.00115532747125624","0.0754731600790626","0","-0.00465761124362274","-0.025567404254307","-0.0115929300961248","-0.12","-0.0700000000000003","0.00954263882472439","0.000505272467213658","0.00586761454460039","-0.000842469194939355","-0.1282","-0.0213","-0.143","-0.1175","-0.0796999999999999","0.0123121654496749","0.0185425989643164","18.93000031","0.0125188848626276","0.00855747182939837","-37.52054","0.0892499999999927","0.253649999999993","0.187669999999997","0.00185884123842758","-0.00281846515915958","0.00699713651994998","-0.00774863971676076","-0.000990589481696169"
"176","2012-08-01","-0.000604087678201637","-0.00268227422458978","-0.00735748260729707","-0.100000000000001","0.00589475391134897","-0.0418102700600151","-0.00110803335436138","-0.00453515516539138","-0.100000000000009","-0.000637592472504167","-0.100000000000009","-0.00779693975595919","0","0.00951079767658491","0.0125787822068602","0.0106952891167476","0.0021574981400212","-0.0130720815673531","0.00389864041565779","0.00236686501026551","0.0183491386681967","0.00222469502211098","0.00824746943001742","0.0741079721537217","-0.0273989741881144","-0.00744288390707926","-0.0257141054390191","0.00247218914538916","-0.0065963299865528","0.00805373480709726","-0.00561483788432948","-0.0202881007678943","-0.00845926494597649","-0.0175443096509103","0.0110042375910142","0.0486206870060744","-0.0220101181921155","0.00842870733505574","-0.0214061221519328","0.030552274508544","0.000982801061907956","0.00696173870879946","-0.00550359121697852","0.0141481459660273","0.00117439825594179","-0.0228648731374763","0","0.00532465739534693","0.00529155479274657","0.00239500527546517","0.00239710831922113","0.00139929534864696","0.00280469242348888","-0.00487569280676939","0.00220931931978047","0.00257804575035126","0.00260530783652201","0.00635016583523089","0.00132108217767297","0.00319655196670875","0.00111966549094636","0.000782331294193181","-0.0203679235536232","-0.0423956796644607","0.020438369782628","0.0318202394642775","-0.0870882261731456","0.125403785886697","-0.344565647757637","0.217553040597325","-0.0259710479261024","-0.0132625055170088","-0.133862902655737","0.20909179785856","0.011665718815963","0.0709657283464411","0.000147595188664695","-0.0134341306693266","-0.000946223063817753","0.00462166339166004","0.00830463441555712","0.0995357498686058","0","-0.00416901976429251","0.0223887833815404","0.0178696030157681","-0.0699999999999994","0.02","0.000880051550128158","-0.00209768724598192","-0.00274539463096701","0.00212728114385996","-0.1118","-0.0146","0.00439999999999996","0.0211999999999999","0.0046999999999997","0.0153767885910012","0.0242617309617739","17.46999931","0.0195706098725603","0.0323380882680038","-56.30439","-0.0757199999999898","0.101659999999995","0.218519999999998","0.0118842027149799","0.00105818752676746","0.0725645233862294","-0.0191977972781734","0"
"177","2012-09-01","-0.000402927948503162","-0.000732779710366671","0.00491099820662733","0","-0.00673970537691293","-0.0112995552539337","0.011025470011707","0.0202481608299481","0","-0.000797562690824094","0","-0.0000636395456350414","0","0.00283568955443503","0.00312012733624378","0","-0.00431966114451665","-0.00565505748334516","-0.0019474202843961","-0.00236686501026551","-0.0142423567155427","-0.00222469502211098","0.00614126802208226","0","0.0540672212702757","-0.0226669175642913","0.00451978170561951","0.00738010729762184","-0.10749530243787","0.00931477127454716","0.00449438958783954","-0.0418544088592734","0.00604962522582309","-0.214698485518414","0.00953036485069347","0.0937681594525093","-0.265671954259665","-0.00963862883776834","0.0540177077406945","-0.0141416498146718","0.000981836112257106","0.00494316379751947","0","-0.0167421811430737","0.00468384931242571","0.0511226122497082","0.00356079278447385","0.0100302611059337","0.00289442012557473","0.00267108313469636","0.00233890788434987","0.00217076898258882","0.00470364759729909","0.00216345605301628","0.00682163040005091","0.0020598470942451","0.00279424453008965","0.0087737427133354","0.00402844231806489","0.00787086053380415","0.00214167546322025","0.00156782607668537","-0.00750276072733413","-0.00294692548064113","-0.0331450210517428","-0.039323909244958","-0.141423327860219","-0.181251811813656","-0.0629459454968684","-0.268021441486838","0.016651315977299","-0.0487354490981513","0.0691696905131396","-0.0532813666129366","-0.0624787881745608","-0.0201832896532697","0.00304423720396141","0.0111547830951672","-0.0120636383645151","0.0180758944672288","0.0249423955829998","-0.00442048284143137","0","0.00301234779965753","0.0721185980540771","0.0452142799993211","-0.04","-0.02","0.0101367741664582","-0.000609607913547805","0.00425254605934811","0.00370708022355615","-0.0575","-0.0229","0.0547","0.0487","0.0996999999999999","0.00878520863219379","0.0279913897416186","15.72999954","0.0239471188730942","0.0250231455006191","59.23477","0.163319999999999","-0.0318699999999978","0.226179999999999","0.00519272298882352","0.0032402739562532","0.0252355029754906","0.0105171872138676","0.00395648389507386"
"178","2012-10-01","0.00362052021366033","-0.000122182173772245","0.0109623509496632","0","0.0134342910491272","-0.0114286958236223","-0.015469921772131","-0.0270896926466646","0.200000000000003","0.00280460393544857","0.200000000000003","0.005394954534232","0","-0.00673474080841885","-0.0125393492527355","-0.00801072374607914","0","0.00940740710189569","0","0","0","-0.0022296553272696","0.00610378293801794","0","-0.0266682470821613","0.00326975768155702","-0.00565292630278869","0.0536801494636236","0.0168071183163816","0.00132362693050858","0.0111483874826144","0.00709852137767708","-0.00241546011160398","-0.0203146413511792","-0.0163938097756766","-0.227783930870712","-0.0131952904188326","0.00362538161431658","-0.0625203569813344","-0.00817164914931912","-0.0108535845914108","-0.0179109265665307","-0.00220994565080268","0.00904983551991734","-0.00821118983039426","0.0092280928172368","-0.00594175475991143","-0.00601921666491023","-0.00395085189431299","0.00451075132777534","0.00352065120868729","0.00558294770706589","0.00325198448957504","0.0043100100098776","-0.00379156567988882","0.00764109655689239","0.00236298713129839","0.00512109009332936","0.00661015625550345","0.0060779149957394","0.00697729065256571","0.0044432432784432","-0.0223937422068321","-0.0222191719670608","-0.00476104177127645","-0.00374942959856028","-0.00710735045865185","0.0440689924131501","-0.0652997121454284","-0.0981084109473782","-0.0275290284209131","-0.00214707543566561","0.0073983074814441","-0.0484170994383755","0.014976454189557","0.0675679084891776","-0.00758404461244933","0.00537346806114336","-0.010515006381422","0.0084878776277133","-0.00229849456682618","-0.0102418849582371","0","-0.0050682406979945","0.000531795657021661","0.0385854845470934","-0.11","-0.18","0.00337980962726014","-0.00116145668311596","0.00126760335784226","-0.00589577384969253","-0.104","0.00630000000000003","0.0453","0.0499000000000001","0.0472000000000001","0.00848044016881744","0.016976160316851","18.60000038","-0.0199878425232534","0.00458715953019695","9.17071000000001","0.141300000000001","0.0881400000000099","0.212379999999996","0.00129486565701543","0.000118213101055469","0.00605708378658917","-0.00261894518962791","0.000986679902445609"
"179","2012-11-01","0.00203914560287011","-0.00146735169395029","0.00302389102507661","0","0.00499169089724116","0.0227282510775559","-0.0145824232942706","0.0136365749495457","0.100000000000009","0.00178066122283127","0.0999999999999943","-0.00183736231877685","0","0.00694447235281181","0.00628932890756406","0.00267737777071675","0.00216216300449545","-0.00375234961855053","0","0.00472814119594567","0","0.0022296553272696","0.0160969270421747","-0.0741079721537217","-0.0273989741881144","0.00974561043051292","0.0157483569681389","-0.0116823758543561","0.0250460319260872","-0.00397614837963989","-0.00221975673831309","0.0822846325909667","0.00482509983175738","0.0711050670911355","-0.00137835997012115","0.196433400986636","0.0810639346935034","0","0.0160003413464409","-0.0134230203321408","-0.00696866931609375","-0.00705292596188567","0.00110558330774957","0.00257069550310085","-0.00590669171539027","-0.00317179510388055","-0.0023866444879026","-0.00481032596862008","-0.00691083975235429","0.00259030094122109","0.00253238736465846","0.00251098486585569","0.000873102437174635","-0.00353039466912606","0.0081724821735045","0.00331064632332954","0.00176064819931846","-0.00178975046125371","0.00121755313749414","0.000412761604018556","0.00305940367664689","-0.00125526935301811","0.000158600090205852","0.00956445294040975","-0.0125247908038713","-0.0178058978692643","-0.0504677474158273","0.0423454587267891","0.175739492598314","0.0865902002155146","-0.00350600762324582","0.00360139847511043","0.0779615414697119","0.101698466051312","0.0306078450862417","-0.0416920038426216","0.000362739105987053","0.00365009845157604","0.00378529022829613","0.0181622526782848","-0.00736582606185321","-0.0240080380848413","0","-0.00462521884628586","-0.00368666899720971","0.0140093407374824","-0.04","-0.0600000000000001","0.00857882888513473","-0.000571086698462508","-0.00395528300069969","-0.0031021217848739","-0.0195000000000001","-0.00780000000000003","0.032","0.002","-0.0122999999999998","0.0134327675670569","0.0082773530664273","15.86999989","0.00284267279181449","0.0113767305490291","14.47874","-0.1524","0.305019999999999","0.18974","-0.00377210964974315","0.00369331906255979","-0.0302054767290072","-0.00789824202423972","-0.000986679902445609"
"180","2012-12-01","-0.000501043851818039","-0.00416922737587733","-0.00970881412696123","0","-0.00917055197220762","0.0156078976659915","0.00563381771825622","0.0201124097870959","0","-0.000254186129160061","0","-0.0105827839644048","-0.100000000000001","0.00115273787980819","0","0.00267022855587884","-0.0043290110895855","-0.00565505748334516","0.00389105549296698","-0.00236127618568016","0","-0.0022296553272696","0.00398406901487469","0","0.0273989741881144","0.00965154945222135","0.0286048105816636","0.0391755164345549","0.0112439694791124","0.0145025613666272","0.00332779009267448","0.00811034453745396","0.0143371631464069","0.00865057297600913","0.00550207715398354","0.0405671849890004","0.0207799684917447","-0.00604962522582309","-0.0596330500941393","-0.0115003881203162","0.00895083052008516","-0.00710302326824674","-0.00442968609158889","-0.00514801651740093","0.00472814119594567","-0.0722838233714569","0.00476760646334018","0.0041178018928818","0.00116211706678016","0.00194074749616539","0.0021512318030057","0.00145485530869375","0.00513428590678778","-0.000355494225686222","-0.00216155219869413","0.00085376914985409","0.00185260184341463","-0.0052008357814421","0.00296367065515002","0.000867357045803924","0.00412051138923163","0.00282226815411193","0.0145714739850398","0.015249751479141","0.0263094919864368","0.0302030419209789","0.226588473465939","0.107329020230498","0.235022403092316","0.232919521451323","0.0439744529080883","0.0202164750061318","0.0466233160843421","-0.217850977948441","-0.00131147559781031","0.065897578279424","-0.000958350408861719","0.00363682367243551","-0.0105051471146712","0.0429879802843169","0.0114002169108318","0.00393503138741824","0","0.00835717345661458","0.0133761445604605","0.0282132896848637","-0.00999999999999979","-0.0800000000000001","0.00739466328238336","0.011250586290334","0.015653088372801","0.0138798420688158","-0.00579999999999992","0.00530000000000003","0.0786","0.0726","0.0545","0.0091285539921433","0.0279256955975331","18.02000046","0.0070433676117494","0.0145988119916485","-17.89291","-0.0423000000000116","0.0749999999999886","0.177410000000009","-0.00134539372924312","0.00182769829840341","0.0111912289322303","0.00263968477077281","0.00197238722720439"
"181","2013-01-01","-0.00244200365555258","-0.00270702761593","-0.0234433931899396","0.2","0.0149628726767119","0.0326470778366659","0.0167134809737401","0.0262023723940237","-0.200000000000003","-0.000794748345045448","-0.0999999999999943","-0.00662317953384406","0","-0.000523807041466817","0.00312989300892763","0","0.00216684808509005","-0.0114069677933761","-0.00389105549296698","-0.00236686501026551","-0.00205128277055788","0.0022296553272696","0.00396825917562094","0","0","-0.0128895447259962","-0.0230399659482563","-0.0581559201570734","0.0131900558581695","-0.0198288056493006","-0.0246649274808055","-0.137462487986407","-0.0203721844808769","0.0255115876574079","-0.00550207715398354","0.19900124599261","0.014462183157395","0.00121285642520874","0.0235074487660292","0.00314960890289662","-0.0109508311867517","-0.00203873668984755","-0.0089186767318381","0.00386349482504489","-0.00472814119594567","0.0866109784172089","-0.00476760646334018","-0.00262210912349836","-0.0100401210300092","0.00248775047279183","0.00219123508883389","0.00210327993457922","0.00197396702590977","-0.0046219372628005","-0.00499176916495423","0.00308029309149372","0.0012812952480615","0.00413168931632833","0.0027139199841624","0.00305828349168112","0.002766002361473","0.0013637699287071","0.0125974504127129","0.000799577865508994","-0.012247529275637","-0.0225364974227542","0.0224728558520582","-0.247686377925421","-0.0031123585659234","-0.359721324780974","-0.0250140658138172","-0.00578840180373064","-0.0907652093142675","0.0317486983145798","-0.0158733491562906","-0.0976157585502087","-0.0171883641151842","-0.00892750805483139","-0.0255052904083619","0.0510760086046167","-0.011650859182963","0.0312005528595982","0","-0.00265240306230297","-0.0549399861568691","-0.0441552570033519","-0.2","-0.24","0.0143749936192954","0.00637079240982175","0.0115214320559698","0.00416291714710759","-0.00650000000000006","-0.0212","0.1749","0.2328","0.1678","0.0608168454878211","0.0516144549311939","14.27999973","0.0491977920489255","0.0291148706717026","24.14694","-0.0934999999999917","-0.00557999999999481","0.19601999999999","0.00231335080924303","-0.000708241178338795","0.0103622835720825","0.00525855725346691","0.00393314174683734"
"182","2013-02-01","0.000903901904500515","-0.00135626677592882","0.0062227954382692","-0.2","-0.014125702263649","-0.0663960625733075","0.0022075064152105","0.0064447054426422","0","-0.00108187238095425","-0.0999999999999943","-0.00348995377812944","0","0.00020955574259407","0","0","0","0.0170620252767213","0.00969939708871337","0.00236686501026551","-0.00411523214510634","-0.0022296553272696","0.00197824001210556","-0.0800427076735364","0.0266682470821613","0.00323799527377489","-0.0089186767318381","-0.0541337570832017","-0.0138891121606672","-0.00938974034983975","0.0257717344559971","0.0541159981890482","0.00603502133446998","-0.0596804832726576","0.00412939334201123","0.0417238433714","-0.0854769283227412","0.00844905448652788","0.0472677778813519","-0.00630916919326463","0.0139167256001294","0.0121705356202551","0.00111919429701501","0.011501724239011","0.0164516048920049","0.0042160722624045","0.0142351662814759","0.0182908979311538","0.0327134870829777","0.00283643138558336","0.00271840261972904","0.00150173431603942","0.00436612275604932","-0.00286335481342562","0.00211054768222078","0.00192540437820898","0.00141285620579552","0.00779205961729287","0.00303901319592102","0.0041482790595751","0.00262469437014641","0.00047806102446056","-0.00963227600874461","-0.0353037167110735","-0.00514481841795522","-0.0122465211674498","-0.109592981686339","-0.0227734979399195","-0.173136932218704","-0.0573750415660497","0.0181000416436188","-0.0308541221089893","0.0710493461498505","0.127833371509885","0.0430594894604468","0.0725023311232267","-0.0305064022573474","-0.012966558077269","-0.0344189268704592","0.0138810166209122","-0.0304779435800227","0.0269873589755143","0","-0.00159738318760283","0.0239147102977686","0.00728996949940175","-0.0899999999999999","-0.19","0.0129842831179818","0.00942122667362","0.00344823331619359","0.00188193913303714","-0.00229999999999997","0.0164","-0.0202","0.0986000000000002","0.0966","0.0186873484124277","0.0503949976358715","15.51000023","0.0109999275518655","-0.0274440944476","-45.64933","0.0191999999999979","-0.0382400000000018","0.220600000000005","0.0103047125529353","0.0108889343768941","0.0590337523275694","0.00870327512830205","0.0029397375409248"
"183","2013-03-01","0.00153810175105207","0.00676301378837607","-0.0124845566622449","0","0.00916291292152049","-0.0468469732967884","-0.00552793005251218","-0.0172790476083522","0","0.000350145632328491","0","-0.00910516175934273","-0.0999999999999996","-0.000838486580935438","-0.00312989300892763","0","-0.0174676930403903","-0.0113422766039344","0.00769234562315635","0.00236127618568016","0.00821359853738901","-0.0180185055026785","0.0176302313762706","0.0800427076735364","-0.0266682470821613","0.00751479650248665","0.0265208913799659","0.0963440090848486","0.0166439348395118","0.020014010270069","0.0110012110619735","0.0546677525274966","0.0131502193868789","-0.0418623453609124","-0.00689182603792116","0.0515336501151826","-0.0442008949857913","-0.00361228568591354","-0.014883995699237","-0.0519597389307114","-0.018934297592109","-0.0296696954867475","0.00223463780141575","-0.00127145598819656","-0.0117234636960593","-0.0229846229374466","-0.0130411868865039","-0.00598082139889655","-0.0281487976196395","0.00205586268397416","0.00180883725046543","0.00224967827266312","0.00212782395669371","-0.00192017159740374","-0.00340090492325194","0.00248292274938547","0.00173336532190934","-0.000414444220318837","0.00303807498521583","0.00193063049763318","0.00446470974013952","0.00159630620214423","0.0315295374293214","0.0522317821340224","0.0372125548870237","0.0471896940496173","-0.0174432594505287","0.122069368837069","0.0335308380477102","0.0735507138500839","0.0391588812027397","0.06261224438399","-0.0782007473074753","0.076961041136129","-0.0154443224274736","0.0539238006891765","-0.0079718835966327","-0.0118413121812201","0.00344412257102863","-0.00832352268560843","-0.0263155854433784","-0.06754749566832","0","-0.00140140739573091","0.0538273007343939","0.0363153534821716","0.00999999999999979","-0.02","0.00436090757785301","-0.000670904507551029","0.00100147696655917","-0.0032358495660727","-0.003","0.00920000000000004","-0.1895","-0.2013","-0.1381","0.00928680127395509","0.0158543879053283","12.69999981","0.0353552938799728","0.0165567328914227","51.18083","0.139200000000002","0.105330000000009","0.248199999999997","-0.0029920628534652","0.000569287290492927","-0.0422962739244165","0.000866175887848541","-0.000978952598984506"
"184","2013-04-01","-0.000668449222750667","-0.00294551022975753","-0.00503779402995708","-0.0999999999999996","-0.0277445286336553","0.00478469812333593","0.0186716022930629","0.034264593974096","0","-0.000700413909564546","-0.100000000000009","-0.0132190935490941","0","0.00188560709546071","0.00312989300892763","0","0.0515135344501081","0.0644196927849858","-0.0019175461292722","0.00470589103741315","0","0.0509523271739276","0.0135006872189027","0.0741079721537217","0.0266682470821613","0.0042689499195756","-0.00218340698094366","-0.0197107830639327","0.00206114810174007","0.0183251201258798","-0.0121080180371651","-0.0320973499748778","0.00592068040972737","0.00740744127786197","0.0326559629740526","0.089481687034469","0.0162139937348194","0.00361228568591354","-0.0170136429054564","0.0551192992210794","-0.00605450890870607","0.0134091746149672","0.00445435034938058","0.00254129742867271","-0.00117994113984832","0.0569445338638719","0.00119266509293059","-0.00439915279679859","0.00715093055699612","-0.000723229342500625","0.00118165445465099","0.00053650553170675","-0.00134916171190599","-0.00154041748474602","0.00259132610897945","-0.0000017763933283085","0.000900089105326021","-0.0124759332289819","0.000871264849307867","0.000403269552728899","0.00103099263527837","0.00127288071503154","-0.0237510209627629","-0.0377645080372044","-0.0142665000568822","-0.0192906588123005","-0.0790748273938924","0.0425655549011026","-0.17332984560199","0.275967764344889","-0.050304612784446","-0.016272493951508","0.0023894873973811","-0.0305546683219733","-0.00389864041565691","-0.0806165957811089","0.0129573168285653","0.0103047218283026","0.00992139510159826","0.0488272886386838","0.0157939582101591","-0.0590528421292147","0","-0.000288203819733823","0.0135313280378018","0.0263651717337652","-0.02","-0.0299999999999998","0.012567543032775","0.00289920024981249","0.00310150147381094","-0.000469529276903913","-0.00140000000000007","0.00429999999999997","-0.1032","-0.1944","-0.1894","0.00281798823768575","0.00193021881294086","13.52000046","0.0179241659146046","0.0280644665536856","-39.72285","-0.0281999999999982","0.192909999999998","0.265000000000001","-0.00870003468550253","0.00380261080314758","-0.0794884287568274","-0.012195273093818","-0.0029426210541974"
"185","2013-05-01","0.00267112011906079","0.0040478436134741","-0.00951481964133905","0","0","0.0212522756596591","-0.00655024176071883","0.00210305019677914","0.0999999999999943","0.00175011579521467","0.200000000000003","-0.0137988390845507","-0.0999999999999996","0.00167311552153304","0","0","-0.0211424365738093","-0.0418623453609115","0.0019175461292722","0","-0.00204708362172479","-0.0218349286031998","0.0208538362832051","0.0689928714869517","-0.0266682470821613","0.00318979536810016","-0.0232182901020073","-0.0117786991926128","-0.00137362658961138","0.010322672307419","0.0208226701396086","-0.0296188898836807","0.00588583217726146","0.0272992384876378","0.0185681727288687","0","0.0462189468383993","0","-0.0134359026968278","-0.0320540262900835","0.0180546529118164","-0.0041067819526539","-0.00668898815079633","0.00253485560318811","0.0117372239457252","0.000565702968848392","0.0118485217935733","0.0111257551804851","0.0165213019466268","0.00133471370217579","0.00215618661487371","0.00368211023114135","-0.00120100146725197","0.000720723935208097","0.00126463910035904","0.00536682557244327","0.00185374414586943","0.00393615527467649","0.00151228827279721","-0.000294071781199991","0.00373812149088343","0.00201909753256758","0.00950694527893781","0.0228166412811177","0.0523266931357558","0.0691886497256515","0.140870546662359","0.0887178038055367","0.242561637171311","-0.0400694628702345","0.00945210766938409","0.031709260969496","-0.0315177603204049","0","-0.052116001139014","0.126040720895365","0.00350304424163905","-0.0005127219236849","0.00229523626924338","0.0282375057487201","-0.00202607827225032","0.0030271982494483","0","0.00150414949519195","0.0462815029931587","0.0547982353734415","-0.17","-0.18","0.00531905763794072","0.000449869156224025","0.00648865528870424","0.000445676397646366","0.0001000000000001","-0.00600000000000001","0.159","0.1638","0.1336","0.0243718753100932","0.0283403174448953","16.29999924","0.0205502024207274","-0.00106498701587832","-66.48587","-0.125500000000002","0.335610000000003","0.2684","-0.0000646135001519145","0.000984361949323139","-0.0170219182529948","-0.00703608883406925","0"
"186","2013-06-01","0.00196538979636252","-0.00515465058866482","-0.0031918316277757","0","-0.0232869513787906","0.0389510865844436","-0.0132306229866304","-0.0105597602150027","0.200000000000003","0.00146138476305424","0.0999999999999943","-0.0189049232246052","-0.100000000000001","0.00624936936495768","0.00312012733624378","0.00266311741948355","-0.00428266179200154","0","0.00191387618228411","0","0.0302747642465917","-0.00220994565080268","0.0111941467431533","0","0","0.0126583968719238","0.0351684594726649","0.0211027760677363","-0.0159338320850022","0.00767267191166088","0.0129312146722489","0.0887781619015158","0.0186051878310343","-0.00449843313686227","0.00262467342277084","0.116157962750869","-0.0108992904580356","0","-0.00873367996875452","-0.00544367158117609","0.00495786836078693","0","0.00446429312868535","-0.00253485560318811","0.00813485020627613","0.0248870886852846","0.00704219978994569","0.00841917162512473","0.0103374271192003","-0.000931220111150496","0.00113262090315545","-0.000730317346588043","-0.00130545940436237","-0.00375442719846489","0.00238183041476844","0.0000781331605982353","0.0000796071157884957","-0.000903080829982401","0.000259630587106894","-0.000405589797212495","0.000975494661395573","0.00138945786577707","0.015384269304894","0.0283428059303255","0.00668182829830144","0.00812302483813454","-0.127663144256092","-0.179325299870721","-0.231539906267115","-0.181994545672663","0.0675057646529424","0.0596723314863983","0.0362796740806486","0.11059737599551","-0.00964859311583233","-0.0124122404461291","0.00857373089033597","0.0237555908584655","-0.00314666245946105","-0.0242962987235549","0.0125477055054696","0.00350399424118386","0","0.00035810206291309","-0.00475449546704354","-0.00442242428742112","-0.0299999999999998","-0.0600000000000001","0.0102743890158941","0.00246204119494564","0.00439030618814584","0.00091363574226655","0.00229999999999997","-0.00839999999999996","0.3363","0.3601","0.2488","-0.0544554694396417","-0.0392745218171466","16.86000061","-0.0151129288113783","-0.0609576887066927","38.39643","0.0615999999999985","0.551159999999996","0.265600000000006","0.00179494551007443","0.00124151581952774","0.00257184139662747","-0.00886530628956272","0.000981836112257106"
"187","2013-07-01","0.00103111652435928","0.000492065454633206","0.005737981953021","0","0.00782272568120845","0","0.00332410278383843","-0.00425532557013852","0","0.000888494061115352","0","-0.0231820227972772","-0.0999999999999996","0.00124520094952008","0","0","0","-0.0130965389198456","-0.00191387618228411","0.00234466695925395","-0.0302747642465917","0","-0.00558140983819566","-0.0689928714869517","-0.0273989741881144","-0.00104876779408425","0.0118090475922425","-0.00465117117573133","0.000698080307580895","0","-0.0194600735547121","-0.0171362822429879","0","0.00449843313686227","0.00130975788206378","-0.0514889699580796","0.0216810660613245","0.00359928402964727","-0.0097943975922874","0.00544367158117609","0.0029629651306573","0.00205549918209602","-0.0067039357221903","0.00884402479645274","0.00231213975837896","-0.00236746475060823","0.00116896511763098","0.00595021170038734","-0.0151919647338623","0.00248661103786329","0.002046698465832","0.00162884307474874","0.00267585846711697","0.000860124404807929","0.00184915797799271","0.00144978230158773","0.00137603310812138","-0.000788902544482637","0.00255084553815817","0.00394680808031304","0.00144623895563365","0.00248828327996031","-0.0188277871379778","-0.0339421934303843","-0.0423951771417599","-0.0564090407334614","0.142225756371747","0.0496090046659035","0.23487880753263","0.273357302930448","-0.0805577733557961","-0.0174963457197759","-0.164897051902742","-0.19782574332992","-0.105052776003143","-0.0988133946640959","-0.0128209291193029","-0.0114589178040714","-0.0119967162876314","0.0039389602328459","-0.0199680370216149","0.0475308814237119","0","0.00884141912602132","0.0262418918896543","0.0309327143277844","-0.02","-0.00999999999999979","0.00610374634397814","0.00649262492480851","0.00241235187346511","0.00525907804399139","0.00149999999999995","0.00489999999999996","0.0473999999999999","0.1647","0.1135","0.0647995233647745","0.0750026278491216","13.44999981","0.0482777279585402","0.062022675722571","-10.82196","0.656800000000004","0.770929999999993","0.262900000000002","0.00727256129353923","0.00338412622988575","0.0312899450433954","-0.00446230102339928","0.00391773272890195"
"188","2013-08-01","0.00275550860737539","0.00380531975791243","0.0182682245700265","-0.100000000000001","0.00776200533548899","-0.045985113241823","-0.0122427795156774","-0.0193762789631382","0.0999999999999943","0.00158463570699396","0.100000000000009","-0.025238827266314","-0.100000000000001","0.00424277554756447","0.0031104224143923","0.00265604405811626","0","0.0149535496670588","0","0","0","0","0.0203146413511792","0","0.0273989741881144","-0.0084299761604596","-0.0183096121953357","0.0241807981972153","-0.0347922916505565","-0.0102433674147617","0.0279889099022324","-0.0140905770992541","-0.00230680609791545","-0.0544163745770625","-0.0211648111920431","0.0383924310382344","-0.0588946624017588","0.00239234563861945","0.0291000164864412","-0.00653597097978498","-0.0039525743158233","-0.00102722145653011","0.00223964259350495","0.00376648279547709","-0.00811598657817925","-0.0199214810954205","-0.00703405167724025","-0.00491954576538944","0.000056032538731543","0.00230396456238939","0.00164653718840693","0.00110088750753818","0.00264055480686039","0.00286841867138781","-0.000531580934282799","0.00156543185916335","0.000266423416198008","0.00320359725485455","0.00313370056474017","0.00473032832183322","0.000949307260656762","0.00223043929120345","0.0310696768480678","0.0584819865388493","0.00863073109949575","0.0120758946204056","-0.104643045222704","0.00170672776460279","-0.192776014697814","-0.15117005168912","0.0738810137934731","0.0119934275225457","0.133531392624523","0.17185025692666","0.128325558058519","0.0501897445238555","0.0135779742431499","0.0214253638236568","0.00421524130532108","0.00218639095598583","0.0218399110553594","0.030566678777932","0","0.00286034506478572","0.0367978322161893","0.0330038374920445","-0.04","-0.04","0.00692588398491445","0.00297206432807684","0.00401583088974711","0.00557675563632287","0.00319999999999998","-0.00309999999999999","0.2085","0.2378","0.1364","-0.0287605633917369","-0.0167947093038414","17.01000023","-0.0317982675780755","-0.00747873640699881","-20.67293","0.914899999999989","0.499720000000011","0.229699999999994","0.00360644821579002","-0.000989254253705849","0.0247421753102363","0.00624166092347611","0"
"189","2013-09-01","0.00387142088023218","0.00781063282461858","-0.00250000130208416","-0.199999999999999","-0.0278763695282542","-0.0631277520345535","-0.0226510250368968","-0.0309075374630767","0.300000000000011","0.000506553547207744","0","-0.0367080769493278","-0.0999999999999996","0.00226921190721274","-0.0031104224143923","-0.00265604405811626","0","0","0","-0.00234466695925395","0","0","0.00909924385511385","0","0.052643733485422","0.0178295231719634","0.00757989552276861","-0.00341880674878592","0.0417464225962556","0.0178576174000069","0.0105597602150027","0.00914007193939792","0.0137616850726818","0.0669053861478375","0.0237791917661134","-0.0364373962024311","0.084480530969345","-0.00119545740477367","0.0485169774446073","0.00327332534496882","0.009852296443011","0.0132722724166303","-0.00448431244732905","-0.00376648279547709","0.0115742032811363","0.03641714368786","0.0140189708707465","0.0105935939367274","0.034420540051153","0.00263551349644221","0.0021041100855214","0.0036779188429382","0.00173964852470785","0.0000204360702357885","0.00486804677723789","0.00443004596581449","0.000605936877718816","0.00761027625527572","0.00320348941214345","0.00359173055411798","0.0036890795536051","0.00136225376333249","-0.030933074156783","-0.0428504503900164","0.021141876940078","0.0301404333934769","0.0259579718881051","-0.0720222834755244","0.117333819530955","-0.182842525808082","-0.0363824130162911","0.0744144855660842","-0.0843411484337508","-0.0244185273481463","-0.0599482606137816","0.00349040493976815","0.0206636149658754","0.01781483320185","0.0198884678902492","0.0378654903525941","0.022823890153147","0.00287150233202293","0","0.00198224879623865","0.0375493406892318","0.0694101480151499","0.0499999999999998","-0.04","-0.00224786571808622","-0.00745779157678506","-0.0090937659410617","0.0109015801886834","0.00430000000000008","0.00290000000000001","0.1913","0.1355","0.0579000000000001","0.00975169695310107","0.0191653286451174","16.60000038","0.0293155912868368","0.0507033712361826","33.66552","0.757900000000006","0.190649999999991","0.1815","-0.000833780056341979","-0.000940207356622464","-0.0132683379712674","-0.00445435034938058","-0.00293685967331037"
"190","2013-10-01","0.00263852395818276","-0.00426387927476668","0.00499376818048702","-0.2","-0.0259522395096257","-0.00502513620267298","-0.0373438958666537","0.00892863074430128","0.0999999999999943","0.000316465713581238","0","-0.034014565761467","-0.1","0.00133848153830929","0","0","0","-0.0149535496670588","0.00382409643840287","0.00234466695925395","0.00408998525152438","0","0.0268112574506567","0","0.02531780798429","-0.00625653761430467","0.00966191091173751","-0.0195971689521359","-0.027398974188114","-0.0178576174000069","-0.00526594160528759","0.0131472723640353","-0.00342270727750194","-0.0425596144187965","-0.0171169419406976","-0.0317486983145803","-0.0527614539465517","0.00833834491715368","-0.0137553750684853","0.0086768440256888","-0.0058997221271877","-0.002030457550382","0.00448431244732905","0.0125001627642316","-0.0104107360178389","-0.0397154461009359","-0.00815388431113728","-0.0115786979896502","-0.0167163163397266","0.00132477277512914","0.000882789484153729","0.00145748036489933","-0.00102291750205403","-0.000392450024608193","-0.00207014795003242","0.00169799964730211","0.000730662525142341","-0.00755649341947166","0.0012780379465559","-0.000256406494014421","0.00184686438375336","0.000629333304309335","-0.0163881654378208","-0.0145091475883987","0.0155117415649073","0.0227247811952669","-0.117450312312771","0.0478588757228575","-0.182465348583691","-0.0830871148437948","0.0253157403285247","-0.069792714272376","-0.0576291128366364","-0.0966594042050897","-0.039565600206191","-0.0472669346289099","-0.00118382990061416","0.0152868449228095","-0.00726354544818381","-0.000343122058235501","0.0143311066887822","-0.0228394919698225","0","-0.00094013137214688","0.0133152276091515","0.0178520935626754","-0.0299999999999998","-0.0600000000000001","0.018964418919353","0.00650674114551109","0.00118678487839396","-0.00614331740926843","-0.000300000000000078","0.00140000000000001","-0.1298","-0.1659","-0.1464","0.0402576897766931","0.0376374576033456","13.75","0.0436299709750401","0.0365314336111506","30.82011","0.178700000000006","-0.0284099999999938","0.129500000000007","-0.00629375747944737","0.00216698706955909","-0.0451145122131464","-0.00268216521993914","0.000979911886348717"
"191","2013-11-01","-0.000329435021923175","-0.00489537142114393","0.0105296730078841","0","0.00722677038612751","0.00502513620267298","0.00710903467910651","0.00664454271866877","0","0.000094920188013603","0","-0.0264704114038299","-0.1","-0.00185375954218703","-0.00312012733624378","-0.00266311741948355","0","0.00188146809970569","0.00570886422032046","0","-0.00204290162979959","0","0.0105264129869882","0.133531392624523","0.0246926125903717","0","0","0.0354525407419297","0.0106270925742855","0.00513479947203876","-0.00741921792202849","-0.0306696230562373","-0.00228833051801214","-0.0271934243415526","-0.00399202126953746","0.0831396441840693","-0.0307716586667537","0.00118553659410203","0.00919124117554837","0.0297894368021074","0.00883658180049807","0.0161293819298844","-0.00898882456843353","0.00124146508806522","0.0081065875329891","0.0363455589434514","0.00931325554080864","0.00615090123128326","0.00552869236397591","0.000586447886408234","0.00171874628605712","0.0015921829440638","0.000858821389968809","-0.000501536291155395","0.0052356811580647","0.00305637088697022","0.000441355590821715","0.00186640691514677","0.00165686519182805","0.00144053972902471","0.00275935502933268","0.00336831589095086","-0.00960933790095631","-0.00794791409328788","-0.00246899759915564","-0.00421362594969388","0.113448973196164","-0.0213353196853756","0.232247796969972","-0.0912414580973318","-0.0201187808074721","0.032227494638267","0.0942824304846717","0.031671343837651","0.062293851283747","0.0323478338655194","0.0108937024716838","0.0128688103011492","0.0118813278867527","0.0248222813136252","0.000621156613549334","-0.0118966681838506","0","0.000290336224008314","0.00659171290313409","0.0288786659583842","-0.0100000000000002","-0.04","0.00592775985117022","-0.00129358741192043","-0.000485218964573875","0.00112229167488742","0.00680000000000003","-0.00130000000000002","0.0402","0.0813999999999999","0.0780000000000003","-0.0103368752292035","-0.00086603316722389","13.69999981","0.027663290033785","0.00783165273650877","-53.82031","0.159499999999994","-0.0209499999999991","0.109099999999998","-0.00141545585244257","0.000547504897864417","-0.00420221801435934","0","-0.0019607849419403"
"192","2013-12-01","0.00131708942319442","0.00159362583527667","-0.00185013928816158","-0.100000000000001","0.00538600942957057","-0.0151518050206025","-0.0214805395167597","-0.00220994565080268","0.0999999999999943","0.00113834004387314","0.0999999999999943","-0.0174000718459304","-0.0999999999999996","0","0","-0.00267022855587884","0.00428266179200154","0.00562325755436177","0","0.00700119545898303","0.00204290162979959","0.00220994565080268","0.0190152661134873","0.117783035656383","-0.0246926125903717","-0.00104657257067142","-0.0161554402222857","-0.00337648041660543","0.00562194031679386","0.00510856794272296","-0.00212992625782515","-0.00930239266231325","-0.00229357898709992","0.0590577496436007","0.00796816964917735","0.151230969723924","0.0730251350148903","-0.00475060275859818","0.0172339866339888","-0.0450236813739551","0.000977039647826139","-0.0120725812342695","0.0101067676697744","-0.00872279674035426","0.00345423486808727","0.0223776757864664","0.00577699117387898","0.00710067421234406","0.00459990953780576","0.00295120266275164","0.00180915892051134","-0.000207593832525462","0.00520837686135594","-0.000264697588156807","-0.00018912747172451","-0.000743632508174809","0.000531022821903286","-0.00187343369049358","0.00334693240264682","0.00281966992496082","0.00335042282695394","0.00225385981380113","0.0191444063421926","0.0329836400539492","-0.0382556261010425","-0.0558841918371051","0.130729274565946","-0.0874441135139357","0.198491977553417","0.0764094691420016","0.0325403052665436","-0.0588902435948313","-0.158444374701958","-0.00963862883776834","-0.128727540311877","0.007048487331061","0.0108168526018115","0.0309492312500134","0.000753611088628703","0.0484765732946508","0.0166880931838252","0.0271808085092236","0","-0.000467103901236499","0.0114570775727749","0.0187575311390322","-0.02","-0.04","0.00925796160318981","-0.0112002503138076","-0.010854942180984","-0.0134302032724527","0.001","-0.00850000000000001","0.2227","0.186","0.0991999999999997","0.0170943669899017","0.0298602390104872","13.72000027","0.0232894740668828","0.017879139486221","1.29354999999998","-0.153999999999996","0.253360000000001","0.105800000000002","0.00288311374483784","-0.000242635495694812","0.0599564480443852","-0.00268937858197127","-0.000981836112257106"
"193","2014-01-01","0.00541473141817761","0.010357735930997","0.00554018037561566","-0.199999999999999","-0.0401880564385024","-0.0522311922254453","-0.023185907468811","-0.0429444518297419","0.300000000000011","0.00107391040011429","0","-0.0167252417043899","-0.2","0.00616588121368178","0","0.00267022855587884","0.00213447252863208","0.0312812993810887","0.00378788331693691","0.00232288141613957","0.00203873668984844","0.00220507255831404","0.0203396842371228","0","-0.02531780798429","0.00104657257067142","0.0299487623546213","0.0255996172013155","-0.032766464067544","-0.0179953442190799","0.0190079640451772","0.0176846714151173","0.00686501551968011","-0.028170876966696","-0.0349968420370965","-0.0988251219117693","-0.0340229772116212","0.00475060275859818","-0.0027014874601603","0.0606246218164346","0.0068126784175071","0.0230125212726033","-0.00111794310134083","0.00374766210024013","0","-0.0133481981693464","-0.00230670824703161","-0.0026634691960119","0.0130760383940451","0.000608682650950364","0.0013041454302735","0.00125355116775849","-0.000889359462894817","-0.00204503087489295","-0.0000863364743945239","0.00249298138655597","-0.0005901960035622","0.0050868440669823","0.00321922234236771","0.0017762787049627","0.00466741647185343","0.00274891804140262","-0.00813019625297962","-0.0200164536062584","0.0318856099912885","0.036004473589589","-0.179335693505974","0.0801301022538787","-0.368847114698796","0.0509771524659355","-0.0319645289808435","0.0401336874914371","0.0892678653483623","0.281001209460948","0.0842119350494137","0.139876452748015","0.0121123091318989","0.034022067829296","0.0124772871426244","0.00943161713303198","0.00578476266823336","-0.0241239768945141","0","0.00506964751307493","0.0292565393598583","0.030339213091727","0","-0.0299999999999998","0.0103384097246924","0.00661070794135377","0.011642678542616","0.0116230374545534","-0.00369999999999993","0.00720000000000004","0.0609999999999999","-0.0358000000000001","-0.0682999999999998","-0.0318399105833773","-0.016514240849089","18.40999985","-0.0362314074850154","-0.0475696124934797","-3.49617999999998","-0.282300000000006","0.457299999999989","0.102399999999989","0.000221594622295868","0.00640892837399005","-0.028748526106066","-0.00992340123372681","0.000981836112257106"
"194","2014-02-01","0.00130825856762584","0.000727096493497115","0.0146254892189788","-0.2","-0.0293165203173862","-0.0551103627105194","0.00860484719351895","0.0318208666110795","0.0999999999999943","0.000126266612118897","0","-0.0284001483759182","-0.1","0.00286445208646491","0.00312012733624378","0","0.00637621713927583","-0.0275499517682301","0.00940740710189569","-0.00698489452195084","0","0.00658619285285678","0.0330062964681694","0.105360515657826","0.120627987788615","0.00729549874672397","-0.00105429635490584","-0.0166208812360402","0.0172294283585543","0.0218097162945501","-0.0136916304179442","0.0263606696910683","0.00455063356399688","0.0459333333065368","0.0363187192950125","-0.0213531244705694","0.0583720062219077","0.00590669171539027","-0.00633199763750714","0.032490167424454","0.00676657970887362","0.0137526725520374","-0.00111919429701501","0.00621506040343434","0.00687287928776215","-0.0390713487174787","0.00575703562292773","0.00616640373622701","-0.00512159780025989","0.00173978932034836","0.00135873297959329","0.00241893019594547","0.00249577103206587","0.00532490537885906","0.00419325814326795","0.00245014702963478","-0.000230313394335217","-0.00104787068016279","0.00199578341017224","0.00195052044879756","0.00225005024539621","0.00225867018437801","0.0136848136548551","0.0190469915817104","-0.0115627131501892","-0.0208691969396764","0.109840119985061","-0.0707600821645613","0.327627770727849","-0.0198572437521314","0.00115055896979044","-0.0241742482689826","0.0244910200082957","-0.369554606802393","-0.0162845937645004","-0.227925961194424","0.00400114112900862","0.0153036125522991","0.00206449555138208","-0.0107105007782415","0.0058722207668514","0.00718830853066788","0","0.00145630788981599","-0.0493357527417047","-0.0548289676800913","0.11","0.00999999999999979","0.0107125331093005","0.00876864159151758","0.0101964614763546","0.00827338727454219","0.000799999999999912","-0.00900000000000001","-0.0839000000000001","-0.0952999999999999","-0.0619000000000001","0.0475158109261962","0.0649355618035798","14","0.042213374879041","0.0656052734411676","-6.06582","-0.190600000000003","0.348700000000008","0.0884000000000071","-0.000604135213871923","0.00150973785507071","-0.0139137046984824","0.000906207583538432","0.00098087305559158"
"195","2014-03-01","0.00358891086685809","0.001089654445245","0.0167970355875919","-0.100000000000001","-0.0145000123847545","-0.0345855796497796","-0.0298158732251554","-0.0318208666110795","0.200000000000003","0.00154547349049849","0.100000000000009","-0.0296640975423124","-0.1","0.00499313209385477","0","0.00266311741948355","-0.0235809425889064","-0.0112360732669261","-0.00751883241402762","0","0.0121458983021085","-0.0243644388741409","0.0366574908440152","0.0487901641694322","0.0444517625708341","-0.00625002034517141","0.00526040139918038","0","-0.0157822501030882","0.00126823098799544","-0.00851975334477029","-0.0355850537567948","0","-0.00795408524132046","0.00263852395818098","0.0794891510582394","-0.0173314563516405","0.00704228262541307","-0.00820050153632135","0.0217399866364065","0.0162449821843333","0.0154891770424603","0","0.00617667189172888","0.00909097170125239","0.0899452540041912","0.00343835834287187","0.0117603874683034","0.0208700518803049","0.00099116387139388","0.00110756386483898","0.00195230322451994","0.000108675863917943","-0.00222686374042538","0.00223392344742916","0.00221247116705659","0.000831220384328719","-0.000696881415649729","0.00171914484219162","-0.000413153289609287","0.00152537085257227","0.00363661584360336","0.0196712113834021","0.0350470838870525","-0.000394866737607913","-0.00169302177032549","0.117852870497012","-0.0408621947172403","0.0299389085056765","-0.00278940208757827","0.0241816391749179","0.0384559350994174","-0.0411580724935074","-0.0571584138399492","-0.00899556290857806","0.0274248866299747","-0.00254015685343489","0.00843198250250654","-0.00836686320697611","0.00599434907003271","0.00331435417443415","-0.013125246191624","0","0.00447489645568666","-0.0248234944406516","-0.0271838377331246","0.0299999999999998","-0.00999999999999979","0.00196638949545047","-0.0125478287801286","-0.0201911433218669","-0.0148577856109569","0.000099999999999989","-0.00380000000000003","0.00460000000000016","-0.0310000000000001","-0.0198999999999998","-0.030760104280402","-0.0274140748774148","13.88000011","0.00690824861534711","-0.0320218551646159","8.40679","-0.0189999999999912","0.325000000000003","0.067300000000003","-0.00280866339181568","0.00154390661853875","-0.0353739055444249","0.000905387114812584","0.000979911886348717"
"196","2014-04-01","0.00334888873124584","0.003261857316744","-0.000595061011311238","-0.199999999999999","-0.0147133600811467","0.0174423026633423","-0.0517579938349542","-0.0328668080803522","0.200000000000003","0.00148015206452179","0.0999999999999943","-0.028783397956011","-0.0999999999999996","0.0042600733866287","0","0","0.0172047254496306","0.00750472565406746","0","0.0023337233462204","-0.0121458983021085","0.019978466930886","0.0216726748988965","-0.0487901641694322","0.0215062052209634","-0.00209205097222398","0.00523287431665764","0.0144206603264383","-0.0153008449553012","-0.00126823098799544","0.0021367529497347","-0.0042211966436243","0.00113443007061154","-0.0188093319574962","-0.00793654959573686","0.0422827211593768","-0.0265737514525135","0.0011689072049812","0.0181328630990061","-0.00489956884115905","0.00094741835603962","0.000960153698343014","0","0.00246002584086291","-0.00113186203368354","-0.0146088269098836","0.00456623427424319","-0.00396534681430616","-0.0101573541401585","0.000272146619122314","0.000992751159276523","0.00179791830490054","-0.0022248064434824","0.00117995227683416","-0.00120663499846298","0.00394216492743007","0.000673128299358868","0.00722927771783554","0.000572627978338329","-0.000120305353764231","0.00323826919510362","0.00146736420869571","-0.0163088883857494","-0.0262005009446806","0.00420389478813199","0.00709150981209916","-0.169774898008074","0.0215418437747541","-0.148964679802097","0.0685458442108438","0.0145651028817273","0.0105626699619279","-0.0284110018327794","0.0935260580108235","-0.0197725072678647","0.0375330096447977","0.00667260462804187","-0.00320121811046881","0.00861431650142969","0.00853747022687479","0.00725314134357169","0.00260174835481841","0","0.00197758593176722","-0.0446587084719337","-0.0457057915778361","0.21","0.17","0.00876324033210274","-0.00277088491376709","0.0000269316403436193","-0.0046135472954667","0.00509999999999999","0.00609999999999999","0.0268999999999999","-0.0420000000000003","-0.0342000000000002","0.0179060472906247","-0.0284523519131739","13.40999985","0.00618164317838321","0.0441772281014239","-40.35792","0.2804","0.260099999999994","0.0207999999999942","-0.0022250655680517","-0.000315744447223593","-0.0227643121022373","-0.0173441134579733","-0.00490919002623791"
"197","2014-05-01","-0.00120170851922552","0.00168715393117758","-0.0162019745762807","-0.100000000000001","-0.0219789067187754","-0.0472064045697964","-0.0174150416016783","-0.026603745517976","-0.100000000000009","-0.00220528096430606","-0.200000000000003","-0.0311093875964463","-0.1","0.000404776366586646","0.0031104224143923","0.00265604405811626","0","-0.0169655341582962","0.0018850146957714","0.00232828975959087","-0.00408163831964803","-0.00220022090960192","0.0121767105752548","-0.0512932943875506","0","-0.00209643682652771","-0.0221644957324383","-0.0578064600035137","0.035344465143357","-0.0179262162681519","-0.00749869609111986","0","-0.0136988443581618","0.0502529704363841","-0.00399202126953746","0.00950878796902721","0.0516074281662462","0.00349854584251386","-0.0054054185669079","0.0165615085890014","0.00094652160403097","0.00574164256767506","-0.00224215340568978","0.0061237178505289","0.0056465423882095","0.0131914049334032","0.00567857506746439","0.00175390522843877","0.00803885477541577","-0.000717746357353037","-0.0000921335615536388","-0.00120899305585811","-0.00128713121668126","-0.00159626338070925","-0.000678380810811685","-0.000424482880460621","-0.000336019883695477","-0.00677686325134815","0.000802982285614535","-0.000336573334798474","0.000121349700840033","0.00388757453618073","0.0210917461412325","0.0345040475562683","0.00944334123429869","0.0134364800975373","0.0360838757240227","0.0869294064170205","0.0809032275818673","0.0930788308119563","-0.0364495878755964","0.00864230987412284","-0.0685812641545303","0.00762392511065979","-0.0699808511490705","0.0257220389404109","0.00731768939724819","-0.00277543646365808","0.011643293227068","-0.0011704205139722","0.0060142498252751","0.016383247253466","0","0.00316099548245496","-0.0836001425396606","-0.0468817447037679","0.0300000000000002","0.02","0.00300228676691638","-0.00261790408439033","-0.00303943275434015","-0.00284657153470036","0.000800000000000023","0.00130000000000002","0.0343","-0.0427999999999997","-0.0739999999999998","0.00967174695511197","0.0121342844609291","11.39999962","0.0208121959543162","0.00971101643039907","29.80642","0.182299999999998","0.151700000000005","-0.0390000000000015","0.000844358161245557","-0.000041679070465339","-0.011500747236107","0.0137176362287992","0.000983767910132549"
"198","2014-06-01","-0.0000324986594328891","0.00036116294860733","0.00783372490576362","-0.2","-0.022472855852059","-0.040066992596886","-0.0232409640394504","-0.0198026272961798","0","-0.00173613894837388","-0.0999999999999943","-0.0408028023199645","-0.1","-0.00121482096333114","0","0","0.00212992625782515","0.028118066108771","0.00188146809970569","0","0.00408163831964803","0.00220022090960192","0.012030220276543","0","0.0618754037180875","0.00209643682652771","0.0158817525529438","0.0162040582547229","-0.0142757599293715","0","0.0085653628589224","0.00926322413187197","0.00801378072355341","-0.0430457320314348","-0.0053476063265947","-0.0191088616980464","-0.0543040590138455","0.00464576909917191","0.00809721023261911","-0.00290275965796116","0.0084786188555519","0.00475964725298805","0.00224215340568978","0.00487211682400002","0.0033726844786397","-0.026273441665345","0.0022624525221282","0.00604550608832177","0.0129377860941737","0.00296490342089343","0.00137065429005816","0.00349595417800858","0.00240961177578759","-0.0000504138001135973","-0.00157461001858854","0.00260963558712501","0.00120359061015814","0.00253157045460261","0.00272617735679651","0.00306923802673715","0.00132619642973934","0.00348988600746417","-0.0307137899708092","-0.0652718296605261","-0.0135814140707868","-0.0204602139768451","-0.188470692234305","-0.104292389116809","-0.440686543071528","-0.272587446229297","-0.0368078271119376","-0.0127622516138519","0.0885533973414452","0.0100756519887417","0.0653619052927761","0.0242226375758463","0.00931124345517453","-0.00196377981503892","0.0136827621458926","0.00675229315427384","0.00367407820705468","0.0204217813654237","0","0.000770066797874946","0.087911675243129","0.0862204763270764","-0.0300000000000002","0.04","0.00219651641076446","-0.00422727709931081","-0.00172315689925107","0.00564386635300629","0.0164000000000001","0.00179999999999997","0.0980000000000001","0.0852999999999997","0.0667999999999997","-0.0151122264529615","-0.0180695090167529","11.56999969","0.0188789966247045","-0.039902050314895","-34.49581","0.0966999999999985","0.0861000000000018","-0.0977999999999923","-0.000681339214265658","0.000227682341360801","-0.00730493203564122","0.00543479598595731","-0.00295421189743106"
"199","2014-07-01","0.00269380102206185","-0.00349671785719607","0.0113400200596745","-0.0999999999999996","-0.0229895182246986","-0.015848192240024","-0.0139278017444688","-0.0278852034895358","0.200000000000003","0.00164151814118796","0.0999999999999943","-0.0324764023476725","-0.1","0.00303428977619902","0","-0.00265604405811626","-0.00426439878645724","0.0110295235755","-0.00565505748334516","0","0.0040650462481695","-0.00661523911871864","0.0177782460212832","0.146603474191876","0.0198026272961798","0.0104167608582557","0","-0.0103867061888092","0.0100143898444038","0.00129115576361993","0.0252645016594819","-0.00926322413187197","0.0102099582328981","0.00268937858197127","0.00668005156037399","0.0316482109507819","0.000899685170897335","0.00462428569711459","0.0071428875123809","0.00868312257346116","-0.000938526582263677","0.00284495213223135","-0.00224215340568978","0.00726395445822536","0.00112170510919984","0.0280058779644126","0.00338416186186929","-0.00127360935407417","-0.00603035520833828","0.000373587187532082","0.000107794228257993","-0.00112324320539877","-0.00233968269637405","0.000463261251660744","0.00164464163406339","0.00224251023831997","-0.00184198565125912","0.00349646847653206","0.00132249612357521","-0.000643912817449669","0.00142447997463028","0.00396015283230626","0.0284757184538744","0.0349457378914053","0.0542975639883512","0.0678370397962365","0.13029756496381","0.148247432637405","0.306374205463934","0.239734250042109","0.0691402278572628","0.0705818225026782","0.0655972824858138","-0.0567162294418528","0.10257887269595","-0.0233473639969919","0.0117854012298695","0.000600453087174824","0.0139739567772301","0.00669836963676751","0.00959536427545993","-0.0460345725307878","0","0.00626266798460584","0.0141910539427528","-0.0149361870138058","0.0899999999999999","-0.0600000000000001","0.00303193874475483","0.000596275644259237","-0.0030832285870428","-0.00294878726855075","0.0125","0.00320000000000004","0.00669999999999993","-0.0498999999999996","-0.0774999999999997","-0.00405517091278718","-0.0146066561228881","16.95000076","-0.0151946873705358","-0.0242377362068535","8.13783000000001","-0.139700000000005","-0.0023000000000053","-0.138600000000011","-0.0015270353700189","0.00029746019913829","-0.0132736003300023","-0.00543479598595731","-0.0039525743158233"
"200","2014-08-01","0.00148983056446461","-0.00145050188613105","0.0100384663468578","0","0.00842110239640892","0.0126985833371274","-0.0327898228229913","-0.031334156170435","0","0.000851265125891842","0","-0.0374696698053159","-0.1","0.00141285723371265","0","0","0.00213447252863208","-0.00733948248804595","0.00188857468786807","0.00464037955650287","-0.0040650462481695","0.00661523911871864","0.00731532157637282","0.0444517625708336","0.0194180858571018","-0.00937018828758429","-0.0126851595273161","0.0161108202726981","-0.0288828741487865","0.00386349482504489","0.0010389611324193","-0.0318032819777034","-0.00339175000112046","-0.0647175881986639","-0.00133244523377929","0.0530829692223138","-0.0843987040468779","0","0.01061956882746","0.00860837453659968","-0.000939408241936057","0.00378072283990605","0.00112170510919984","-0.00120700075003555","0.00335758569484579","-0.00643392478830584","0.00337264473681387","0.00220419640425717","0.0137329155938399","0.00127117907833411","0.000355861987396486","0.00171513681887345","0.000675578482165488","-0.000654112768560993","-0.000330925525804658","0.00148142385061801","0.000603183224673252","0.00129273452931158","0.00135934825024793","0.000949942159920089","0.00113063978585001","0.00331070703781035","-0.0269972928794466","-0.063789368015982","-0.0412682234547912","-0.0623623885637947","-0.368589978516604","-0.148914878015093","-0.596575170935199","-0.150229106174076","-0.0320046662073654","-0.114521384565599","0.0105264129869873","0.036462372537355","-0.0112045990128626","0.0242016998029069","-0.0110960534634019","-0.00410116774421465","-0.00548643685290845","-0.0103005878137701","-0.0213164563701895","-0.0495350326924209","0","0.00360855606120758","-0.0294745124027056","-0.0204670689963962","-0.02","0","0.0051450576274199","0.000345202642945353","0.00683538501144909","0.00235811406157005","0.00460000000000005","-0.0055","-0.1556","-0.1996","-0.2294","0.0149258762057638","0.0248632585800941","12.09000015","0.0369636443211681","0.0078202624699375","13.38144","-0.150499999999994","-0.015500000000003","-0.156899999999993","0.000200670992908665","0.00307950000071081","0.00024055581055908","0.0027210901143615","0.00197824001210556"
"201","2014-09-01","0.000485334809649629","-0.000726040690169683","-0.00471143392132056","-0.0999999999999996","-0.0179803892098649","0.0462331950392079","-0.00727275932907911","0","0","-0.000283674532658651","-0.0999999999999943","-0.0253257243557421","-0.0999999999999996","0.00472861688977488","0.00310077767824835","0.00265604405811626","0.00849262004565343","0.00733948248804595","0.00376648279547709","0.00692044284457349","0.0020345886977875","0.0065717651632351","0.0230557762999259","-0.0444517625708336","-0.0800427076735364","0.0104059211611167","0.0095289233458784","0.0380785085745039","0.0238882151746953","0.00128452169235604","0.0103306703878792","0.00348736186041521","0.00226244440396872","0.0877274529242742","-0.0120725812342686","0.0475936971230864","0.0977977432761268","0.00115273787980819","0.00876429799358824","0.0151231615742207","-0.00282353128760704","0.00564441761967682","0.00223964259350495","0","-0.00785197528268533","-0.00536334875307531","-0.00675680659868316","-0.00932913380464306","-0.0208460432950375","0.000666584378391858","0.000242871903767704","0.000613610409975835","-0.00096756060561908","-0.00523791223707927","0.000273755755192914","0.00211945955008165","0.000399426003512851","-0.00283756446670887","0.00245417619802475","-0.000230296419916797","0.00385053689610252","0.00338138114067568","0.0308023709017053","0.0482900069779486","0.0163351786151793","0.0142548841772374","0.383703616326651","0.215671202641369","0.592399799524718","0.414556079809416","-0.0172695884567613","0.00852287571401611","-0.037337670437644","0.0202538569044979","-0.0821576185781625","0.00255863679032498","-0.003176093983984","-0.0172994614616234","0.00770425954416012","0.0171922683414181","-0.0244756871707239","-0.0455035721157362","0","0.0146931357285549","-0.0561441101127045","-0.0525553435818047","-0.15","-0.0800000000000001","0.00520296698007172","0.00391668840179449","-0.00193783393503821","0.000414028857187887","0.0018999999999999","0.0091","-0.0351000000000001","-0.0428000000000002","-0.0206","-0.0294467638762725","-0.0323708750304732","16.30999947","-0.0156354360784841","-0.0581326859286699","56.90021","-0.238900000000001","-0.152699999999996","-0.164299999999997","-0.00260915286567184","0.0000855687032839075","-0.0261356819915162","-0.00636076656181039","-0.000988630826939563"
"202","2014-10-01","0.0000323472804062419","0.00290100529815795","-0.00651468102119335","0","0.0137787023561646","-0.0462331950392079","-0.0417348197776155","-0.0601273979725949","0","-0.00075685907113332","-0.100000000000009","-0.0266340145749693","0","-0.00030115946621212","0","0","0.00421941554270866","-0.0091828009823347","0.00187793482419973","0.00458716400690573","0","0.00652885888246324","0","-0.0465200156348931","0","0.00103466124077567","-0.0213000597960891","-0.0553500950831651","-0.000715563536793695","0.00128287381288938","0.00512558784881278","-0.0104987840982194","0.00112930559715174","0.0104439591610825","0.0213626281413619","0.0291484897144176","0.00971310064649966","0.00574384117925231","-0.000872981286344832","-0.0132202114281341","0.00844678884196881","-0.000938526582263677","0.00111794310134083","0.00841857046559635","0.0111983253100298","0.0546960583139926","0.0123527606623126","0.00791580366509592","0.0177524136155096","0.00126290324729863","0.000452543678596286","0.00156959926156294","-0.00138463000260146","-0.00518477836858299","-0.00168788922870351","0.00322700224529396","-0.000512965733492715","-0.00489314110437098","0.0010290870676963","0.00050097839746539","0.00316352002284682","0.00240843983008762","-0.000916567436036075","-0.00433785610899307","0.0250888857575191","0.026491615446977","-0.0453461017668761","-0.103523556428039","0.0172835273632197","-0.208916430024078","-0.00710972841367763","0.0464305159534835","-0.0359651486935153","0.0296317976063705","0.0166796891986554","-0.0390844362383804","-0.00133279702993949","0.00478310144379102","0.00308093619698549","-0.007494059308498","-0.0146420927442467","-0.104799910189254","0","0.0169906343940855","-0.00941301451507393","-0.0272352256893349","-0.34","-0.25","0.00197958958012912","-0.00613959376204498","-0.00503836741269659","-0.00795950435029269","-0.00449999999999995","-0.00109999999999999","-0.2352","-0.245","-0.1825","-0.00865950639867563","0.00788189654637073","14.02999973","0.0229363989464222","-0.019276394519733","-40.18493","-0.150300000000001","-0.074300000000008","-0.1511","-0.00450374461950592","0.0031431770497576","-0.0488684791128431","0.000911161794244997","0"
"203","2014-11-01","0.00300373269782384","0.00325360291839871","0.0194180858571018","-0.2","-0.0212773984472854","-0.0484747565024106","-0.0293457351398203","-0.0431721718652085","0.200000000000003","0.00141864117989954","0.100000000000009","-0.0270286723879192","-0.1","0.00150489117942065","-0.00310077767824835","-0.00265604405811626","0","0.00551979322359752","-0.00187793482419973","-0.00458716400690573","0","-0.00217155351350762","0.0085106896679088","0.0465200156348931","-0.0210534091978327","0.00309757604413452","0.00322407587175277","0.00579040413470455","-0.0107953549293462","0","0.0152209940103551","-0.0177466946813354","0.00450451212110448","-0.0280966682174499","-0.00132187725791599","0.0648804599338586","-0.0504611552798488","-0.00229357898709992","0.0147380214235167","0.00851874531632735","0.00559181326577818","0.00841519692528436","-0.00560225554866989","-0.00359928402964727","0.00665929208997706","-0.00734462735849917","0.00556491558589567","0.00269853420456911","0.00557650670092436","-0.00138173030730309","-0.000785868912348921","-0.00126931923846013","-0.00404925873495506","-0.0053997931421246","-0.000273604848883221","0.00106295036319695","0.000527363256017025","-0.0043712685225999","-0.000772863007783027","-0.00462143235691537","0.00141111675112221","0.00255444203129978","0.00833476516831588","0.0168370447839035","0.0274659362036207","0.0326791794525558","-0.00840635423236957","-0.12711471279437","0.0396424094327896","-0.178610977397419","0.0369970104198583","-0.0024009615375391","-0.0227930095285567","0.0311402407357235","-0.0493166185116785","0.0601555908778524","-0.00380176073837912","-0.0085813521141439","-0.00252724822555325","0.0557405220321154","-0.0180864010793075","-0.095836453455882","0","0.00264059531111194","0.001362842032405","-0.0140519876885286","-0.0600000000000001","-0.04","0.00973275578813926","0.00355225021038486","0.00150087840777147","0.0000596737184466178","-0.00209999999999999","0.00169999999999998","-0.0856000000000001","-0.0876000000000001","-0.0720000000000001","0.0253255446775729","0.0223526783411909","13.32999992","0.024237473674626","0.00105154870462032","2.39424","0.046599999999998","-0.035199999999989","-0.128900000000002","-0.00252673118590615","0.00155448358641903","-0.033762354879679","-0.00731264684628652","0.00197628522821169"
"204","2014-12-01","0.00190092687125087","0","-0.0206071466392919","-0.100000000000001","0.0160003413464418","-0.0579378371062189","-0.0157981168765913","-0.00294551022975753","0.0999999999999943","0.00116493251843686","0.0999999999999943","-0.0240079155420538","-0.1","-0.000802326790608099","-0.0031104224143923","-0.00266311741948355","0.00629592845681515","0.00913248356327223","0","0.00458716400690573","0.00607904607638243","0.00865806274311431","0.00563381771825622","0.127833371509884","0","0.0112763880679347","0.0243785257951386","0.1175263950801","0.0107953549293462","0.0352681388374583","0.0199408402035104","0.00713651556931971","0.016713480973741","-0.00267499044930375","0.00527705710084359","0.114929966673977","-0.0233764735361897","-0.0011487652038733","0.00942191124161873","-0.0335441128832681","0.0120093822112306","-0.00466636404376519","0","0","0.025124205173678","-0.019344528645286","0.0219546554407133","0.0215159333022665","0.033257410029023","-0.000986097530887423","-0.000518393111252838","-0.000188448495842854","-0.00229790524179138","0.00198659276363184","0.00165013392062339","0.0000731052212824624","0.00020248628332682","-0.0136362379121183","-0.000956463574084085","0.000838774019519752","-0.00269985133651236","0.0013712590518097","0.00972422987675259","0.0195395999225028","0.0637090762729802","0.083916758733233","0.04336536311276","0.254171895352846","-0.112854489455234","0.327703746801267","0.0281551476370012","0.0612970140297939","0.0695690743262869","-0.0938960857671267","0.0553136379840531","-0.041725933670218","0.00631138342305704","0.00913604482861041","0.00315806357528392","0.0168820841105486","-0.00891158030056316","-0.242398745397726","0","0.00339752183445619","0.0195843257279549","0.00988866694653723","0","-0.0899999999999999","0.00825802092992589","0.00531276147858861","0.00179504164903399","0.00426293415671175","0.00170000000000003","-0.0045","-0.1669","-0.2306","-0.2491","-0.0170028141646767","0.0146290065894981","19.20000076","-0.00419738458457175","-0.0539796420963929","23.59906","0.109400000000008","0.132599999999996","-0.0930000000000035","-0.00411835191122778","0.00178713321283828","-0.0818638022898257","-0.00275608810197969","-0.000987654401272131"
"205","2015-01-01","0.00379104739847946","0.00790896872791791","0.00237670937784618","0","-0.0117084892649002","-0.00704228262541307","-0.0079936476807454","0.0376310682176468","0.100000000000009","0.00154066278961551","0.100000000000009","-0.0243646946524612","0","0.00230495667514319","0","-0.00267022855587884","-0.004192878260036","-0.0183491386681958","0","0.00456621797958157","-0.00202224538076745","-0.00431966114451665","0.0139472274808501","0.0769610411361286","0.0618754037180875","-0.00510987315227052","-0.0738663581711503","-0.124478914394982","0.0261406619026037","-0.0365510126503477","0.0291849507520894","-0.075681859637748","-0.0155905162291168","0.0290385559799189","-0.00527705710084359","0.0158733491562897","0.0224518317689704","-0.00115008638323744","0","0.0164334292700579","-0.00275862243907987","0.00466636404376519","-0.00337648041660543","-0.00240674003056451","-0.0108460933093895","0.0125519777945424","-0.0186305918264287","-0.022645730869236","-0.038654111667773","-0.00130652766444109","-0.00028675452546943","0.00138426529505982","-0.00607873605617741","-0.00192480066799045","0.000597104387841589","0.00312987772394005","0.000610577952878354","-0.00802343794705685","-0.000803791596605632","-0.00726512081567979","0.00429621773643706","0.00199382030616079","-0.0160769328856478","-0.0294701062966514","-0.0488115018271973","-0.0665728908901446","-0.0990558184948958","-0.239037925658677","-0.149246305112168","-0.4305981699639","-0.0759548624859878","-0.0313446917464422","-0.0108109161042149","-0.0922061938667342","-0.0257394982015757","-0.0471827610820661","0.0013696828468186","0.0160082632993611","0.0279058953769864","-0.0413917050572552","-0.0322933561426466","-0.266414805254844","0","0.0150047464258982","-0.0370861911020359","-0.0200795800266409","-0.12","-0.0700000000000003","0.00994721243990071","-0.00271770308670938","-0.00453103307172498","-0.00599970142145523","0.00449999999999995","0.00750000000000001","-0.2507","-0.3397","-0.3632","0.0249001461794833","0.0136088079594394","20.96999931","-0.0315327792169491","0.000554490147636422","-7.03872000000001","0.0747999999999962","0.283699999999996","-0.0503000000000071","-0.0111247006068391","0.000253382064010339","-0.183080263300304","-0.0185706358194562","-0.00296882949380173"
"206","2015-02-01","0.00105764155813404","0.00107366547743126","-0.00237670937784618","-0.0999999999999996","0.021187233219444","0","-0.0561203351358666","-0.028820438535492","0","-0.0000942581101934792","-0.100000000000009","-0.0246137144755574","-0.1","0.00130045534258105","0","0","0.004192878260036","0.00554018037561477","0.00749067172915741","0.00227531383713497","0.00202224538076745","0.00647251450561726","0.0110193952496109","0.0363676441708747","-0.0408219945202548","0.0112074530203889","0.0211943237333996","-0.0586643351321401","0.0076415793869673","-0.0142213127230759","0.0208736231427533","0.0522994994028494","0.0111608301375279","-0.0192650441529381","-0.00132362693050858","0.11565604079756","-0.0434851119397388","0.00229885158711074","0.0285733724440558","-0.0135137191667232","0","0","0.00337648041660543","0.00360794137619891","0.00108991836402517","-0.00876882260999068","0.00881066090749183","-0.00353544247125726","0.0149077719843902","0.000739211935272198","-0.000429502373753499","-0.000439590637066101","-0.0030546436146045","-0.00315698213985564","-0.000434954582586529","0.0020133648682636","-0.000164931313690324","0.000146283864726884","0.000712698735386526","-0.00132087102314756","0.00216451934531269","0.00214004291065401","-0.00340022995777289","-0.00886157324555903","-0.00627806768317996","-0.0102914030256631","-0.031736702081397","0.074274847414852","0.0228533009774381","0.0889081811878931","0.0154088848440264","0.0475884576016963","-0.252091127349079","0.00566573753567745","-0.118742084353658","-0.0119212782756382","0.0260108470196707","0.0453956712288242","0.0345069643902136","0.0165260433872154","0.0125342061621843","0.195977194773519","0","-0.00195534293923316","0.0439433608281732","0.0416038211932452","-0.04","-0.0499999999999998","-0.00330257777081044","-0.00173878969929042","-0.00230069456062765","-0.00249407911487864","0.00109999999999999","0.0156","0.1209","0.1475","0.1391","0.033250086149863","0.0576700873757563","13.34000015","0.0534388764431091","0.0570967895927752","-13.89158","-0.0313000000000017","0.264300000000006","-0.0101999999999975","0.000956849105280459","-0.000509271246660772","0.0430636077408107","-0.00847063888350874","-0.00496772010193425"
"207","2015-03-01","-0.000897320916509514","-0.00490050583291435","0","0","-0.00525487283835879","0.0244340253372819","-0.0257967873320197","-0.0448505661653513","0","0.0000314203572511218","0","-0.0241296945040403","-0.1","-0.0000999750063312987","0","0","0.00417537141048019","0.0308274637952595","-0.00186741417479563","0.00679504313282919","-0.00202224538076745","0.00214822853828966","-0.005494519317641","-0.0741079721537217","-0.0210534091978327","0.0130852395486558","-0.0122155877681243","0.0159024757940589","0.00345423486808727","0.0470525442708913","0.0102756625782039","0","0.0154188076671842","0.0583856789113932","0.0578939784189023","-0.027426808020139","0.06815516160776","-0.0011487652038733","-0.0116667989996158","-0.00780491766938418","0.000920386627329073","-0.00466636404376519","0.0022446698538241","-0.00240384731139454","0","0.0168556827754767","0","0.00428238852098595","-0.00399737299443181","-0.0000304830508732815","-0.000044363396095187","-0.000167289824360635","0.000168796892027919","-0.00301839267666019","0.000910193001994689","0.00161371586387163","-0.00116873819487008","0.00253011587305083","0.00116695985284102","0.000840847344681982","0.00056685813667152","0.00191258906360854","0.0225017954495552","0.0353807928961043","-0.0147937739855486","-0.0245537275879659","0.0796587568145286","0.141767448091393","0.194795731019131","0.290775873260097","-0.00167252087825709","-0.0676496302976819","0.143100843640673","0.173335920548607","0.0554298049393305","0.119830957731949","0.00369388694036932","-0.0158750179973176","0.0235666644294932","-0.0110319386243294","-0.0248931674595132","-0.0387801905762588","0","0.00838387838256516","0.0226832168247864","0.0206245990478848","-0.0699999999999998","0.03","0.0111897144196842","0.00848380830581519","0.00958825364092597","0.0118213558552487","0.000800000000000023","0.00569999999999998","0.0376000000000001","0.0576000000000001","0.0349999999999997","-0.0217831706082023","-0.0106623659098144","15.28999996","-0.0175491972299513","-0.0587611829893246","-23.34821","-0.309600000000003","0.185400000000001","0.00280000000000769","0.0000706804541981616","0.00151007220223937","0.0221512131988975","-0.0114069677933761","-0.00399202126953746"
"208","2015-04-01","-0.0023111007269403","-0.00528593253851284","-0.00596660481322253","0.0999999999999996","0.0260025050326069","0.0471467784257023","-0.00699303549097063","-0.0279087881170765","-0.100000000000009","-0.0000942640336276668","0","-0.0124731472005628","0","-0.00240240355786714","0","0.00267022855587884","0.00208116620382448","-0.0180185055026785","0.00559181326577818","-0.00225988796743781","0.00202224538076745","0.00214362354325193","0.00137646270872338","-0.0392207131532816","0","-0.00400802139753953","0.00557104504945549","-0.00364742045704336","0.0191262660935276","-0.0562089195568776","0.00832952525283037","0.0153501885376341","-0.0154188076671842","0.0661531468692207","-0.0739156829501679","0.0393791415439804","0.0847525099799018","0.00229621226035004","-0.00504202748824767","-0.000979911886348717","0.00550460105532924","0.0018691594227036","0.0044742803949207","0.00240384731139454","0.00651468102119335","0.000462152082852718","0.00655742360800904","0.00452987396738003","0.00673125863051283","0.000255339103846793","0.0000452095255739572","0.000212053133336309","-0.0012731971154331","0.00139366093732429","-0.00312810631340946","0.00146314832853345","0.000440008977598166","0.00267627904049552","0.000834600672425326","0.000314188216738232","0.00204011432421419","0.00114971989786222","-0.000473527379547534","-0.00654116527177706","-0.00180166473652754","-0.00690745934954684","-0.0750628084718503","-0.0864614530485799","-0.198148626029441","-0.168433606647732","0.015035378972879","0.0344589174935752","-0.0722449068733289","-0.0637470687812591","-0.0693430728563156","-0.0426307761338238","-0.0033714558068505","-0.022613759696257","0.00223980441168076","-0.00634762547571022","0.00066835986982039","0.0629269172432299","0","0.00297357557006173","0.0957286345169788","0.0955086294353453","-0.0600000000000001","-0.04","0.00967840054384439","0.00310441786896121","0.00117014249943281","-0.0000909671514452981","0.00509999999999999","0.000599999999999989","-0.0424","-0.0391000000000001","-0.0791999999999997","0.0259940977013429","0.0222197937550614","14.55000019","0.00848472245300602","0.0645037571904745","15.57552","-0.253099999999989","-0.00670000000000925","-0.0121000000000038","0.0010826247131391","-0.00131625694837084","-0.000208139656941074","-0.0105719389253993","-0.00100050033358379"
"209","2015-05-01","0.00166966388647438","0.00180516325570323","-0.0175072385830202","0","-0.00721280818924086","0","0.0122059056795036","0.0217737995495604","0.100000000000009","0.0011933550390868","0","-0.011121639159259","0","0.00120192322161738","0","-0.00267022855587884","0.00207684394483909","0.00904983551991823","-0.00186046565291953","0.00225988796743781","0","0","0.00411805660891762","0.0392207131532816","0.041672696400568","0.0070035303773377","-0.0293143876687756","-0.0309239236080456","0.0332698682183183","0.0297756624887224","-0.00647251450561726","-0.0609606997896872","0.00221729580864771","0.0635134057223254","0.0485978749658784","0.0651571416336374","0.0804253363370906","-0.00114744705647674","0.00504202748824767","-0.0108428859247072","-0.00734622220197867","-0.00655740054615883","0.00445435034938058","-0.0012012013456344","-0.00108283713883139","0.0118682874279168","-0.00108997231848029","-0.000131695305672253","-0.0028105926473323","0.00122337197107258","0.000569112212976366","0.00153065004350209","-0.000414291890288042","-0.00504961711063033","-0.000717836789952364","0.00153233242045116","0.000770575132832759","0.0058238704062214","0.00152674268862315","0.000610470207698984","0.00245456512879233","0.00176036160432304","0.032901509106873","0.0621225442027651","-0.00416539652800196","-0.00639555780150403","0.353038228283514","-0.131752758773816","0.632128904445628","-0.369720788772033","0.021128982784214","-0.00779913483754591","0.113793909786201","0.0517994953601413","0.0478723884594388","0.012728215959954","0.0137814536511165","0.0209698510667308","-0.000288725279903757","0.0434723183253976","0.0330548870379648","0.0738199122352672","0","0.00370745576292464","-0.0260357043292565","-0.0540092871992321","-0.0600000000000001","-0.05","-0.00294189685292778","-0.00221447509639816","-0.00211585241331491","0.00476320913690031","-0.00160000000000005","0.00460000000000005","0.2196","0.2693","0.273","0.00980798504838098","0.0381646013585133","13.84000015","0.0104367297631427","0.00622736019123815","18.26381","-0.2684","-0.127600000000001","-0.0424000000000007","0.00250172289324548","-0.0000406101627993753","0.0253454286156101","-0.0264332570681551","0.00100050033358379"
"210","2015-06-01","0.00246727779487088","0.00838127511572395","0.0145105327144144","-0.0999999999999996","0.0143739641120693","-0.0300523450664016","-0.0552232907631947","-0.0504839054319914","0.0999999999999943","0.000784326068851371","0","-0.00138321304669464","0","-0.00150262988453509","-0.00312012733624378","-0.00267737777071675","-0.00207684394483909","-0.00361011222409946","0.00371747640013265","0.00225479238708903","0","-0.00214362354325193","0.0149560911536497","0.037740327982847","0.0400053346136993","0.000996512289739293","0.0136365749495457","0.0406209692909121","-0.00854425178299678","-0.0167206467870793","0.0174717088062879","0.0179334678734762","0.00110680697519161","-0.042655175601916","-0.0339015516756813","0.0283512358814244","-0.0566634645621438","0","0.00668339998206768","-0.000991571722295248","0.00551471985851038","0.00375234961855053","0.00221975673831309","-0.00240674003056451","0.00324500014332685","0.0194985645586243","0.00217865784537175","0.00317612386933952","-0.000379023880993756","0.000870530491292557","0.000333976334276237","0.00121368854553531","0.00129252355995489","0.00180957360489267","-0.000648193000665242","0.00215612533882467","0.000186306374306292","-0.000662859093478051","0.00238822011972981","0.00317621175309127","0.00086119823641855","0.0021266284363915","-0.0131879133493733","-0.0123821738284118","0.00262071123718677","0.00851123705028378","-0.161335263942332","0.119658216065313","-0.182053855012139","0.320681341290827","-0.00981553206034214","-0.0387623152583938","-0.0295006643966973","0.109199291964992","0.00665559861173648","0.0613187564072488","0.00938770765516317","0.0215784721207225","0.00194727983352716","0.0305545011180994","0.0063148608586745","-0.0414203840897089","0","0.00425553329484885","0.0286023773791566","0.0396839412026164","-0.04","-0.0699999999999998","0.00333638665301805","-0.000687852913721088","-0.00561545189707857","-0.00448085895827255","0.004","-0.00540000000000002","0.0791999999999999","0.1453","0.1588","-0.0615148460341857","-0.0349137141848228","18.22999954","-0.0212355592764322","-0.0574932093117595","28.36322","-0.163500000000013","0.1387","-0.0743999999999971","-0.00184303710555697","0.00324111214399909","-0.0211547974764069","-0.00997017231984998","-0.00100050033358379"
"211","2015-07-01","0.00105554410299469","-0.00250701498226746","-0.0132932471106626","-0.0999999999999996","-0.0205980505950709","-0.0170944333593006","-0.0316305438866058","-0.0229142595228762","0","0.0000313602508850153","0","-0.00479314742076209","0","0.0026031252184513","0","0","0.00621763661087105","0.0196962499757243","0.00370370793748354","0.00224971973401544","0.00403226352793862","0.00641713432063362","0.00134861787129381","-0.0769610411361286","0","-0.00399202126953746","-0.0274616799413874","-0.0158058001711883","-0.0026437556707295","0.0230779472825455","-0.0128442132742403","-0.0217502664001765","-0.00110680697519161","-0.0263376958850357","0.0351827818317298","0.195904868857388","-0.0320883145515003","0.00572411408388884","-0.000832986303891836","0.00297177038915741","-0.00275355841718206","-0.000936768218386952","0.00332042363730256","0.00720291229405756","0.00107933091967549","-0.0266648182067586","0.00325936205662014","-0.00153974860399586","0.000673918345473368","0.00127205383629513","0.000225551076938911","0.000690247155646586","-0.000754868264618916","-0.00396916842653205","0.00360692347761514","0.00307131919566133","0.00103584821319069","0.0016177281787745","0.00029609193733613","-0.0029499083198089","0.00324605110059663","0.00151899730790194","-0.043446324243833","-0.0655972824858129","-0.000413340177193078","0.00568370821103414","0.0147176603676993","-0.0882127080467825","-0.253994676468106","-0.0937930066863926","-0.036865943169639","0.0797521629000464","-0.130968383959633","-0.109199291964992","-0.112201625818188","-0.0587924392741384","0.0133287213198781","0.0376152795264073","0.0185600302360007","-0.00427907368434877","-0.000514006693403624","-0.0834098970820776","0","0.00943970916486236","0.0298259112641617","0.0390313826339064","0.0100000000000002","0.04","0.0117453462450587","0.00655387341639191","0.00731514835542058","0.00523506617379255","0.00890000000000002","-0.00169999999999998","0.0270999999999999","-0.0343","-0.0411000000000001","0.0227632004137597","0.00828774676297783","12.11999989","0.0195496832464928","0.0157655294619579","-9.46046000000001","0.0143000000000058","0.0892000000000053","-0.120400000000004","-0.00372435354432623","0.000283287347138068","-0.0434242387106757","-0.00603016902659093","-0.00300752106395574"
"212","2015-08-01","0.00360602244821884","0.00868794515582216","0.0144930073025673","-0.100000000000001","0.00415369236869356","-0.0386691411591542","-0.0248816663767366","-0.0405460943943501","0.200000000000003","0.00272458399446762","0.200000000000003","-0.00723307512306537","0","-0.000800240114726236","-0.00312989300892763","0","0","-0.0106952891167484","0","0","0.00201005092802387","0.00212992625782515","-0.00134861787129381","-0.0408219945202548","0","0.00299550897979817","0.00578370611684864","-0.0185534078957472","0.0254832476405529","-0.00635730049546623","-0.00184842936178242","0.0142384939891143","0.00110680697519161","0.0331948656111729","-0.00256410396893791","0.0420962009066335","0.0529224014543423","-0.00114220457877678","-0.0373557865437686","-0.00694791876879641","-0.00923367594694557","-0.0122585222004457","0.0022075064152105","0","-0.00649352931054814","0.00559778252038523","-0.00762143466294773","-0.00968765819165718","-0.00559571028509964","0.00132125682290653","0.000293146168684714","0.000580974553112633","-0.00114000568945824","0.000153609965838083","-0.000180343306620351","0.00128990407838032","-0.0000773146899168114","-0.00512370791540521","0.00264606120560544","0.0014409476409825","0.00211404059082557","0.00273465031967972","0.021803646163697","0.0435003586362601","-0.0148863922475471","-0.0186400683478283","-0.00999695923276178","0.0340960222302105","0.0673812675926104","-0.00403342523190275","0.0351525661747871","-0.066877975703413","-0.131096524121848","-0.307100158308883","-0.0282238865879556","-0.135816832964948","0.00328309148728501","0.0241177985805694","-0.0095939335172841","0.00000781762013435383","0.00147705771323187","-0.195419693937854","0","0.00376804074472759","0.044364786453631","0.020946541726202","0.0899999999999999","0.0799999999999998","0.00304428114421107","0.000445165044203222","0.00186629333248156","-0.0072122444040037","0.00590000000000002","0.00409999999999999","-0.1415","-0.1554","-0.1661","-0.0615733557634393","-0.032834324342053","28.43000031","-0.0646247308985419","-0.0831940987868323","-40.77637","-0.0862000000000052","-0.0213999999999999","-0.155199999999994","-0.00623259339623124","-0.000943193086979078","-0.0740285710425881","-0.0131914647543629","0.00100351237724006"
"213","2015-09-01","0.00330736507558349","0.000829138335921797","-0.0072202479734873","-0.0999999999999996","-0.0283781523327615","-0.0514819558351434","-0.00778214044205505","-0.00692044284457349","0.200000000000003","0.00162494957788795","0.0999999999999943","-0.00587560765579198","0","0.00926347577488063","0.00625002034517141","0.00267737777071675","-0.00206825306405989","-0.00719427563402686","0.00184672259316532","-0.00224971973401544","0.00600602406021178","-0.00426439878645724","0","-0.0425596144187961","-0.0400053346136993","0","0.0126076168545746","0.0124071070470535","-0.00323102058144631","0.0139330943039235","-0.0149117394956821","-0.0161523701713984","0.00331308972296007","-0.0176182266824352","0.0127552749751265","0.0424411520600723","-0.0232661918714543","0.00114220457877678","0.0306667983929723","-0.0221559918972094","0.0192932029346791","0.00756147270057639","0","0.00119545740477367","0.0225452383210563","0.0313999732250281","0.0194813029352749","0.0177128771251667","0.00647005253238397","-0.00125151623773932","-0.000387200957434378","0.000649359907553351","-0.00459562890122625","-0.00116581867268069","-0.00325501861053979","0.00298098830048492","-0.00105422223521887","-0.00346353408625045","-0.000822979121573395","-0.00395090213567136","0.00292837286034038","0.00225085104741164","0.00772657763456586","0.00107331336143801","0.0110971433380094","0.00893487832186324","-0.053195457637349","0.0628335911264166","-0.104643926590975","-0.0298879557137646","-0.0272334009470949","0.0115674720078065","0.167951616511002","-0.230523658611832","0.0735625671770173","-0.0708525682725396","-0.0163045204061865","-0.00681058023376147","-0.024505183712388","-0.0410750124114907","-0.0166298439152649","0.0233705134082527","0","-0.00339910930786758","-0.0109719965988244","-0.015211910490402","-0.0800000000000001","-0.04","0.00935029170265977","0.00444551873060561","-0.00183511775626677","-0.00367169015725821","-0.000900000000000012","-0.00459999999999999","-0.1116","-0.0985","-0.0131999999999999","-0.0291694340652935","-0.025062448418236","24.5","-0.0267987312646527","-0.0400651551657045","50.74967","-0.203199999999995","-0.0772000000000048","-0.176100000000005","-0.00247533532417838","0.00208613557372077","-0.0348882371757424","-0.0102670306397439","0.00300450902029947"
"214","2015-10-01","0.00244169390862226","0.00165621710638142","-0.00544960476756451","-0.100000000000001","0","-0.0267702410646047","-0.0418804972449873","-0.068249100534107","0.0999999999999943","0.000468245181727056","0","-0.00475121279013901","-0.0999999999999996","0.00563548873932529","0.0031104224143923","0.00533334597536239","0.00206825306405989","0.00540055318000032","0","0.00224971973401544","-0.00600602406021178","0.00213447252863208","0","0","-0.0206192872027353","0.010907396189193","-0.0149170867032371","-0.0124071070470535","0.0349797188960261","0.014981553615617","0.00655126348722135","-0.0193429628431314","0.00549753995919477","0.0266885836523993","0.0237957376752211","0.124722270018466","0.0208842931669206","0.00228050269872515","-0.0289381894923544","0.00101781179270066","-0.00822297918043269","-0.0085106896679088","0.00330214939575857","0.00357782134788387","-0.00960007372901917","-0.0194618120164156","-0.0107765012373626","-0.0117568299256394","-0.00383848725076419","0.00124284342857795","0.000485667875962017","0.00196480362048511","0.000233587602851518","-0.00274991253813526","0.000526392681299161","0.00207851113044403","0.00121061461458708","-0.00377402085252475","0.000922177252514279","0.000255194301978042","0.00112997154542626","0.00349859836621196","-0.0086269992564052","-0.0375569708507726","0.0544384638087436","0.0647729272707096","-0.0656870833524525","0.149474525966731","-0.117693498117711","0.485645087282065","0.0332580059967054","0.0939922910098474","-0.0930101952188833","0.315081046639896","0.0193157892992915","0.137015491897073","-0.00320331797878826","-0.0149589197833425","-0.000585608683743966","-0.000181386980930398","0.000847872217759338","0.0168666153564212","0","0.00591831533969334","-0.0232278942787403","-0.0155610454498074","-0.0600000000000001","-0.0399999999999998","0.0101519650523301","0.00588721344894338","0.00259805702190619","0.0019031448552731","-0.00570000000000004","0.00779999999999997","-0.0592000000000001","-0.0353999999999999","0.0246","0.0436048081186584","0.0256935234939988","15.06999969","0.0797193794951312","0.0638137293979684","-29.62969","-0.274999999999991","-0.0158999999999878","-0.177400000000006","-0.0010211231693063","0.00310982777142629","-0.0252798277666803","-0.00413651055178033","0.000999500333082715"
"215","2015-11-01","0.000886412619772514","-0.000118210296255583","-0.00792445475769199","0","0.00849262004565343","-0.023530497410194","-0.00203873668984844","-0.0301909722791454","0.0999999999999943","0.00124758297012839","0","-0.00697497015316006","0","0.0046230348407752","0.00310077767824835","0.00265604405811626","0","0.00358423322781487","0.00368324541629583","0.0022446698538241","0.00400802139753864","0.00212992625782515","0.00672497490767388","-0.0444517625708336","0","-0.0179109265665307","-0.00231481584845206","0.0283095828411124","-0.0233965778063956","-0.0250954198525459","-0.0178828294967719","-0.0187289851062769","-0.0154699217721319","0.00300526146546343","-0.0404095383378769","0.0255282488586968","0.0266682470821609","0.00227531383713586","-0.0130379943381298","-0.00509945011234869","0.00457666702741211","-0.000950118836319902","0.00219539056343621","0.00356506616449614","0.00641027836091901","0.00582779855750193","0.00540326254610246","0.00383268972110073","-0.00174588309611856","0.000597559813314366","0.00051733585931561","0.000475677689830155","-0.00219987392490226","-0.00107530016694884","-0.00681876911944233","0.00297245157792646","-0.00073831321491278","-0.00000530741701009699","0.00277407901462578","-0.000867001383427723","0.00355511817292236","0.00442757798193154","0.0292940051099855","0.0386886643422155","-0.0162149454625453","-0.0311572021717001","0.127012667073052","-0.185874860024992","0.0456772314659926","-0.40619744061984","-0.0355262474026841","-0.0203927718987309","-0.122759295642611","-0.0977154726055742","-0.137763939712486","-0.017281012127178","0.0183260036267656","0.00666503337740754","0.0367336897842451","0.0119025950298832","-0.00976128815829047","-0.0898122096710883","0","0.00509803260392694","0.000646198290837674","0.00581947104535097","-0.00999999999999979","0.0499999999999998","-0.00102988708171736","-0.00169751818823016","-0.00181561567245581","0.00447065718469375","-0.00639999999999996","0.00140000000000001","0.1508","0.1319","0.0954000000000002","0.00215854359969292","0.0175753491720574","16.12999916","0.00050474185711824","-0.0167391506265795","-0.428989999999999","-0.246200000000002","0.0529999999999973","-0.170599999999993","-0.00272395283303036","-0.00044810835438897","-0.0195243014649245","-0.0156661167443994","-0.00601204215662765"
"216","2015-12-01","0.0000316430662152811","0.00554083350956525","0.0127700123912149","0","0","0.0196469973837967","-0.0185381209989108","-0.0115608224010764","-0.0999999999999943","0","0","-0.00246577245171853","0","-0.00442587395685567","-0.00310077767824835","-0.00265604405811626","0.00617921636595753","0","0.00366972888896289","0.00223964259350495","-0.00200200267067263","0.00424629088145068","0.00534760632659559","-0.0465200156348931","0.0206192872027353","-0.00604231445596248","0.00807852056520186","0.0298886564018757","-0.0418088323188792","0.0213710207615634","-0.0250013022054167","0.00198807222538644","0","-0.0143561211341527","0.0191454475844353","-0.0279364378611797","0.00386249997389676","0.00340329313170784","0.0293124434654661","0.0202436062766465","-0.00182815407406256","0.0094608085042287","0.00328407520119001","0.00118553659410203","0.00106439605578679","0.0221737882501456","0.00215256359321359","-0.00241523938377242","-0.0021425470811085","0.0000817201468659909","-0.000227781533311765","0.000641276179242545","-0.00404292000192904","-0.00218344566275363","0.00164418404543101","0.00332219733397666","0.0000471010871177339","0.00609612278477272","0.000718942847581181","-0.00210836644550745","0.00242599994105066","0.00237939616515226","0.0114028485037387","0.0189577740048748","-0.0167830473793291","-0.0263758937985816","-0.0462086346577557","-0.0534233062448077","0.144536814962862","0.0487901641694322","0.0203961284758751","-0.0399860590844643","0.0439192339348349","-0.268009306853076","0.0158419154656579","-0.104341666868724","-0.0192862584808378","0.0176404348361486","-0.0285662120182971","-0.0212191597771652","-0.0137210915466743","-0.152457963742892","0","0.00379256228153224","0.0332373520118292","0.0110613729757691","-0.02","-0.02","0.00486048351984003","0.00505532367629691","0.0100355686254687","0.00134714110057388","0.00860000000000005","-0.00609999999999999","-0.044","-0.0545","-0.0626000000000002","-0.0138027514986589","0.000522320208141025","18.20999908","-0.0176856585364416","-0.0624453092618085","-16.98327","-0.110100000000003","0.185599999999994","-0.159199999999998","-0.00238283763303225","0.00277388059919793","-0.0623798604706676","-0.0191291699089948","0.00501254182354494"
"217","2016-01-01","0.000474525878471965","-0.00317927850957567","-0.00423857734174593","0","0.0209212651606396","0.0268730182510959","-0.0210091760893434","0.0229895182246986","0.0999999999999943","0.00152617100932417","0.100000000000009","-0.00625653761430556","0","-0.00157837657311788","-0.0031104224143923","-0.00266311741948355","0.00409836639228267","0.0229895182246986","0.00182982667707599","0.00668898815079633","0.00400000533334577","0.00422833610952189","-0.0026702285558784","0","-0.041672696400568","0.0110498361865847","-0.0173917427118688","-0.0190255441445046","0.0379626737314007","0.022141125877214","0.00872521289086947","-0.0190481949706944","0.00665929208997706","0.0188471466466167","0.0335643688350933","-0.00786690895342979","0.048165818335022","0.00113186203368354","-0.0407511955538906","-0.0171808167461007","0.0208246547647173","-0.000942063187901354","-0.00438116801556365","0.00354820005609735","0.0262482260749364","-0.0210761609574499","0.021277471292966","0.0230019499511336","0.0265402951054572","0.000748779116628463","0.0000488358431940533","-0.000297632864205108","0.00046337615870844","0.00125315660829994","0.0013638131247617","-0.000916458274999985","0.00123982638711342","-0.0123977519236318","0.000453601769122432","-0.0000124696246467954","0.00124759426138879","0.00321222139892787","-0.0134727481361772","-0.0191066078916489","-0.00774758649646756","-0.00882720131927073","0.0870929131305704","-0.00370818643376047","0.227265623502847","-0.00209533863985456","-0.0159485064922755","-0.0584458714340457","0.0307716586667537","0.213574100298059","0.0271334475144007","0.0631373362704029","-0.0327637648834536","-0.00370858766926552","-0.0378939736455227","-0.0705868413104698","-0.0411474162154032","-0.213586628408006","0","0.00758663896084499","0.00119366187696635","0.0168489770352593","-0.0699999999999998","0.03","0.0140211384535505","0.0123337531300987","0.00678126669986412","0.00115601515079256","0.00739999999999996","0.00839999999999996","-0.156","-0.1401","-0.0888999999999998","-0.0319666015808","-0.0555668286840483","20.20000076","-0.0520676172275349","-0.0495339197889137","62.32141","0.0104000000000042","0.0105000000000075","-0.155100000000004","-0.00267172492200668","0.00122570234759174","-0.11296431570328","-0.011872778430285","0.00498754151103853"
"218","2016-02-01","0.000569133983175263","-0.000117945391421515","0","0","-0.0177550356025895","0.022472855852059","-0.0063897980987706","0","0","-0.0000933721347102789","-0.100000000000009","-0.00827156294860387","-0.1","0.000986777265782557","0","0.00266311741948355","-0.00615386557437869","-0.00174978172378726","0","0.00443459706786609","0.00199401860686432","-0.00847462699097257","0","0","0","-0.00300150300375623","-0.0117648415795868","-0.0012012013456344","0.00256574868143389","0.00606429996751068","-0.00969939708871337","0.0160646025038069","-0.00221484032955299","0.0301604324600779","0.00852104973193324","-0.0295952549107952","0.0598895978950669","0.00788736483316566","-0.000885347556724092","0.0231748406863117","-0.00990552898940233","0.00282353128760704","0.00765449336053248","0.00940077428470598","-0.0114644298906992","-0.0212738745004808","-0.00527683179133298","-0.0158211692966752","-0.0140846526076466","-0.000240731973022372","0.000326058484277409","-0.000445648738753456","-0.00378071085415682","-0.00609147690234532","-0.00207761399662688","0.00260372062108703","0.000898855012281813","-0.00376390338929518","0.000153227632318087","-0.00216190656656859","0.00216438306559252","0.0022350894426431","0.00570571879851833","0.0148334723468402","0.0419093681838536","0.0630803193009424","0.120933689120795","-0.0281754919714619","0.140407907423229","-0.497973762260667","-0.0190192115636929","0.0773132073236145","0.0335226920386438","0.0544352065550173","0.0683553196642714","-0.0086414363953411","-0.020528717965564","-0.0355803173760264","-0.0280738978656167","-0.0363668161900206","-0.005789030988477","0.0470824869710857","0","0.00643291789979195","0.000260676892470002","-0.0084376994330615","0.0499999999999998","0.02","0.0170931185657519","0.0107128148594082","0.0100800973769832","0.00785301875656153","0.001","-0.000199999999999978","-0.3004","-0.2801","-0.1888","0.00297533078147616","0.00697480036212639","20.54999924","-0.00413690563679125","-0.031748668125148","18.05252","0.0281999999999982","-0.181200000000004","-0.127929999999992","0.00081157857430416","0.00148595183026199","0.00948891867960153","0.00433370125711896","0.00298062813813793"
"219","2016-03-01","0.00101099465201671","0.00411983397147431","-0.00914361749895232","-0.0999999999999996","0.00210526393546218","-0.0610876919798384","-0.0150702529209985","-0.0076045993852194","0","0.000466773514411045","0","0.0104918995232817","0.1","0.000788721326503428","0","0","0.00819676720417828","0.00698083114134018","0.00182648452603473","0.00220994565080268","0","0.0105821093305369","-0.00805373480709726","0.0465200156348931","-0.0434851119397388","-0.00703874198147592","0.00824989947214227","-0.0157483569681389","0.0158884816793607","-0.0244810267537421","-0.0216757254790396","-0.00800004266707699","-0.0156427770704539","-0.000724900357949032","-0.0270286723879192","-0.0903164116238377","0.00483259483820841","-0.00112296474462426","0.0313888018501389","-0.00699653028983693","-0.00362647722917409","0","-0.00436681916634019","0","-0.00104876779408425","0.0205688884452888","-0.00424219217473976","0.000527865854953902","-0.0135521169834369","0.00194411418886466","0.00104972422935727","0.00262551053278316","-0.000716435640935837","0.0012361447452886","0.00172862124879423","0.00483651608896748","0.000130392128753945","0.0107531259265347","0.0034827581113032","0.000676085919504859","0.00491431619409416","0.00335089041937916","-0.012246027230292","-0.0293766753419984","0.00416398254154871","0.00928876887607899","-0.0719300094172972","0.153557144595389","-0.143597702791329","0.484777476805573","0.029514060513165","0.0162663555462785","-0.00735297430525872","0.121455459908647","-0.0308274637952595","0.028519043072226","-0.0115216645301359","-0.0461341201113157","-0.00630376810209701","-0.0188539468153799","-0.00322287114246733","0.171752119894571","0","0.00931847375143668","-0.00944339041728703","-0.015988671923246","-0.0299999999999998","-0.05","0.00738297428511281","0.000345991667114021","0.0031520031726","0.000276350359678545","-0.00239999999999996","-0.00109999999999999","0.0317","0.0402","0.0247999999999999","0.0146418972889517","0.0192673848337357","13.94999981","0.0639049904156357","0.0523679972403519","-0.0395000000000039","0.257499999999993","-0.209199999999996","-0.081389999999999","0.00377297918011314","0.002458804755065","0.0527908678449312","0.0485327307788994","0"
"220","2016-04-01","0.00343605035043915","0.00304949802355026","-0.0110838573137082","-0.0999999999999996","-0.00105207795080364","-0.0777487528743777","0.00216684808509005","-0.0153849188394792","0.200000000000003","0.00198912264496975","0.200000000000003","-0.00182815407406256","0","0.00324691582543046","0","-0.00266311741948355","0.0101523714640184","0.00865806274311431","0.00727275932907911","0.00220507255831404","0.00397614837963989","0.0125524660711198","0.00403497521217933","0.0444517625708336","0.0219789067187754","0.0288433719483283","0.0311983708558614","0.0763729787845744","0.0328711765490368","0.0460129590872249","0.0177694705119746","0.0257695131790516","0.0288588284619804","0.0208116589246865","0.0378786884119853","-0.00205690850717755","0.0265051193799977","0.00560225554866989","-0.0243278722492652","0.0354716991578004","0.00453104535960058","0.0112150708201399","0.00327690080231502","0.00583092031079246","0.00627617122923585","0.00964415659595819","0.00846549532265239","0.00675702284697621","0.0236388019592066","-0.000778418805797829","0.0000441246509811065","-0.0014454164329763","-0.000267543036288294","-0.00293559058329627","0.00172482232460218","-0.00191707740679703","-0.00103804151787915","-0.0076837800685401","-0.00189453397975674","0.00081901573200952","-0.00399563839281234","0.00175381725678723","0.0546927174775487","0.0916596923433666","0.0122459026353248","0.0179892643915274","0.163500514195585","-0.0653558019189955","0.231838336235688","-0.14191622717486","0.133158467018857","0.0646571521359895","0.12146628107268","-0.0604413541535012","0.0948077934586671","0.0111837139563811","-0.0104087077223527","-0.0265564173614328","-0.0147067256869512","-0.025277541592934","0.00434143949175847","0.0845220209710584","0","0.00376742742427183","-0.00477137128796734","-0.0291197763066631","0.00999999999999979","-0.0599999999999998","0.000423156192079333","-0.001733910576041","-0.00115057338012825","-0.00248427294951092","0.000599999999999934","0.00169999999999998","-0.001","0.0253999999999999","0.0230999999999999","0.00777778255510242","-0.00738268950203214","15.69999981","0.00269576164816421","0.0393923494571675","-20.74206","0.289400000000001","-0.210000000000008","-0.0445600000000042","0.00106035569538286","-0.00130163775543031","0.0443236529495478","0.0234107383652491","0.00297177038915741"
"221","2016-05-01","0.00113225361994118","0.00292346580196678","0.0310905870700307","0","0.00942909028885186","0.00847462699097257","-0.0330062964681694","-0.019570096194097","0.100000000000009","0.00114815919270939","0","0.00287131494581327","0","-0.00147456404206636","-0.00312012733624378","-0.00267022855587884","-0.00404858852600043","0.0102916860365472","0.00361664047018895","-0.00220507255831404","-0.00198609797162952","-0.00835077921741956","0.00134138182420074","-0.0444517625708336","0","-0.0188031269630962","-0.019529627021484","-0.0345258688490739","-0.0215857903173697","-0.0215319323334828","-0.0187659828017139","-0.0419641990990316","-0.0143253138458128","0.0231670592815334","-0.0181493185056771","0.169427065448168","0.0413852161628538","0","-0.042215518527347","-0.0185642849685097","0.0152537726561635","-0.00465767027398112","-0.00546748218213366","0.00232288141614045","0.0134647295770005","-0.0112897421446005","0.0136062281149227","0.0113009498462304","0.0027598446278585","0.00117417458777867","0.000971996187683388","0.000438143808545579","-0.00149362925315011","-0.00218655867835118","-0.00278141870730413","0.00326344151466911","-0.000536117220395002","0.00914190940666761","0.00308415417127495","0.000639878701764495","0.00366207293810519","0.00279484817336944","-0.0173594988781325","-0.0405234767734548","-0.0463381890948682","-0.0668712913180656","-0.166351143263926","-0.139853215174407","-0.24308343465119","-0.415311341501523","-0.0539382929864551","-0.0719801390479908","0.0353166719248996","-0.0188684843043827","0","-0.0111837139563811","0.0209014845190341","0.0251761548924744","0.0175911556735529","0.00846922201987432","0.0142909126562308","0.116981046680845","0","0.0061142692657512","0.0054727677332238","-0.0120957997754889","-0.0699999999999998","0.0699999999999998","0.00564510273466468","0.000494661293297227","0.00415991242649838","0.011595132402956","0.000299999999999967","-0.003","-0.00319999999999998","-0.0322","-0.0465999999999998","0.00235572009106733","0.0225453109180247","14.18999958","0.0152083666453393","-0.0117175946432977","-8.54652999999999","0.263999999999996","-0.235799999999998","-0.00593999999999539","0.00148100763944174","-0.00201789900065507","0.0576907326343496","0.0277795641070755","-0.00297177038915741"
"222","2016-06-01","0.00100537254376221","-0.00468165649106567","-0.0090443788066592","0","-0.00208768343048416","-0.0299808322119359","0.00223463780141575","0.0156865961676997","0.0999999999999943","0.00130172031398246","0.100000000000009","0.00662469137073973","0","0.00176921610921799","0","0","0","-0.0172121288811207","0","0.00440529346791596","0.00594649918772649","0.00209424160311489","0.00133958492905695","-0.0465200156348931","0.0631789016215314","-0.00701757265864611","0.0115341532452859","-0.00823049913651541","-0.00500001041670561","-0.0146165817828283","-0.0150680902140676","-0.0112879597738518","-0.00779948243482309","-0.025300014231675","-0.0160003413464409","-0.0276082145658316","-0.026077096930198","0.00334635002734451","-0.00459770924862912","0.0224290240783986","-0.017969935484941","-0.0018691594227036","0.00109589052063708","0.00578370611684864","-0.0113813954901465","-0.0109850496332831","-0.0104499318906361","-0.0065867246358966","-0.0137905263780507","0.00279612399875984","0.00171307155971816","0.00214547391821055","0.0023094957520834","-0.000585173955671965","0.00227202045178085","0.00371073890395808","0.000360358120732348","0.00714373724129639","0.00396657206648944","0.00253052638896009","0.00394973227292863","0.00305948851160732","-0.0206910933313722","-0.0395146376443591","0.02909924310908","0.0335687780886804","-0.118997018024206","0.185204032476257","-0.161537435331693","0.734043383829446","-0.0111612596899988","0.0243792140724413","-0.0618082873718757","-0.100083458556982","-0.069351873465318","-0.0489776231633261","-0.020697902179335","-0.0273576566302125","-0.0156915191991793","-0.0550640239411466","-0.0215136922067106","0.031795498674283","0","0.00739335059324908","-0.0189826174827488","-0.0343050055306566","-0.1","-0.16","0.0386264490640347","0.0298352469154342","0.0336563740720095","0.0157454709773273","-0.0145","-0.0035","-0.1699","-0.2261","-0.2498","0.0246743165223009","-0.0546289036023673","15.63000011","0.000910506484116169","-0.0476432391192656","234.81278","0.144800000000004","-0.402699999999996","0.039519999999996","0.00653022583118009","0.00222768259424625","0.0725674475392985","0.0270286723879192","0.00198216120399142"
"223","2016-07-01","0.00103573287353065","0.00608189009207472","-0.00485732588286059","0.0999999999999996","0.0114286958236223","0.107098135556367","-0.0067189502487448","-0.0396877482672426","-0.0999999999999943","0.00108347403296705","0","-0.00038847523958907","0","-0.00206439001798753","-0.00312989300892763","-0.00267737777071675","0.006066752682238","0.0155041865359653","0.00360360750329836","0","-0.00396040121609698","0.00625653761430467","0.00667113881702264","0","0","-0.00100654261140143","-0.0185190477672377","0.038221212820198","0.031454952167886","-0.00738919618237066","0","0.00617285910708087","-0.0112487125358705","0.10720933933741","-0.0225856526487496","-0.00657307415884922","0.145431898288457","0.00222469502211098","-0.0270918017083535","-0.0293563155109648","0.0232985448961598","-0.00187265972329165","0.00437159166149659","0.00115273787980819","0.0185572335602178","0.0206489269765422","0.0187313891637064","0.0199183571641424","0.0349748181640415","0.00120002946927677","0.00182320352820576","0.00149432133016592","0.000965902221524923","0.0015651609735395","-0.000103018108229772","0.0021517976878702","0.000505217111193203","0.00656021636697609","0.00252542243860172","0.00226648098391983","0.00192321374552643","0.00219615437348597","-0.0129589388347693","-0.020480590386601","0.0109116724969347","0.00733373659185332","0.117568650405268","-0.0388311975139555","0.185481117084323","-0.177879079474393","-0.0400353493920313","-0.0215150794096886","0.101999167955121","0.0276834287484169","0.0421855169246266","0.00588814262522241","-0.0690509491002169","-0.0665351261161368","-0.0621480020360603","-0.0896772729352007","-0.0781384529944372","-0.0708450668673652","0","0.00446229624257199","-0.0268622754855432","-0.0463087591480438","-0.0300000000000002","-0.03","0.00292461550671774","0.00423135154826682","0.0105126344384079","0.0085290555475126","-0.0611","-0.00209999999999999","-0.3108","-0.3536","-0.4055","0.0386084279745731","0.0603270918615824","11.86999989","0.0349904330502033","0.0148533885460691","-8.90031999999997","-0.0671999999999997","-0.541200000000003","0.0989399999999989","0.00478656986456458","0.00519992273322522","0.016319503479157","0.0104216954624139","0.0118111609283442"
"224","2016-08-01","0","-0.00221794289252841","-0.0134805963015916","-0.2","-0.0240471597828336","-0.0687138925480513","-0.025029748065835","-0.0245914031373227","0","-0.00188910107124052","-0.100000000000009","0.00594010011083146","0","0.00265343382060745","0.00312989300892763","0.00267737777071675","-0.00404040953700502","-0.00858374369139181","-0.00360360750329836","0.00219539056343621","0.00987174847915373","-0.00416667269484616","0.00132890385005346","0","0.0400053346136993","-0.00302572091653719","0","-0.00227531383713586","-0.0159122084419643","0.0110634195442554","-0.00813012608325003","0.0122325684356346","0.00113058237028518","-0.0464591235660663","0.0151136378100478","-0.0472625545809056","-0.0503619298713076","0.00443459706786609","-0.00189573516489894","0.00988150332999727","-0.00266075545002664","0.00187265972329165","0.00217865009922225","0.00574384117925231","-0.00306905611741737","-0.0733301542327593","-0.00413263173272593","-0.00413658374331582","-0.0272448981592781","0.00138798112707486","0.00119170081009238","0.00145361322466774","-0.000971966044816912","-0.00184081886713712","-0.0000021214251739632","0.00280741778425878","0.000326610459962493","0.00269861046901086","0.00125409888623157","0.000485593078276817","0.002409436550751","-0.000298183494689252","0.00554715696751629","0.0127478978770483","0.037057758123586","0.0471410839563635","-0.128236280256505","-0.0583414511813345","-0.247491191868535","-0.0479394622891194","0.0281216402477327","0.128379013003611","0.047346120597199","0.0401391675903442","0.0730008928844903","-0.0378908737113965","-0.0135729423791267","-0.00679199285287613","-0.0167158446493411","-0.0319811606327036","-0.00312488345439516","0.0196063114888547","-0.2159","0.00657933911188913","-0.0395684430180694","-0.0192518280246361","-0.12","-0.03","0.00611941871930632","0.00627685411579115","0.00769435816887309","0.00672356262992757","-0.1067","-0.2099","-0.1153","-0.2148","-0.2771","0.0117971018331051","0.0256984800907798","13.42000008","-0.00121998701767012","0.0108384915297899","-211.01059","-0.00339999999999918","-0.00419999999999732","0.181159999999991","0.00259162314544533","0.00203902685331509","-0.000669632183094142","0.0278828472190877","0.00293112080885916"
"225","2016-09-01","-0.000470654689348038","0.000233699463555226","-0.00432767290578173","0","0.00632913505164723","0.0247946586132164","-0.0375631015756488","-0.0598469160092518","0","-0.0000929987445843494","0","0.0037267922078037","0","-0.0040320652551129","-0.00312989300892763","-0.00536194314138516","0.00202224538076745","0.00172265331144583","0","0.00219058137981865","-0.00591134726305675","0","0.0158106060266423","0.174353387144778","0.0194180858571018","0.00403226352793862","0.0139213385186086","0.0124506418787877","-0.00680906375716717","0.009732436918231","0.00101988790074525","-0.0112074530203889","0.00899893586857026","-0.0347564796942956","0.00871194060202196","0.0364125385568395","-0.0442060925044956","0.00551573378530179","0.0801886611146481","0.00881062968215485","0.0044306674164849","0.0166979760961645","-0.00217865009922225","0.00684934184557484","0.00510987315227052","0.115528527531782","0.00516241647368521","0.00863269098282338","0.00659455051034641","0.00273996912006881","0.0018338162584319","0.00167531396884022","0.0037005465181406","0.00206929572106764","0.00405104850738815","0.00109926910237975","0.00267384721993882","-0.00236791403316312","0.00259352939591803","0.00373016793199957","0.00188894286961745","0.00393280735804888","0.00174703049326119","-0.00201792102207143","-0.0182371621071358","-0.0237842747500636","-0.0889928347482511","0.178924787142567","-0.22990033377709","0.264251219311626","0.0262084499415032","-0.0790300493591491","-0.122853673105344","0.0727018317767323","-0.126016840583486","0.0967872849473386","0.0042585678117657","0.0112751304014468","0.00299030510321741","0.00988187499250692","0.00320097826857024","0.0157994845878018","-0.0341","0.00386874329861797","0.0497100295878141","0.0448091512312629","-0.0500000000000003","-0.0999999999999999","0.000961432421206609","0.002988637885732","0.0075373640659997","0.00154066575803569","-0.0278","-0.0348","0.0493","0.0822000000000001","0.0901000000000001","0.0156057947918846","0.00778561549229195","13.28999996","-0.00123521340639687","0.00442896602737752","19.33141","0.125299999999996","0.353099999999998","0.229400000000012","0.00261699243280586","0.0000867724782807841","0.0152448951892871","-0.000917010609881252","-0.000976085973055874"
"226","2016-10-01","0.000439284600725287","-0.0015200236776387","0.00494438584546408","0","0.00733371542547001","-0.0331980694095959","-0.0266682470821618","-0.0543119893537405","0","0.0000620001240196899","-0.0999999999999943","0.00435172835739728","0","0.004228336109521","0.00312989300892763","0.00536194314138516","0.00403226352793862","0.040477701178931","-0.00180668522494898","0","-0.00197824001210556","0.00416667269484616","-0.00919244818416409","0.0769610411361286","0.0190481949706944","-0.0213531244705694","-0.0327898228229913","0.00895862654489132","-0.0200759565726889","-0.0245110310143497","-0.0164443582263774","-0.0343963037796353","-0.0272434556111074","-0.0937164435420978","-0.0340297485863115","-0.0115819642736126","-0.113554699546863","0.00109950533341685","-0.0311274575073188","-0.00782782862024689","0.0131754211585644","0","0.00326619778662085","0","0.0161783103964748","-0.0181457622277881","0.0183682137426286","0.0206210498406172","0.0328916091105214","0.00123620506992816","0.00177362239813862","-0.000314986971305891","0.00196147470270691","0.00366622024602689","0.00483541471938043","-0.00000977218435566128","0.00123145719393638","0.00555468791974365","0.00139798372689743","0.00309998415255125","0.00142844558539689","-0.00150792930821308","0.0198433860372642","0.027447047879388","-0.0554814748395245","-0.0724711064986323","0.0437873979802044","-0.101868814179285","0.067183325641448","-0.0797928103086534","-0.0302900882611521","-0.0750594926941162","0.125739677994479","-0.0629138254105701","0.106630126783297","-0.0716981616459833","-0.0523335782117771","-0.0530865886837235","-0.0464468957304036","-0.0440557431498085","-0.0638589975892604","0.0614200713820545","0","0.00724136733744984","0.0337812641360191","0.0556750255234935","-0.0699999999999998","-0.0700000000000001","0.00520446508877548","0.00625712578520599","0.0113569264848721","0.00816975675367004","0.0184","-0.001","0.1959","0.2537","0.2988","0.00340263212819103","-0.018478325017556","17.05999947","-0.0196168374213368","-0.0544881950694229","8.93263999999999","0.290700000000001","0.153400000000005","0.20859999999999","0.0124392407512885","0.00501694729266066","0.101453211166965","0.02267670867103","0.00971824946892141"
"227","2016-11-01","0.00116003837999834","-0.000117020654279543","-0.000616712939682351","-0.0999999999999996","-0.0221644957324383","0.0291080841580706","-0.0073983074814441","-0.023530497410194","0.0999999999999943","0.00120823473037568","0.0999999999999943","0.00534964974724073","0","0.00372184562831457","0.00312012733624378","0.00267022855587884","0.00201005092802387","-0.0251059211310771","-0.00180995524523997","0.00436681916634019","0.0039525743158233","0.00414938354681116","-0.00396563639334691","0.0363676441708747","0","0.0142859572474769","0.00829880281469553","-0.00895862654489132","0.0427972287718204","0.0061843116087843","0.0113344850741068","0.0199481680322489","0.0103034683697247","0.0705656375958839","0.0102041701742417","0.0236303027897877","0.097736590547167","0.00219539056343621","-0.0090744724334062","0.00392157365318191","-0.00349650705872939","-0.00276370512161783","0.00433840159859766","0.00227272825100222","-0.00603623563184996","-0.0140810545350414","-0.0060853268533938","-0.00326142114376005","-0.0113188958640915","0.00254011128417952","0.00217300735127118","0.00212146551546732","0.004700158206659","0.004410084166554","0.000226604127772972","0.00105742636396257","0.00247915049955357","0.00270483612722968","0.00355519214431826","0.00635846518480025","0.00211466324549488","0.00146335217677434","0.0171355648334259","0.0227361609055183","0.0359841767837032","0.0554349869217425","0.17429898240067","0.0646126803574507","0.35730865752141","0.00831797771858156","0.00744430033478238","0.0705689351978194","0.171698569402667","-0.131677823975199","0.148307493867029","0.0176821895749493","0.02662270821655","0.0236701023285026","0.0301919689199678","0.0523506749621925","0.00823914192316269","-0.101732210931584","0","0.010083890751563","0.022871036994264","0.00688165292357112","-0.02","-0.0900000000000001","-0.00337269704544596","-0.00561243876544104","-0.00204692577859333","0.00221823726925408","0.000199999999999978","-0.00120000000000001","0.194","0.3038","0.2956","-0.0203048560244419","0.0000912829866681619","13.32999992","0.0336035453908705","0.0019979850312688","151.20042","0.480400000000003","-0.0881000000000114","0.174900000000008","0.0000981957312963283","0.000548731954282626","-0.00619488149644679","0.00892863074430128","-0.00581960905326362"
"228","2016-12-01","0.000125328988758611","-0.00339956953632026","-0.00867415599816379","0","-0.0021367529497347","0","-0.0225291130600285","0.00475060275859818","0","-0.000495509455786802","0","-0.00854760578255664","0","0.00400020046559568","0.0031104224143923","0.00266311741948355","-0.00402415029972492","-0.00509771707166795","0.00180995524523997","0","0","-0.00623054975063564","-0.00931477127454716","0","-0.0190481949706944","0.0230355704018237","0.0393569312841251","0.0747505424569557","-0.0239642804387286","0.0540023220263288","0.0292802340800833","0.0236271905063825","0.0357980058757787","0.0105895800732405","0.0458852964768015","-0.0579336349929767","0.00508906950747168","0.00328407520119001","0.0393258895868449","0.032726693502557","-0.00791212918794937","0.012832440069884","0.00324149392417095","0.00113443007061154","-0.00607289315789927","0.0123391436528797","-0.00612258489937378","0.00133747440644783","-0.00101659953421596","0.00305953896171113","0.00291865602053081","0.00343559871864381","0.00019485997347016","0.000599589321491555","-0.00116624751042434","0.00577047325058875","0.00199167972226825","0.0171622481221122","0.00335317936564478","0.0024350440515703","0.00418174191452059","0.00162517047311482","0.00364816279446956","-0.000745776359035943","0.0077188331590321","0.0117718599410246","0.0206367747647089","-0.0865058924719673","0.0721659546200835","-0.190546731394284","0.0245231289722714","0.0143667629449702","-0.091434205959632","0.282111027402325","-0.0401775702324505","0.0938042221294468","0.0203294862027992","-0.00419664884507365","0.0261022050247316","0.0709018330290334","0.00457483040355242","0.175479513389913","0","0.00437281051590688","0.0233738919484807","-0.000307123063699066","0.00999999999999979","0.02","0.00851691021749446","0.00107545599318293","0.00226584191694457","-0.0024236641490365","-0.0244","0.00170000000000001","-0.0206000000000001","0.0518000000000001","0.0479000000000001","0.0478095683506794","0.0298424011901677","14.03999996","0.0180371110586872","0.0207415192076894","-104.40259","0.3005","-0.0838999999999999","0.143599999999992","0.00636976872570123","0.000782225886794559","0.0815287381380077","0.0184945826361647","-0.00389864041565779"
"229","2017-01-01","0.000407210768520017","-0.00742533908444365","-0.00249221312795989","-0.100000000000001","-0.0249065392143564","0.0122201113347753","-0.0101782049157562","0","0.0999999999999943","0.000712217659041059","0","-0.0105616643802691","0","0.00204270291348774","0.00310077767824835","0","0.00201409937170105","-0.0119967162876318","0.00541029272824733","0.00217627942259568","0","0.00415801014866357","0.0211648111920431","0.0350913198112703","0","-0.0149628726767128","-0.00683373957856492","-0.0307390391570213","0.00310462838629721","-0.0429660358834427","-0.0262111779626659","-0.0112303375295539","-0.0222231367847101","-0.0241660658471838","-0.0458852964768015","-0.016635060504532","-0.0102041701742417","0.0043620570801659","-0.0221542069208196","-0.0143063956512375","-0.0035366968783439","-0.00914919465358732","0.0139263096981947","0.0033955890011379","-0.0112303375295539","-0.0278356709860716","-0.0113227184635463","-0.00815011940122012","-0.0115308765825848","0.00182871938331011","0.00244871251620076","0.000843953801142506","0.00433457233983531","0.00417654514286555","0.00216399890344623","0.00031991225020747","0.00149696564503761","0.00621602600192608","0.00245214212759784","0.0058538003147531","-0.000500717358493294","0.00233171675327088","-0.000762113835719447","-0.00535145276892557","-0.0141342057667604","-0.0222073666799645","0.097241467251532","0.0772866624862925","0.0953570632286986","0.367253536676519","0.0028906151270025","-0.0300418750432687","0.0693474185567879","-0.150433203427126","0.0217242431915823","0.0158314652166807","-0.0169141532315367","-0.0217426274355645","-0.0191895360049125","-0.0214330216201253","-0.0110311517572535","0.0235435844455227","0","0.00618155454141878","-0.0246308748090023","-0.0055002815463645","-0.0399999999999996","0","-0.0026946444915108","0.000279753643225078","0.00618719073701079","0.00803757304825936","-0.0114","0.001","0.0274","-0.0133000000000001","-0.0115999999999998","-0.00386988770761221","0.00389233354617247","11.98999977","0.0177263145946185","0.0244621214106773","31.59532","0.2864","-0.106999999999999","0.103099999999998","0.00757570847471829","0.00409278087152704","0.052240387415691","0.0309303006913586","0.00778214044205505"
"230","2017-02-01","0.00268968699088923","0.000827765671342462","-0.016352565646514","0","-0.0176995770994006","0","-0.0154642256975812","-0.0535407669280303","0.100000000000009","0.00136109155791608","0.100000000000009","-0.00519279370162895","0","0.000194325690467956","-0.00310077767824835","-0.00266311741948355","0.00401606965488988","0.0102916860365472","0.00179694567670197","0.00217155351350762","0","0.00414079266603196","0.00912058439680852","-0.0350913198112703","-0.0392207131532816","-0.00706003941072453","0.0136210959519651","-0.00107700602763838","-0.0244756491478606","-0.0184620628397356","-0.00717583807007127","0.0549314321915144","-0.00563381771825622","-0.0403724552903872","-0.025708356710207","-0.0195445960729703","-0.0506187581056503","0.0010875476873986","0.0168817869742472","-0.0115943327809198","0.00969597723887894","0.00275355841718206","0.00212539931231337","0.00225733730165079","0.00614126802208315","-0.0192830363781837","0.00722069989639795","0.00950670414762556","0.0122749496973871","0.00364926840252629","0.00301468897394925","0.00420133236631529","0.00435382505173681","0.00720591782383992","0.00106236049874412","0.00424833438804612","0.00197203513535554","0.00778934691334815","0.00630832733789767","0.00753551923008558","0.00466139091933306","0.00457419810523186","0.006762481226394","0.0143780222847401","-0.00418343796794929","-0.0119355238960157","-0.00483523018639787","-0.119714453390218","-0.0499863786455359","-0.537400067595195","-0.00106399158844539","0.0000578686959453734","-0.0405118689169006","0.212699592153127","-0.0275979752036761","0.0130040844232058","0.00710261566426418","0.00508314779161978","0.0101949908515839","-0.00512370660370198","0.011191292681609","0.0052992357906918","0","0.00816096866178562","-0.012602120357478","0.00214504078486755","-0.02","-0.03","0.00721712904494964","0.00267169113729437","0.0126293443699748","-0.00206137644377158","-0.00519999999999998","-0.00289999999999999","-0.11","-0.1145","-0.0744","0.0243647001238312","0.0337477176791676","12.92000008","0.0365230009990398","0.0145204282776406","-82.95623","0.138000000000005","-0.0965999999999951","0.0728000000000009","0.00343183433530255","-0.000477788853583083","0.0121683154590624","0.0184414279027223","-0.000969462024547951"
"231","2017-03-01","0.000312285306391047","-0.000472925050196693","0.00442898541133285","-0.0999999999999996","-0.0067189502487448","0","-0.00520834510713897","-0.0100503358535011","0","0","0","0.0186969536483321","0","0.000582750599242843","0","0.00266311741948355","0.00400000533334577","-0.00684934184557395","0.00358423322781487","0.00216684808509005","0.00393701295933901","0.00823049913651541","0.0256095942043251","-0.0363676441708747","0.0953101798043252","-0.00507357760070182","-0.0124788913731884","-0.0384451519097011","-0.0322816927307565","0.00124146508806522","0.00205549918209602","-0.0518560837912663","0.00112930559715174","0.00373832211060687","0.0155041865359653","0.00655740054615883","0.00336587325510518","0.00217155351350762","0.0498384921824124","-0.00682596507039968","-0.00704228262541307","0.000916170471779942","-0.00106213499098295","0.00225225320432454","-0.00614126802208315","0.0918486326709846","-0.0041198632845747","-0.000945684618413267","-0.00197690355392588","0.00189053036878326","0.00280845370236464","0.00282537137235324","0.00429175703053114","0.00267255235795095","0.00163698565179914","0.000487273269029942","0.00354052496019292","-0.00398889739341617","0.00218401833025997","0.00427569137769325","0.00171823623541979","0.00155120630290431","0.0183978778717506","0.0390938343070957","0.0340994971190707","0.0400362170512807","0.104314049936171","0.108850148998313","0.174984040877669","0.481080665584643","0.0269323506122792","0.0449774594771792","0.0305367238600818","-0.0292963694884314","0.0446438424766651","-0.0191310182507092","-0.0136537906670737","0.00990799218616445","-0.0158078893145159","-0.0121014472230003","-0.0114342174975736","-0.0616388958143257","0","0.00869193002866098","-0.0112176583636909","-0.00155690061411562","-0.0500000000000003","-0.0499999999999998","0.012784872523687","0.00293970759200413","0.00924799878165672","0.0143953381576356","-0.011","-0.00110000000000002","-0.0901","-0.1118","-0.0996000000000001","0.00921022354201817","0.0106566053198254","12.36999989","-0.000389272944967267","0.019857909716452","30.00179","-0.0283000000000015","-0.0345999999999975","0.0390000000000015","0.00211939697575803","0.00335422285357788","-0.0309035794619593","0.00579711768432656","0.00580272421256733"
"232","2017-04-01","0.00171582815185545","0.00483691145346832","-0.00252844635335858","-0.0999999999999996","-0.0238783374607934","-0.0329247846964664","-0.00523561405394446","0.00503779402995708","0.0999999999999943","0.00105048517353623","0","0.0113052966554674","0","-0.00038846266391257","0","-0.00266311741948355","0.00199401860686432","-0.00516797015844261","0","0.00431966114451665","-0.00196656897204051","-0.00205128277055788","-0.00634117533844769","0","-0.0183491386681967","0.00101677690508684","-0.00802296567099958","0.0243374843990223","0.0214224355874064","0.011104370734234","0.00307534840024815","0.00102301799203453","0","-0.0241703609278128","0.00638979809877149","0.00846083797667951","-0.0286318126743277","0.00540834200926099","-0.0542535103915291","0.0126399349358195","0.0227083993698125","0.00820798041782922","0.00635595360069807","0.00448934536259493","0.0173032306874532","-0.26343232274806","0.0153615744390425","0.0175353167516725","0.0242050397877343","0.00201330950859335","0.00213702913427552","0.00325669190847639","-0.00126401771454162","0.000752369515630008","-0.00132745041441364","0.00479099107637698","0.00391668537409328","0.00297924681470494","0.0021192336529791","-0.000650194081554631","0.00772715684885034","-0.00163709453131602","0.0124568471267299","0.0236729424800544","-0.00840584454882176","-0.0199079684049366","-0.0162190765757337","-0.155641363333114","-0.107339210825192","-0.326081689368327","0.0185536800252883","-0.0240192942879371","0.0124534610712868","-0.50185695378323","-0.00423430413878823","-0.120200353611877","0.0214751188889055","0.0287956943287281","0.0214177637801948","0.000809567133771338","0.0243211988034897","0.0138597021259614","0","0.00434045983652709","-0.0175381499343441","-0.0133920333490547","-0.0600000000000001","-0.02","0.00437082350142504","0.00342304443475783","0.0059647789242625","0.0100145020422602","-0.011","0.00190000000000001","-0.063","-0.1151","-0.1206","-0.00691861788452997","0.0333612846703719","10.81999969","0.0090501322804597","0.0167558908535677","-17.85045","-0.0035000000000025","-0.030699999999996","0","0.000949439391366579","-0.00031347804189831","-0.0362849780073175","0.00494234943443495","0.00384986038544177"
"233","2017-05-01","0.00174400542491071","0.00152878256387901","0.00126502230658598","0","0.00802296567099958","-0.0126317469059005","-0.0212209554828853","-0.0101010959865038","0.200000000000003","0.00240577501759276","0.199999999999989","0.00441112316497616","0","0.00513492384403058","0.00310077767824835","0.00266311741948355","0.00199005040801037","0","0.00178731057409554","0","0.0097943975922874","0.00409836639228267","0","0","0","0.00708863727773501","0.0261230073146175","0.0151846735383172","0.0178235144773824","0.00855228181531764","0","0.0381189581036097","0.0112234623698493","0.00457666702741211","0.00634922767865831","0.00258899820990521","0.0144183754242713","0.0032310205814472","0.0140599855682986","-0.0204985215483404","-0.00954454100356994","-0.0100411614994904","0.00316289140850845","0.00669645359512128","-0.0132048642951705","0.0813612666594796","-0.0184624110508658","-0.0152630460814489","-0.0246566792477996","0.00205555279973109","0.00255562129128994","0.0031554190981114","0.00430134691053882","0.00402402083593144","0.00194871795904907","0.00135207777388519","0.00320271247174842","-0.00603673601127795","0.00377892987141681","0.00249729471115895","0.00287474921448003","0.00468883947433434","-0.0123825037644441","-0.0345611446312635","0.0116503433393742","0.0114612721744471","0.145604908219486","0.0884606826119576","0.231309108864149","0.249805847945773","-0.0538089130263852","-0.028042979957613","-0.0665206823415625","0.226708617478706","-0.0272418279632296","0.032150845165468","0.00556776412520943","0.0331196287522516","-0.00868312257346082","0.0396758447031251","0.0219668789897047","-0.0385862365942513","0","0.00728582393204569","0.0136262272241581","-0.0164168332291279","-0.0600000000000001","0.14","0.00298855694566491","0.00325590761961791","-0.00101215530384025","-0.00169916002358939","-0.024","0.00120000000000001","0.0118","0.0386","0.0566","0.0380286600617126","0.0180262756609189","10.40999985","0.0115097592543334","0.0446094391127656","-51.62922","0.221299999999999","-0.0853000000000037","0.00840000000000884","-0.00106189946961949","0.000928568591959741","-0.0733887556511265","-0.00742271449276721","0"
"234","2017-06-01","0.00211363997624403","0.0051570672194341","0.00692916158245005","-0.100000000000001","-0.0455420204469164","0.0126317469059005","0.0238421889627594","0.0495150645273803","0.200000000000003","0.00120072057651832","0.100000000000009","0.00226102344785062","0","-0.00164418045647441","-0.00310077767824835","-0.00266311741948355","0.00989127747874274","0.0120173120040166","0.00178412179350129","0.0021528533611006","-0.00390625496706498","0.00814668456781753","-0.00254777207879897","0.0363676441708747","-0.0571584138399488","0.00804024431856565","0.00781690189161122","0.0390550953986795","0.000630715883412236","0.034671733517194","0","-0.0249140938084391","0.0122020371402067","0.00682596507039968","0.0336061493989357","-0.00129366124121955","0.00949803612481759","0.00107469112976499","0.0155847310166983","0.0107897074213801","0.00261210422792502","0.00731264684628652","-0.00210748233956437","0","0.00814668456781753","0.0281786373998383","0.0123460693872426","0.00807096138198382","0.0247268337121263","0.000796083094222842","0.00182694798546489","0.00133249801441802","-0.00154636041191572","-0.00096208780310154","-0.00167798999362086","0.00267735526000536","0.00290086556590286","-0.00279443268240849","0.00242569769570341","0.000465830773443801","0.00429498166666828","0.00138923024005608","0.00640248800583443","-0.0149289760198368","0.0299754479583161","0.0419367781145663","-0.0966034227909045","0.0180428891055193","-0.133949190834068","0.0489788612168836","0.0186111946381615","0.0690122974497509","0.167664398993981","-0.00356506616449614","0.0968945477090282","0.0161677321053402","-0.019999708231679","-0.0318862570867825","-0.0253704243322012","-0.0213688402888081","-0.00932190390566798","-0.0819486223848993","0","0.00451936460665614","0.0113566796317226","-0.0100605848372641","-0.0399999999999998","-0.01","0.00276424210482773","0.00285590304839189","0.0032993933534069","0.000150691557617932","-0.0163","-0.0005","0.00169999999999998","-0.0328999999999999","-0.0354999999999999","-0.028062077408368","-0.0321554766507557","11.18000031","0.00480222592410762","-0.0376847280470791","76.8005","0.305300000000003","-0.167900000000003","0.000299999999995748","-0.000164322296820007","0.00220376593823868","-0.0359033763083178","-0.00497926339960753","0.00479157600989932"
"235","2017-07-01","-0.000931937565509244","0.000817995955630479","0.000627549440111785","0","0.00476758948347289","-0.0427415483772711","0","0.0191393402106979","-0.100000000000009","-0.00153964618559321","-0.200000000000003","0.000376340718234225","0","-0.00242283396127618","-0.0031104224143923","-0.00267022855587884","-0.00790517950711322","0.00510639407457436","-0.00178412179350129","0","0.00195503483580328","-0.0101937681895423","0.01141420128444","0.0689928714869517","0","0.00399600931338195","0.0209143561488698","-0.0487901641694322","-0.0158884816793607","-0.0273989741881149","0.00102301799203453","0.0356826755985704","0.00110192848615664","-0.00530505222969335","-0.021027367192076","-0.122405352607896","-0.00609551497897698","0.00214592357027676","0.00684934184557484","0.0202807530523597","0.00260529891176287","0.00906624523775346","-0.00105540906894408","0.00222222313671683","-0.00101471343054627","-0.0169019611872772","-0.00102335092369632","0.000103287286226106","-0.0010204497749644","0.0021017973906134","0.00196974457641181","0.00134336085643605","0.00197170709300353","0.00344340847491213","0.00315451334402028","0.00126866870796513","0.00291947000287472","0.000533415845274804","0.00394963497431608","0.00164906979523182","0.00425085629404028","0.00121399463427752","0.0218456176008317","0.0131580845775101","-0.0147925404652387","-0.0184131942825694","-0.0415543949256847","0.057050790372962","-0.0211156494005778","0.0199259394610802","0.0541266365055471","-0.0132503033652096","-0.113597177723705","-0.17520408902509","-0.0838979748818476","-0.0642869804495385","-0.000414781673120146","-0.0317240842582488","-0.0107565840524381","0.0279549713372047","0.0140274319309001","0.0444986433576897","0","0.00525185741494383","0.0438069336051701","0.0471483886422028","-0.02","-0.0700000000000001","-0.000810453087613183","-0.00220607826391195","0.00223420255857043","-0.000684790170634386","-0.00129999999999997","0.000299999999999995","0.1623","0.1867","0.1666","0.0109389612804609","0.022541125758714","10.26000023","0.0191640176618098","0.023425744038434","-92.97495","0.160299999999992","-0.0630000000000024","-0.0168000000000035","0.000885491286661727","0.0031392918685281","0.0140522138491935","0.00828505153410664","0.0028639637714285"
"236","2017-08-01","-0.00130617340915329","0.000817327385099986","-0.00503145715536757","0","-0.0228512649167687","-0.0584435958700746","0.0232869513787906","0.00943403223335881","-0.199999999999989","-0.00215949490061007","-0.200000000000003","0.000501567408634607","0","-0.00593646821516902","-0.00312012733624378","-0.00267737777071675","0.00593473551981472","0.0101352218940436","0.00711746776886457","0.00429185208154159","0.0116506172199751","0.00612872194137282","0.00878850603307946","0","0","-0.00299550897979817","-0.0120549405053536","0.0118856072339808","-0.00449438958783954","0.00241254640538457","0.00611622701743553","0.00679284513981582","-0.00110192848615664","-0.0253957472696262","-0.00125078190165251","0.090176321810473","-0.02685187146065","0.00107123738149895","0.00170503025108371","-0.00767758089903481","0.00777541714279817","0.00180342699915048","-0.00317292704057692","0.00221729580864771","0.00909556548448531","-0.0853606248783194","0.010183891768933","0.0123243514146196","0.0102917391282418","0.00333014539902412","0.00257167451143869","0.00221903054114459","0.00299825363351019","0.00367126379047146","-0.00187240596691104","0.00251378158808805","0.0025172545119032","0.00430722719788371","0.00424017648510157","0.00373997587746944","0.00310906428065048","0.00274240607437158","0.000332386756726422","-0.0117840150128767","-0.00704091612823454","-0.00699330718344093","-0.0494279747613131","-0.00919059137911304","-0.0785500109468593","-0.0983975549025757","-0.0200921316254359","-0.0322057460609049","0.0441248049089378","0.203374965991787","0.0268947562001216","0.097685260851387","-0.0190242354144248","-0.00998607823550918","-0.0275910559859998","-0.02672201792035","-0.00300589844426591","0.0643064397533246","0","0.00593830956206176","-0.0422278752367617","-0.0242975966432599","-0.01","0.02","0.0112098017864035","0.00949942770587775","0.0122699902092389","0.00760119874317944","-0.0119","0.000799999999999995","-0.121","-0.1472","-0.1324","0.00659675640729596","0.00113680300047392","10.59000015","0.000546283571041251","-0.00824015209292472","-31.70658","-0.154799999999994","-0.0600999999999914","-0.0433000000000021","0.00621127624628219","0.0020176575280973","0.0576364715138774","0.0114849498668974","0.00570343751387004"
"237","2017-09-01","0.00096424524182126","-0.0010509722459755","0.0081633106391612","-0.0999999999999996","0.010889399799269","-0.00464037955650287","-0.0391184165954712","-0.038282186571017","0.0999999999999943","0.000833500596204573","0.100000000000009","0.00350394551968503","0","0.000390358158562698","-0.00312989300892763","-0.00268456537066841","0.00393701295933901","0.0133557911815556","0.00177147964838209","0.00213903824874961","-0.00775197680431727","0.0040650462481695","0.0148886124937508","0.0327898228229908","0.0571584138399488","0.0198026272961789","0.0357374251489126","0.0563823638950218","0.00833071142842812","0.0190936588155797","0.0161293819298844","0.0342238723875772","0.0196512873972887","0.0374804864846983","0.00623832341269193","-0.0236737467837234","0.0470274044959078","0.00320684400957916","0.0514636376295945","-0.00289435802636451","-0.00344827927891611","0.00539084863487638","0.00738789639988902","0.00110680697519161","-0.00100654261140143","0.179405054420464","-0.00101401454964023","0.00478436253047754","-0.0134602651553575","0.00271754583167632","0.00247458036370716","0.00268398522177616","0.00565129490996884","-0.000854678923084901","-0.00347179641322677","0.00190014070764973","0.0017572508021128","0.00649138564302377","0.00213632370995651","0.00648121259627534","0.0000498370285803643","0.000953214436212331","0.0178293579524453","0.0492104205319936","0.00457946152169875","0.00788338289863333","0.0161897942341334","0.0353068138321451","0.0582863298785208","0.104135275561725","0.00948423398807385","0.0300538430041151","0.0491326885776449","0.0103627870355467","0.0490561569891943","-0.0147061473896954","0.0217805468411081","0.00171201509257035","0.0191341577626127","0.0367570784885736","0.0280851063173598","0.0825688996700689","0","0.00719408159151769","0.0107253165277275","-0.00842315704198349","-0.0600000000000001","-0.03","0.0060889297000255","0.00299124595080258","0.00568756877972376","0.0116597087064996","0.0279","-0.000900000000000012","0.1592","0.1195","0.0753999999999999","-0.00568521952304657","0.00358891718036425","9.510000229","0.0191190393239795","0.029409554133446","56.05776","-0.233699999999999","-0.0121000000000038","-0.0752999999999986","0.00458521079598934","0.00200851226365286","0.0432621030837485","0.0193867138001904","-0.00284765261251163"
"238","2017-10-01","0.00366187102340199","0.00151771671185763","-0.0195775119236012","0.0999999999999996","0","0.0365337433324564","0.018445845790751","-0.0147422817372034","0.200000000000003","0.00397271975922919","0.299999999999997","0.00448710711733469","0.0999999999999996","0.00350638325549468","0","0","0","0.00331126130365611","0.00176834705674178","0.00213447252863208","0.00581960905326362","0","0.00858374369139181","-0.101782694309942","0.0540672212702757","0.0058651194523982","0.00212539931231337","-0.0574570550247868","-0.00191632125076424","-0.00355240160436843","0.0168571170664222","0.0120763195450388","0.0107527917762615","0.0382962850772808","0.0160398256810366","-0.0103200090319895","0.0378882679195032","0.00106666676780254","-0.0489115307573593","-0.00387222168250911","0.00688470877749658","-0.00539084863487638","0.00837701233804822","-0.00110680697519161","0.00301659353942529","-0.096645479209708","0","0.00364444621134652","0.0063504187240575","0.00119298021097371","0.00203538740450923","0.000908545716510771","0.00257131552711219","0.00534884938489213","0.00639445677672728","0.000361151135729273","0.0015650122426326","0.00391149091040421","0.00262331567555813","0.00289346215964395","0.00275376881003945","0.00245284362435453","-0.0210277397809637","-0.0134013902923407","-0.0231949668650326","-0.0331122225111216","-0.0451056850389335","-0.0730853855532683","-0.0189058170072123","-0.187319723616857","0.0479045066138326","-0.0535518142714189","0","0.0371037502033769","-0.0365646690951653","-0.0542215541666398","0.00149195364016386","0.0159993716461803","0.00365859507724618","0.00946230393535874","-0.00957738929674073","0.0239321645412103","0","0.00662829792108965","0.0181117901693089","-0.0171542270295593","0.14","0.15","-0.00190309855911508","0.000376481813985308","0.00488400061844807","0.00146185009921851","0.0728","-0.0013","0.1619","0.138","0.0956000000000001","0.0166026183464751","0.0176102220009824","10.18000031","0.0219455602903045","0.00600782526486476","21.46721","-0.0858000000000061","0.0392999999999972","-0.130099999999999","0.00335361595227621","-0.000842436911324893","-0.00394312040123564","0.0119285708652734","0.000950118836319902"
"239","2017-11-01","-0.00189132681757087","-0.00315476104377588","-0.0219222189831516","0.100000000000001","0.0284716740813113","0.0734671518818724","-0.0399520510117144","-0.0352681388374583","-0.100000000000009","-0.00107631051182544","-0.100000000000009","0.00916074740054196","0","-0.0015568748887631","0","0","0.00196270916784869","-0.00829880281469553","0.00352734051796855","0.00212992625782515","-0.00193610902686636","0.00202634314523298","0.0012202564052286","-0.0741079721537217","0.0344861760711694","0.00291971010333469","-0.0117459972992959","-0.00539084863487638","-0.00127959070562511","0.0153034181398866","0.00881062968215485","0.0182987722525123","0.00320341971753724","0.00504505574582748","0.0217926299908529","-0.0481679511451061","-0.00192492840958458","0","-0.0076759438721048","0.00772950708226716","-0.00257621439177314","0.000900495333250539","-0.00837701233804822","0.00441989669815168","0.00200601872686601","-0.00345729255795924","0.00202607133168264","0.00679915511422102","0.0058099240325955","0.00343812513423963","0.00280608224694484","0.0027736914472599","0.00352148929186984","0.00118086984699819","0.00112838977524765","0.00277000351086398","0.00108477853475398","0.00718227049431804","0.00309237187090898","0.00405198043713116","0.0028481019928423","0.00134559202032061","-0.017916515202737","-0.017730477299482","0.0142105803251411","0.0173221129662906","0.0020040086867148","0.0603903068179026","-0.00757410615725451","0.160817137272927","-0.0538306640165942","-0.00397057627803754","-0.00917437627604123","-0.0900261516577201","-0.00553251756972539","0.0298529631496818","0.0038954356961689","0.0148000553108537","0.00284621734435093","0.000699772015602562","0.0016656575625702","0.0865620788292665","0.2386","0.00643515318387777","0.0344945321901609","0.00760971231710172","0","0.0600000000000001","0.00291963251395444","0.00189478517119923","-0.000324359335177604","0.00103033472933234","0.1367","0.2383","-0.0173","-0.0516999999999999","-0.0677000000000001","-0.0205735144865464","-0.0136883431171544","11.27999973","0.0276955409084119","-0.00114157857590058","2.47973999999999","0.137900000000002","0.0146000000000015","-0.159199999999998","0.00664559039774649","0.00150909530600592","0.045614543387521","0.00865806274311431","-0.000950118836319902"
"240","2017-12-01","0.00272733076761256","0.00023402761632596","0.00973085848966715","-0.100000000000001","-0.018890762469554","0.0287494132859862","-0.0109290705321907","-0.0365575957337976","0.100000000000009","0.00156795260629217","0.100000000000009","0.0152861429548263","0","0.0074703233651654","0.00625002034517141","0.00268456537066841","0.0039138993211365","0.00332779009267448","0.00351494210744452","0.00424629088145068","0.00193610902686636","0.00404040953700502","-0.00366524539829527","-0.0800427076735364","-0.0344861760711694","-0.00682596507039968","0.0254520632036632","0.0495620669480132","-0.0634294479530348","0.00466201310581127","0.00389105549296698","0.0285989106620006","0.00849262004565343","-0.231082965086402","-0.00962702982716479","0.0101083893207612","-0.296930444640322","0.00212992625782515","0.00341880674878592","0","-0.000860215106807338","-0.000900495333250539","-0.0137641135391657","0.00878161516038478","0.00200200267067352","0.000435735729630515","0.0010119632017922","0.00621820786504124","0.00506166570867705","0.00207667960631049","0.00205054076478066","0.00254382417165928","0.00228127149886677","0.00191587392516276","-0.00112345927161477","0.00236391953498729","0.00100581524264846","0.0100744570344667","0.00523982874001255","0.00471957690956122","0.00457169144703176","0.00472174994749591","-0.00134383811470862","-0.0114869026730666","-0.01409722413152","-0.024223119329978","-0.0902927581128061","-0.0197748537615805","-0.0819825724913628","-0.171719128302404","0.00159339499200861","-0.0441380020419935","-0.0162605208717803","0.04948005726337","-0.0139667074817087","-0.038689544950179","0.00812040855811968","0.0138833925942756","0.00628626621892157","0.0152492617787434","0.0137487609537164","0.0261267615095955","0.0114","0.00661442293086623","-0.0743656177893435","-0.052935473080483","0.0299999999999998","-0.04","0.0039653866742384","0.000185486552011227","-0.000263061664490749","-0.00388339279861682","0.000500000000000056","0.0126","-0.0144","-0.0518000000000001","-0.0678000000000001","0.0455474753110394","0.0380289471374269","11.03999996","0.00978361446429155","0.0225870479851258","-56.32029","0.0490000000000066","0.0191999999999979","-0.157899999999998","0.00509753435770841","-0.000177634803682934","0.0308555085194743","0.0023483376741078","0"
"241","2018-01-01","0.000649742446396928","0.0050183918122837","0.00643502864090806","-0.0999999999999996","0","-0.0844383191465745","-0.0335226920386438","-0.0215062052209634","0.0999999999999943","0.0000307196067907967","0","0.0107430570318225","0","-0.00280695146308396","-0.00312012733624378","-0.00268456537066841","-0.0039138993211365","0.0066225407604934","0.00350263055120159","0.0021164029063776","0.00386100865745931","-0.006066752682238","-0.00367872885746312","-0.0425596144187961","0.0173917427118688","0.0145704374658777","0.0217512459323626","0.0263974718510251","0.0420763234824655","0.0138570346614264","-0.00584227562422868","0.0269464369949342","0.00946877142885238","0.243940285061639","0.00842870733505574","-0.0321195494221129","0.31853230114411","-0.00106439605578679","0.00680274732275254","-0.00772950708226716","-0.00951152868997429","-0.00542006746933854","0.0116588496037036","-0.00547946576462621","-0.010050335853502","0.0176478684670514","-0.0101622560819727","-0.00803266757124632","0.000195380365621389","0.000969044702849133","0.00227662830888412","0.00168898891852794","0.00238421612645184","-0.000417111554453826","0.00105660675043493","0.00187056822583772","0.00102374494982561","0.00281713134766404","0.000233312689933036","0.00194655333183733","-0.000106472723845018","0.00255684313291882","0.03163509076205","0.0364909229899411","0.0391373322028379","0.0498095869425548","0.0144122141104326","0.0100064255410164","0.0671140850187157","0.0854323199401463","0.0299423566150772","0.125188320862909","-0.0285054929979269","0.0305626504101673","-0.0170216875694305","0.0281982708496438","0.00759379114143233","0.00384840125108088","0.0000882573585145457","0.0122731294498175","0.0315807988300104","0.0706175672139535","0","0.0017711489331127","0.0245400886115466","0.0553984910650236","-0.0899999999999999","-0.03","0.0056600598450558","0.00492941612222531","0.00879899636165504","0.0144497440004603","0.00349999999999995","0.00120000000000003","0.1405","0.115","0.0602","-0.020135824653444","-0.0235647879132621","13.53999996","0.0546573986599865","0.0367265219308561","23.04297","-0.286200000000008","0.069199999999995","-0.146500000000003","0.00164698287560515","0.000164117802317963","0.0219029257994147","0.0155162150917567","0.00284765261251163"
"242","2018-02-01","0.00244049487065112","0.00162847540931921","0.018430772749304","0","0","-0.031322471129041","0.0169018108026036","0.0529224014543423","0.200000000000003","0.00239322647364304","0.0999999999999943","0.0118160949887391","0","0.000193836015338178","-0.00312989300892763","-0.00269179166571165","0.0058651194523982","-0.00330578813449911","0.00174672533494213","0.00421941554270866","0.00192492840958458","0.00808085205393905","0.00122774723832286","-0.0444517625708336","0","0.000963855496306287","-0.00823049913651541","-0.0253691941254592","0.0264616924132914","-0.00459770924862912","-0.00293398743478779","-0.0278278826227396","-0.00524935588614373","-0.00569396556167323","0.0035906681307285","-0.0278318077085524","-0.0113781252795082","0","-0.01882005932677","-0.00876771325331038","0","-0.00636076656181039","0.0136056520557784","-0.00330214939575857","0.00403226352793862","0.00430118132087998","0.00407692922857894","0.00616335842974003","-0.00510198058881528","0.00164216787685699","0.00180603653075088","0.00129345288947502","0.00137863482215817","0.00185165804212849","0.00117560646261823","0.00161274396407516","0.000566076068544006","0.00194941541738051","0.00315767943803398","0.00432930536272196","0.00156907595124028","0.00261102585097231","-0.00836752779453498","-0.0362404045546487","-0.0568194515660885","-0.0876575411743854","-0.158524883550452","-0.0770788436151655","-0.147966181647811","-0.165807253530359","-0.00917243430787451","-0.168487291118398","0.0214549350012598","-0.42232891416017","0.0127933514599095","-0.0787651603902271","0.00130896673545955","0.0225000141090433","-0.00176662884918549","-0.0174618810949729","0.00928297962552144","-0.0559669851762141","0","0.00849131568506856","-0.0405730143924057","-0.0443371906039829","0.01","-0.05","0.0000181047852425564","0.000701496072991858","0.000547264548847792","-0.00511593537653887","0.0242","0.000299999999999967","0.2214","0.2103","0.1284","-0.0384441613670727","-0.0278648775268113","19.85000038","-0.0397261077880096","-0.0693582029954944","-61.27233","-0.689399999999992","0.11160000000001","-0.128900000000002","0.0000137929180002465","0.00241015662160562","-0.0257385449757639","0.000769526779028418","0.00094741835603962"
"243","2018-03-01","0.00138749733197585","0.00440682610425824","-0.0120368890740483","0","-0.00597730410845898","-0.0323353806429365","0.0329700192375695","0.0404095383378769","0","0.000551470602211168","0.100000000000009","0.0139038412798911","0.1","-0.00223138583975224","-0.00313972000466789","-0.0054054185669079","0","0.0229142595228753","0.00174367960482691","0.00420168685370026","-0.00192492840958458","0.00601807232556251","-0.00492005912544968","0.0444517625708336","0.0504308536268923","-0.00676657970887362","-0.00829880281469553","0.0142859572474769","-0.0225452383210563","0.00230149698827908","-0.000979911886348717","0.0140107370695981","-0.00210748233956437","-0.0565288098400538","-0.00239234563861945","0.0577938589906442","-0.0656834865956482","0.00106439605578679","-0.00954454100356994","-0.0378908737113965","-0.0201849766638782","-0.0249205328192792","0.00207684394483909","0.00549753995919477","-0.015205564126064","-0.00200199839067139","-0.0102246034665221","-0.0150803037684462","-0.00852746017162431","0.000870073992276084","0.000987792586159605","0.00118909142310596","0.000385047631247016","0.00210329638591367","-0.00232927052411817","0.000452411740778522","-0.000953404070364041","-0.0069268719406528","0.000333240152432395","-0.000818291943295557","0.000828504023551777","0.00140625007280929","0.014092311976027","0.0213948714421797","0.0504362912201657","0.0658365222156139","0.064321003018442","0.0123439773021463","-0.0143124627104436","-0.0797727657094196","0.0199999649067273","0.120977666298339","-0.144371607177387","0.286405748092177","-0.0900977991928187","0.0235787448229363","0.00258861955552003","0.0281645544753819","0.00150183340211997","-0.0164774026612733","0.000644445262359628","0.0106594583227828","0","0.0038621782199737","0.00123746270838687","0.00168117912429899","0.03","0.04","-0.00470188554947626","-0.00536191122949781","-0.0126187154520903","-0.00828820169384414","0.0777000000000001","0.000300000000000022","-0.0212000000000001","-0.0953999999999999","-0.1386","-0.0222057441105541","-0.0115870272650316","19.96999931","-0.0272524973918795","0.00230486509725658","40.41246","-0.569400000000002","0.0989999999999895","-0.108499999999992","0.00177292500272379","0.00327552220342032","0.000187964485463054","0.00918842605440595","0.00189214815203798"
"244","2018-04-01","0.000123239979206602","-0.0102350277050238","-0.00767758089903392","0","-0.0157102929063191","0.0458796057506934","-0.0163491380015293","-0.0507723253734236","0","0.000398095272517551","0","0.0134823055706015","0","0.002812668553271","0.00313972000466789","0.00270636159774273","0.00389105549296698","-0.0130295002903331","-0.00174367960482691","-0.00209863665692112","0.00192492840958458","0","0.0122550553370147","0","-0.0333364202675916","0.0019379851026784","-0.0125787822068597","-0.0266956304631893","-0.00982004618097498","0.0159638509890145","0.000979911886348717","0.00951976034059587","0.00421053253634351","0.0943484431086397","0.0306627795768746","-0.0174296351352838","0.108004674627461","0.00106326432133041","-0.00787750244309482","0.0378908737113965","0.00970453138917815","0.0166824999599369","-0.00520021972710705","0","0.015205564126064","-0.0244058401094165","0.0122568519675115","0.0160311514110809","0.0112841704991187","0.000860492440258751","0.00180546862612673","0.00120632790819603","0.000526405391548791","0.00203599367419925","0.00140525370444087","0.00160831985995553","-0.00108419110107976","0.00302135666452887","0.00201602460297369","0.00343147017898615","0.00209258098946577","0.00290378519809577","0.00608845007875125","0.0164547165311077","0.014092315099214","0.0154421474434869","0.27881762467085","0.0374410611842642","0.337158447619891","0.220097982601912","-0.055643302254774","-0.027358113793932","0.185948034023127","-0.0922497336512187","0.0915092320312265","-0.0215062052209642","0.0130822647630433","-0.00872348913075471","0.0130674957471673","0.0239292361104715","0.00805622294704289","0.0882350045036215","0","0.00584998065085962","0.00722317464794209","0.00329072566289845","-0.0100000000000002","0.19","0.00222666787971981","0.00212218477244619","-0.000929480321193665","0.00217279212288091","0.134","-0.002","0.0138","0.00279999999999991","0.00560000000000005","0.0582350055584033","0.0414998370128625","15.93000031","0.00271508594773096","0.0422598092898827","-25.39162","0.022199999999998","0.0467000000000013","-0.089500000000001","0.00469595345965997","-0.0012660190491467","0.0431017774081528","-0.0030534374868898","-0.00189214815203798"
"245","2018-05-01","-0.000246495148376269","-0.00152091284070721","0.00320615856563311","-0.2","-0.0296684306622126","-0.0553136379840522","-0.0278569545029663","0","-0.0999999999999943","-0.00211478126475306","-0.200000000000003","0.01591970859924","0.1","0.00106480819315014","0","0.00269905696916517","0.00193986481782638","0","-0.00174672533494213","0.004192878260036","0.00383877630716611","0","0.0133093313687809","0.122602322092332","0.0168071183163807","-0.00777457754712962","-0.0116712200166003","-0.00626306848956215","-0.0512932943875501","0.0112487125358705","0.00683262785044558","-0.0377403279828474","0.00104986886283687","-0.0208340869028421","0.0172715865086612","-0.0184848146741032","-0.0309430627523044","0.00318302656012115","0.00350877552967965","0.00195503483580328","0.015679763746494","0.00914919465358732","-0.00208768343048416","0.00437637459979889","0.0179466431908368","0.0133831589750981","0.019106329392728","0.020584708851322","0.0147601293330357","0.00289883936539879","0.00210328486927303","0.00212490944021555","0.00215544315261356","0.00252517549998442","0.00177768094927977","0.00402129095338022","-0.0013729470389647","0.0155797973098105","0.00368640108807953","0.00321002425426593","0.00360465124324903","0.00102361489723156","0.000650645718083709","0.00747547265934045","-0.00803620598060562","-0.0117103259520626","-0.0356446234086292","0.0319108122810547","-0.0196273377822349","-0.140325216892492","0.0145838956410209","-0.0147022709774696","-0.0439377030314203","0.0884109573440526","-0.0185058661977076","0.0747732344024516","-0.0181702626921068","-0.0337110573423117","-0.00699486982493311","-0.0269964338904192","-0.0453203689643347","0.0653529169269316","0","0.00576926478228756","0.0581169460718236","0.0279571856725749","0.0500000000000003","0.02","0.0140244267312664","0.00884669779754255","0.0142517352420519","0.00649230051187111","-0.1148","-0.00879999999999997","-0.054","-0.00919999999999987","0.0161","0.0226408169692753","0.0272899047090363","15.43000031","0.0213781912914328","-0.00608749040135415","74.33151","0.222300000000004","0.120400000000004","-0.0915999999999997","0.00700866416188324","-0.00481635521402458","0.0737738561930794","0.00229095174655569","0.00189214815203798"
"246","2018-06-01","0.000616123983633088","-0.000117089163531148","-0.0206993160131503","0","-0.00251256413588319","-0.0191393402106979","0.00563381771825622","-0.0210534091978323","0","-0.000337552745820702","-0.100000000000009","0.00147601502812034","0","0.00154679071829822","0","0","0.00579711768432567","0.00816331063916031","0.00349040493976904","0.00208986491945851","0.00191387618228411","0.00598207167754783","0.00599162966826672","0","-0.0168071183163807","0.0145281005629094","0.00638300039503559","0.00522194398115161","0.0340400462399906","0","0.0221269248618405","0.013327607312962","0.00939954701150381","0.0506264053998464","-0.00343053509678892","0.0430880817205246","0.0568091664644852","0.00105876134824179","-0.0158873597623188","0.0126154026300744","-0.00606850583638074","-0.000911161794244997","0.00104438651790595","0.00109110758233477","-0.00396040121609698","-0.0154594407972279","-0.00399240222303732","-0.0041156109556848","-0.0103016013645831","0.000735569717809878","0.00159716426434236","0.000324745716172129","-0.000558438009214629","-0.000232225156942027","0.00213468914295008","0.00190772417775596","-0.00229963650412503","0.0051165343835019","0.00257573503326412","0.00213436198210475","0.00322857199338816","0.0023666889786002","0.00951315927624918","0.0182127512231745","-0.0164488919418915","-0.0189788155433916","-0.0486157202091118","-0.109183185922811","-0.0762927840965038","0.052075925416986","0.0342972071903471","0.0523607600837899","0.086025863950371","0.0487901641694322","0.0680345580451398","0.0432398185062404","-0.00350914428446458","0.00673054572882692","-0.00166849654514256","-0.00984427208605165","-0.012786654940585","-0.0340897060165535","0","0.00507669680556688","-0.0104810073554074","0.0121518936771388","-0.0300000000000002","0","0.00452339983642069","0.000416877166165008","-0.000311758934401496","-0.000864024200886604","-0.005","-0.00220000000000004","-0.0666999999999999","-0.0787","-0.0689","-0.00473626927150761","-0.000734250078631149","16.09000015","0.0048307491443218","-0.0353094170508244","8.69583","0.351799999999997","0.0404000000000053","-0.141930000000002","0.00371087003805973","0.00315011403554179","0.0256133515451375","0.0083555366479322","0.00471476592370301"
"247","2018-07-01","0.000153971700305178","-0.00316660089855958","-0.00524247596484972","0","0.00626961301359508","0.00481928643594909","-0.00281294137661448","0.0416726964005676","0","0.000828335247007317","0.100000000000009","0.0121787702862779","0","0.00568320173407155","0.00625002034517141","0.00537635703638006","0.0038461585874785","-0.00816331063916031","0.00174064447778388","0.00416667269484616","0.00951481964133816","0.00396825917562094","0.00595594375285113","0.0741079721537217","0.0333364202675916","-0.0106332563013689","-0.0181920479872781","-0.0296004697762902","-0.0292041128085749","-0.012380574569554","0.00946976773703145","-0.0124335527160806","-0.00521105921275211","-0.0980490839514534","-0.00574384117925231","-0.0604012729222001","-0.117041030725106","0","-0.0134350431032697","-0.00289715316115302","0.00693243677564492","0.000911161794244997","0.00312663099943222","-0.00109110758233477","0.00987174847915373","-0.00951062079495024","0.010939843640525","0.00843858189157487","0.0047651172592964","0.00200948793591488","0.00196342186631979","0.00097207277258121","0.00192900416309701","-0.00253734847156411","-0.00229195481031061","0.00211458642014265","-0.00182567336097912","0.0027686611125283","0.00237905512430823","-0.00143867781897423","0.00430040937148223","0.000363081844866548","0.00137164633035525","-0.00347981146790488","0.0126800947235886","0.0215886643292205","0.110839981422453","0.0743859522410197","0.203830736926006","0.058239895005209","0.0200138254625575","0.00290762897759578","0.010787591128997","0.035975102458278","-0.0107963261902233","0.0018382358117508","-0.00361813835052782","-0.00852147026655525","-0.00962607335824331","0.00364131291524838","-0.0089957895829107","-0.00201816415623757","0","0.00229235502868264","-0.0309025986232676","-0.0179900894872436","0.0100000000000002","0.01","-0.000866460751995035","-0.000262161315006892","-0.00046180802549145","0.00238658267916847","0.1075","0.00380000000000003","-0.0121","-0.0490000000000002","-0.0629","0.012077421080253","0.00224894012208132","12.82999992","0.0353879507843073","0.00944353370580275","-24.93979","0.230900000000005","0.0792000000000002","-0.208479999999994","-0.00283285529491917","0.00214541600392004","-0.00497924975591228","0.00302115033417572","0.00187969980157821"
"248","2018-08-01","0.000646422382567735","-0.00117536449826439","-0.00659198168215358","0.0999999999999996","-0.00501254182354405","0.0284379353205333","0.0359651486935153","0.0448953199078916","0","0.000674432888837728","0","0.013249651049156","0","0.00153565631484032","0.0031104224143923","0","0.00383142231155631","0.0178721247661215","0","0.00414938354681116","0.00754720563538314","0.00592301830312181","0.00473934536389642","-0.0741079721537217","0.0162605208717803","0.00967125526517787","0","-0.00107353740852467","0.0231617983526125","0.0179578338676603","0","0.00178571476023404","0.00625002034517141","0.0798728851376778","0.0239055208535541","0.0553851391510838","0.0936094991223069","0.00211416569233513","-0.00361337339851353","-0.0165776590198146","0.00172562596746939","-0.00547946576462532","0.00311688564025303","0.00326975768155702","0.000981836112257106","0.0957521342016197","0.00296302163266748","0.00553893205724343","0.014833714595305","0.0042961419966536","0.00237854102468343","0.0039615167161875","0.00486236781106683","0.00437075921955531","0.0000305810698276235","0.00422973484141826","-0.000458680973454906","0.00736596937591484","0.00584291694962511","0.00493429825963781","0.00392070423987816","0.00604073096312099","-0.0161729352608031","-0.042484407171516","0.0111422902443117","0.0101022689158796","0.0177647652727551","0.0806317700255903","-0.0144730300267177","0.221982335778268","-0.0468106368970265","-0.0181992233183923","-0.0619667237491992","-0.0070922283094923","-0.0150378773645405","0.00275103337189009","-0.0100572862393431","-0.0291593215033726","-0.00998848935916968","-0.0262350025798161","-0.0221898620518755","-0.023437508307488","0.2386","0.00413058394567933","0.0577345978677091","0.0311798104749332","-0.0100000000000002","0","0.00328994040465247","0.00131980242765906","0.00230232306970102","-0.000559897229285511","0.0590000000000001","0.2366","0.0144","0.0252000000000001","0.0315999999999999","-0.0352140693872514","-0.00908904386225196","12.85999966","0.029814314708128","-0.0448532057967999","-41.44094","-0.0481000000000051","-0.0792000000000002","-0.279060000000001","0.00389088289016893","0.00105515021891875","0.0250654562323906","0","0.000938526582263677"
"249","2018-09-01","0.00193676375157104","0.00270127593936387","0.00987174847915462","0","0.00750942202213167","0.0230957147946498","-0.0444517625708345","-0.102654154060084","0.199999999999989","0.00211232112338422","0.200000000000003","0.0243661330754099","0.1","0.00201197672661912","0","0","0","-0.00161160389434123","0.00347222571074912","0","-0.00754720563538314","-0.00197044398729851","0.0210534091978323","0.037740327982847","0.0160003413464409","-0.00676004505771921","-0.0108578699720487","-0.0272199712340875","-0.022472855852059","-0.0134380521620407","0.00282353128760704","-0.0271264372390894","-0.00520563382726547","-0.034557688925636","-0.00903960957772476","-0.0561447290091026","-0.0384186033184601","0.00210970542384992","0.01615834078659","0.0117303397854895","-0.00431966114451665","0.00365631120311072","-0.00103788281241979","0.00325910120090622","-0.00196463717416506","-0.154745788085331","-0.00296302163266748","-0.000694404741988564","0.00174430632879918","0.000851061385660831","0.00139023528226454","-0.00000153727085337083","0.00290655531583931","-0.000376152052015779","0.00267196884899728","-0.000200204129391051","-0.0013225239464803","0.00156864635195455","0.00133503352029118","0.00229884932467408","0.00242606526988577","-0.000193231721068094","0.0182268835443473","0.0203563859943046","-0.0166709179888773","-0.0428836629686238","-0.178164437643668","-0.134369839260783","-0.255687540651996","-0.245466781011338","0.082835404328728","-0.0433436032803112","-0.00228571528085642","0.0720723480411243","-0.00691087753984654","0.0163491380015293","0.0108082289782194","0.0139523398435742","0.0034001464396755","0.0232396502971035","0.0140315308042578","0.0840542077316773","0.0114","0.00573502690360961","-0.025815871987156","-0.0117795508512746","-0.02","-0.04","0.00660909893520589","0.00615428138937624","0.00649782316313186","0.00270649020188429","-0.00430000000000008","0.0101","0.1005","0.1032","0.1139","0.00528781558315927","-0.0186365038670271","12.11999989","0.00428509296391777","0.0162508895060633","37.97333","-0.234800000000007","-0.182000000000002","-0.34978000000001","0.0056507050775219","-0.000865913348617388","0.0172525748215188","-0.000754432325485332","0.00374532273016204"
"250","2018-10-01","0.00159577766632601","0.000937866422789924","0.00326904508190395","-0.0999999999999996","0.00621506040343434","-0.0137933221323356","-0.0143063956512375","-0.0728613482648717","0","0.000733675748245233","0","0.0263131026696097","0.1","-0.00450861716307926","-0.00623054975063608","-0.00537635703638006","0.0132955424812442","0.00803217169726356","0.00173160216427792","0.0061919702479214","0.00566573753567745","0.0156558970725529","-0.00231749814036242","0","0","-0.00291121020745866","-0.0109770586311511","0.018589928459873","0.0116399807891368","0","0.000939408241936057","-0.0147740452713077","-0.00628274317949451","0.0188093319574962","-0.00569153499978814","-0.0450736746248763","0.020632179200029","0.00105318598465853","-0.0152537726561635","0.0115943327809198","-0.00433840159859766","0.000911992767269609","0.00311042241439274","0","-0.00690678621325436","0.0402663393297455","-0.00595251254330265","-0.00597504578693275","-0.0129453990993866","0.00112400600149706","0.00177169477821017","0.000814838028310344","0.000304806057294286","0.00090089672000825","0.000504759182485583","0.00116138755515602","-0.00196593048290992","0.000610851445075439","0.00244983089852845","0.00128542134967179","0.00404673118306259","0.00465582028733611","0.00402577594031506","-0.00276380399986031","0.0493193284689539","0.0495813802772727","0.0653080479165986","-0.0183152484048659","0.0956768457960884","0.150892194263663","-0.111774338374765","0.0718192675417892","0.062104210491766","0.0196727655987043","0.0367638406895283","-0.00270636159774273","0.00514608100895764","-0.00641990602061915","0.0119868249891969","0.00248834272862375","-0.00383524286936049","0.0267649793656357","0","0.000348747038037445","0.0114977647905885","0.0337591086564366","0.0500000000000003","0.0900000000000001","0.0134477229024306","0.0110976932913935","0.0110065588532642","0.00252577708979196","0.00530000000000008","-0.0001000000000001","0.0185000000000002","0.0439000000000001","0.0606","-0.0557106877802607","-0.0708677036736667","21.22999954","-0.0719293458798642","-0.0701030021639464","41.25648","-0.136099999999999","-0.196700000000007","-0.36569999999999","0.00431451287557448","0.0010716676882676","0.0310276820762527","0","0.00186741417479563"
"251","2018-11-01","0.00174629722232744","0.00327562295694506","0.0110354901163321","0","-0.00248139085138543","-0.0377403279828474","0.00860837453659968","-0.0537442760066904","0.100000000000009","0.000824742314788907","0","0.0230731499441079","0","0.00182508095422484","0","0","-0.0075757938084573","0.00159872136369721","0.00172860890061788","0.00205549918209602","0","-0.0117188841132139","-0.00698489452195084","0","0","-0.00487093023459639","-0.00442478598035567","0","-0.0192445801743562","0.0255996172013155","-0.0276076553240978","-0.00559702953671781","-0.0010509722459755","-0.0308363605528355","0.0325688527635348","-0.0488696585849917","-0.0288783407386877","0.00210305019677914","-0.00908271457431908","0.00574714225556772","0.0112409311613684","0.00545455897827196","-0.00311042241439274","0.00324851395583181","0.0147422817372034","-0.00695224228880686","0.0108866189375805","0.0141814898467416","0.016966121305833","0.00248486597115816","0.00197323371552069","0.0026711446813393","0.00346277661410899","0.00292762702436445","0.00305901781635887","0.00274009572798295","-0.000815180512030399","0.00235786871491026","0.00181132208559902","0.00391093518966579","0.0000957980957684052","0.000542195398564054","-0.0110433485989621","-0.0169091390558282","-0.00232044520305053","-0.0138477825537695","-0.069422221886402","0.102794318052183","-0.107399252347674","0.0371883253823038","0.00773569997485524","-0.0371559768880907","-0.062104210491766","-0.142851124573324","0","-0.0311951900779386","-0.00430435611833957","0.00647861386106818","0.00193986481782657","-0.00343521053014939","-0.00856718086810537","-0.224285755892986","0","0.00315613015675886","-0.0198653032490501","-0.0497662930607667","-0.04","-0.05","-0.00385497523396339","-0.00077199767640046","0.0000544382896183748","-0.000221620389480037","0.0686","0.000600000000000045","-0.1111","-0.0921000000000001","-0.0319","-0.0209361664599292","-0.0233655529951076","18.06999969","0.0177017521878344","-0.012017828426961","-14.89096","0.189800000000005","-0.256999999999991","-0.340590000000006","-0.000861797038200136","-0.000404568802156897","-0.0413183792977281","-0.00226671800869038","0"
"252","2018-12-01","0.00357497898127157","0.0039631710575101","0.00257898273181834","-0.1","-0.0238854849893571","-0.0145281005629094","-0.00860837453659968","0.0361485141163111","0.299999999999997","0.0028051364553896","0.199999999999989","0.0275627945913399","0.0999999999999996","0.00526442948298023","0","0.00269179166571165","0.00379507096855125","0.015848192240024","0","0.00205128277055788","0","0.00587660848898519","-0.00116890720498208","0.0363676441708747","0.0157483569681389","-0.0197245053477779","-0.0167695377530439","0.0193139050825275","-0.0167953563088412","-0.0438026226583927","0.00960622180544046","-0.00468824112345523","-0.0223294763980881","-0.00857760798804108","-0.062698594215564","-0.062870464036874","-0.0121757351658145","-0.0010509722459755","-0.0147061473896954","-0.00574714225556772","0.00685521107905274","0","-0.00625002034517141","0","0.000975134158205826","-0.0115235183154896","0.00196630406896059","-0.00149615432436612","-0.0000288117166089563","0.00116774358279723","0.00120291853525127","0.00192273731283562","-0.00143458450517659","0.00232934977293334","-0.000227592309519398","0.00301591781624873","-0.000826416406101734","-0.0023446827034999","0.001228921379425","-0.000452203623484789","0.00246824010026065","0.0000588897162992081","-0.0496655577569136","-0.0743224178020334","-0.0158221101487772","-0.0154002535511317","0.0171162691844664","-0.06724247720142","0.135513553828513","-0.265239600192584","-0.0418132386126526","-0.0260313344904421","0.00456621797958157","0.0111733005981254","-0.0620460861638126","0.0166362432023721","-0.0202656427580266","-0.00146873098693456","-0.0199294852365997","-0.0280732285284131","-0.0187784252048834","-0.121186504288283","0","0.00194642371937803","-0.0214959165972388","-0.00800758657431722","-0.0100000000000002","-0.02","-0.00170278442942617","-0.000403000098852857","0.00798824959048616","0.00878187342215497","0.0294","0.000900000000000012","-0.1159","-0.1416","-0.1668","-0.0395549340510417","-0.0544115460788017","25.42000008","-0.0962652197660621","-0.0684703014513697","44.53744","0.0897999999999968","-0.300300000000007","-0.277469999999994","-0.00328510177317339","0.00268930876199207","-0.103820870165876","-0.00151400483121567","0.00186393343806301"
"253","2019-01-01","0.000304961729668207","-0.00244598572825971","-0.0051646338168414","0.1","0.0126423934151765","-0.0246926125903721","0","0.0233928795747058","0","0.000639201324515781","0.100000000000009","0.0184200098108596","0","0.00514188906642143","0.00623054975063608","0.00536194314138516","0.00378072283990605","-0.0142520227072014","0.00859850525523154","0.00612872194137282","0.00188146809970569","0.0019512201312617","-0.00940077428470509","0","-0.0645385211375711","0.0294427548166993","0.00674159856691947","0.00318302656012115","0.0188750797620916","0.0579872576503497","0.0301341068440744","-0.034420223886479","0.0348688256508236","-0.0151901654939754","0.0747800151897682","0.0553295820522619","-0.0221651838280064","-0.00105207795080364","0.00646056700294384","0.0237315361108204","-0.00513699759791564","0.00722677038612751","0.00208768343048416","-0.00324851395583181","0.000974184197843897","0.0503174615449593","-0.00295136080295233","-0.00204765364191495","-0.0122022894695171","-0.000861429708426195","0.000630062316034141","0.00144846104860355","-0.00339738709700494","0.000684357770677147","0.00292688973100042","0.00237522370758131","-0.00165239686445446","0.0004980301856101","-0.00123737748497662","-0.0004631705608823","-0.00245034415697073","0.00127172430374776","0.0335686307147398","0.0913927648433805","0.0777568374779687","0.128095670932085","0.122612064075897","0.0661206147923554","-0.00396825917562005","0.0726936799240194","0.0459146065999825","0.107929767784741","0","0.0505522791628312","0.0225044659103819","-0.011060020574936","0.0135417112860576","0.00866363786933422","0.0151612642819285","-0.0114785050188368","0.0187784252048834","0.0351153660762851","0","0.00411338567252528","0.0335497837342356","0.0105448589083625","0.04","-0.01","-0.0030690503278219","-0.00288205858935697","-0.0110125005776993","-0.00136569062778591","0.0143","0.00270000000000004","0.0401","0.00960000000000005","-0.01","0.0401511011133415","0.0668335311343338","16.56999969","0.0757421519767538","0.0703774685877327","-28.03034","-0.343899999999991","-0.281009999999995","-0.183920000000001","-0.00223075552981343","0.00394266505877321","-0.0434796432406661","-0.00227531383713497","0.00371747640013265"
"254","2019-02-01","-0.000610016489362764","0.00523409162359734","-0.0209294755434897","-0.2","-0.0101010959865038","-0.150822889734584","-0.0057803629154991","-0.011628037995119","-0.0999999999999943","-0.00188834460522891","-0.200000000000003","0.0200123251492768","0","0.00587122898690939","0.00310077767824835","0.00533334597536239","0.00376648279547709","0.0158231149392423","0.00341880674878503","0","-0.00188146809970569","0.00389105549296698","-0.00236406729488081","0","0","0.00770716724493781","0.013348362823427","0.0105375053027856","-0.0181696123606994","0.0171862447054103","0.0147332315129836","0.0106435450841165","0.0144332402446574","0.0273201750863841","0.0194600735547121","-0.0403315064748266","0.0298723510729442","0.00420168685370026","-0.00461042771478226","0.00374532273016204","0","0","0.00520021972710705","0.0043290110895855","0.00291687129512308","0.0121004701368639","0.00098505673399174","0.00759421169344243","0.00762459040245211","0.00162328853176843","0.00161043725881946","0.0022840305393909","0.00245306856962908","0.00286196483816329","0.00034517733347988","0.000898758380536502","-0.00135824357254913","0.00091212251959973","0.00283766311179718","0.00443242910066157","0.00184818789597402","0.000563907948222714","-0.00585948969869676","0.00490440100259626","0.00873325086100252","0.0253204070036794","-0.0543286640624796","-0.0712303343559473","0.0192957355067209","0.0645074415894653","0.0230476552969812","-0.0285166989050705","-0.0538141528139082","-0.123521299029423","-0.0440725197877034","-0.0196543528398898","0.0127330908885712","0.00221239028294073","0.0153707299139356","0.0227231101156793","0.00895136774132382","0.0737953255981036","0","-0.000163665377410638","-0.0302179641789202","-0.0149157195833052","0","-0.02","-0.00308702667486216","-0.00172107813800082","-0.00947554105812998","0.0024553253219679","-0.0425","0.000799999999999912","-0.0564","-0.0831","-0.0629","0.0163826371752496","0.0247866972430444","14.77999973","0.0292955531541086","0.0337215819611534","-17.5255","-0.598800000000011","-0.127409999999998","-0.0858200000000124","0.00214115327186181","0.00238667165032941","0.0329168125342987","-0.00304182744048465","-0.00278681090718003"
"255","2019-03-01","0.00204209217706186","0.00231749814036242","-0.0274724144995346","0","0.0113565889323359","-0.0175957618903793","0.00289435802636451","-0.0176995770994015","0.0999999999999943","0.00182748588872172","0.0999999999999943","0.0187705001265019","0.1","0.00169811361560246","0","-0.00266311741948355","-0.0132452267500209","0.00156862777262656","0.00170503025108459","0.0040650462481695","0.00375940292390542","0","-0.00593473551981472","-0.0363676441708747","-0.0512932943875501","0.00383142231155631","0.00770504637440528","0.0299454486988795","0.000704970067969768","0.0116465053863237","0.000913659268674927","-0.0263301412518162","0.00510465631168255","0","0.00640343703520685","-0.0878077455910873","0.00255591193454396","-0.00104876779408425","-0.00185013928816158","-0.00750472565406746","-0.00602670786686055","-0.0054151756877765","0.00826450984989346","-0.00324500014332685","0.0115831410896305","0.00520932247532535","0.0127137444894503","0.00979367642029594","0.0109536812543922","0.000805040069752097","0.00168164625170957","0.00049073230799237","0.000435784030688682","-0.00320362022851961","0.0042718036438491","0.00213447278027082","-0.000145888395365831","0.00031011944584536","-0.000369064504197888","-0.000250123690824989","0.000541563523511214","0.000358373923615447","0.024174864457132","0.038341176216468","0.0167480069638248","0.0245302559964209","-0.0754008677822817","-0.0495739577703915","-0.0858774293131983","-0.139342449954828","0.0257355480168222","0.0299952860678285","0.0785623225031022","-0.012024192966801","0.066081661279493","0.0325458757582942","0.0142523906614356","0.0232802581598766","0.0155672087741204","0.0177652411481057","0.0113055974639493","0.0335158195878931","0","0.00314586292819286","-0.0110350001786799","-0.0311590156327313","-0.02","0","-0.000196170357240177","0.00411666953855416","0.00121614690154104","0.00153302415455236","-0.0341","-0.000799999999999912","-0.0284","-0.0490000000000002","-0.0698000000000001","0.0227463589686288","-0.00333693388813927","13.71000004","0.0177655108531232","0.0134188852012511","-0.76737","-0.615299999999991","-0.00987000000000648","-0.0196599999999876","0.00309432080895209","0.00227611361978369","0.0356649014219567","0.0106061600294112","0"
"256","2019-04-01","0.00118676316705368","0.012422519998557","-0.00067957868738322","0","-0.0292828052004879","0.101209901931513","-0.0204386676772748","0.0293276150945205","0","-0.000213034679807933","0","0.0187952608444357","0","0.000282738798358828","0","0","0.0169975763685715","0.0186340795448929","0","0.00202634314523298","0.020427822690098","0.00387597384469274","-0.00597016698650421","0","0","-0.0222338786732417","-0.0471467784257023","-0.026805728694212","0.0174646422927296","-0.0452176059932929","-0.0110193952496109","-0.0199607425625379","-0.0352368060994435","-0.0114123920517448","-0.0512932943875501","-0.0459738659763147","-0.0147865117712991","-0.00104986886283687","-0.0121100688165123","-0.00471921593164648","0","-0.00362647722917409","-0.00619197024792051","0.00108283713883139","-0.0038461585874785","-0.0947916295857647","-0.00291976496767443","-0.00306245909509073","-0.013956729595332","0.00253538584114363","0.00202667780400528","0.00105096767939982","0.000282941340288588","-0.00283652462977949","0.000216925969443849","0.00372942881664544","-0.00102663237682027","0.0103079755803325","0.00736606404074616","-0.0000486729948764571","0.0195206901202148","0.00179069082766299","-0.0685972374783006","-0.152817960518766","-0.10771512629524","-0.15871347145444","-0.283608747064145","-0.0369307468816089","-0.50292379063751","-0.0107759663444922","-0.132756052380316","-0.0982854209297841","-0.0202027073175195","0.190353728491218","-0.0206192872027353","-0.015675747454809","-0.00607352670554651","-0.00901781123931233","-0.00429997222571779","-0.00592157719571684","-0.00984703197295755","0.0741403704366164","0","0.00192892035773795","0.0323596365230099","0.0583013751983454","-0.0299999999999998","-0.04","-0.000225216900181735","0.00025362230387671","0.00256568353531783","0.00570884771370928","-0.017","0.00279999999999991","-0.00520000000000009","0.000600000000000156","0.0259","0.0222969844634218","0.0363295726060571","13.11999989","0.0385603974964157","0.02246612499329","-15.17989","-0.605900000000005","0.15316","0.0180699999999945","0.00374208719065969","0.00156839916528187","0.0288949359634358","0.00526119214336163","0.00185873659462565"
"257","2019-05-01","0.00246032472804636","0.00399293212045926","0.00203735214784384","0.1","0.0280273122546557","0.0520951118834017","0","-0.0233928795747058","0.0999999999999943","0.00234088908634789","0.200000000000003","0.016081210320368","0.1","-0.00245306283969793","-0.00621120009264065","-0.00534760632659559","0.00560225554866989","-0.00462606838878177","0","0.00404040953700502","-0.00368324541629583","0.00770716724493781","-0.0156913297946755","-0.037740327982847","-0.0357180826020791","0.0126276568678012","0.0438518825288492","0.0318793062949139","0.0164838897216892","0","0.000922934998601299","-0.0121705356202551","0.0115365726284162","0.0212925006514517","-0.0101295182388554","-0.0212451086137362","0.026207955726659","0.004192878260036","-0.0189220404312165","0.013158084577511","-0.0112897421446005","-0.0027285146532039","0.00103466124077567","0.00647251450561814","-0.00870832789178433","0.0175060345265043","-0.00782767545281526","-0.00532480400404722","-0.00688117349115736","0.00189783424062261","0.00159425385779635","0.00130318465264594","0.00396897565769317","0.00147676596135744","-0.000242544980785747","0.00066095229803149","-0.00036215660605594","-0.0019770174911962","0.00312007528923004","0.00402945108313389","0.000812151620388798","0.00512674417434239","0.0285492537598184","0.0273803397142576","-0.00933907099949671","-0.0244260381285581","0.19315918427807","0.207813901870386","0.290664269206297","0.243519591387721","0.060905139841557","0.000872879685321237","-0.0322608622182212","-0.162518929497775","-0.0253178079842904","-0.0282770960968612","-0.00796532849188836","-0.00927345873293917","-0.0107444062820489","-0.0297928277880262","-0.0150715841261782","0.00126271500467645","0","0.00201550105511039","-0.0147176628075076","-0.00544612283964163","-0.01","-0.01","0.00325275376504131","-0.00312253711885901","0.00301289885248579","-0.000695081819582555","-0.0211","0.00130000000000008","-0.0555","-0.0606000000000002","-0.0974999999999999","-0.0360681153248468","-0.0440590791596627","18.70999908","-0.0680408938928245","-0.0632754295373741","-17.89764","-0.560000000000002","0.228830000000002","0.0341399999999936","0.00309339045691584","-0.00286204756972466","0.0243109351226342","-0.0060150557297618","0.000928074312554372"
"258","2019-06-01","-0.00173070835227307","-0.0124879895218051","-0.0212555139754107","0","0.00125549294583216","-0.0102041701742417","-0.0329864989963058","0.00589972212718859","-0.0999999999999943","-0.000637881041631871","-0.0999999999999943","0.0266250661853835","0.1","-0.00463950081840458","-0.00312012733624378","-0.00268456537066841","0.00557104504945549","0","0.00170212807053005","0.00603016902659093","0.00184331849428876","0.00574164256767506","-0.00121728560375178","-0.0392207131532816","-0.0183491386681967","0.00192864090640565","0.00439078641749013","-0.0308349197770079","-0.00752140297925674","-0.00552182518430833","0.00735297430525872","0.0131780923805547","0.00312337578226796","-0.0518848353690116","0.00338791967193597","-0.0920435374548081","-0.059127320618618","0.00729549874672397","0","-0.0160003413464409","0.00435730536895562","-0.00364963908754934","0.00412797283803101","0.0106952891167476","0.0125544864792628","0.0105123243504162","0.0126889277449909","0.0133385435682509","0.0242920096176249","0.000638021957036668","0.00106786247468454","0.000907389199657969","-0.000698787577377158","-0.000830959544500917","0.00304790403154563","0.00202694556190949","-0.0000955464975517534","0.00115687001549723","0.00174676358127809","0.0018325417309914","0.00112956080105862","0.000994853562799759","0.0357470227263725","0.0480329173159397","-0.0150247672365982","-0.0297581806843663","-0.309038545268552","-0.135573475494571","-0.539071572989769","-0.344316082788684","0.0273706732357866","-0.00443046078563825","-0.0285054929979269","0.0459851132418239","-0.0451642670541288","-0.0193056188941538","-0.0207271680592225","-0.0254350326677876","-0.0223758454550416","-0.0299376274754772","-0.012696095303326","-0.104862104333571","0","0.00245288246349595","0.0148104687966537","0.0156046240965058","-0.02","-0.01","0.00189350817956502","0.00445589659917012","0.00263003438794129","0.000852819133742244","-0.0206999999999999","-0.000900000000000012","-0.1905","-0.211","-0.1685","0.0333357349285848","0.0255943251830786","15.07999992","0.0666583014950808","0.0196850336339627","9.23374999999999","-0.335979999999992","0.080600000000004","0.0262400000000014","-0.000287662952256559","0.00217763929029678","-0.037952273001759","-0.0060514556833553","0.00462749553204755"
"259","2019-07-01","-0.000942521466528845","-0.00601296908823201","-0.0181823190831905","0","0.0198764307575949","-0.0689928714869517","0.0151288815962998","-0.0732034040232952","-0.0999999999999943","-0.00118571681343838","-0.100000000000009","0.0146271001550442","0","-0.00370810978728286","-0.00312989300892763","0","0.00369686188132601","0.0138144944431877","0.00169923575295972","0","0.0109891215755953","0.0019065782705816","-0.00733499621156497","0","0","0.0038461585874785","-0.00880093689504235","0","0.00205690850717755","0.0208226701396086","-0.000916170471779942","-0.0348395891617344","0.00518404478758772","0.0146845516829206","0.0266979149503781","-0.0192422462223947","0.0172532481475596","0","-0.0320260267194081","-0.0114505067879955","0.00173761989854082","-0.0082607170073663","0.00616018375145799","0","0.0105012898206631","-0.034078055099684","0.011572189865479","0.0109902543980542","-0.0104348853341563","0.00285957045155368","0.00107195412883057","0.0023278985639467","0.00376205333180822","0.000631861458770359","-0.0000491308339389375","0.0019906871366732","-0.000335990522374239","-0.00632379522949202","0.00030469715094343","-0.000582012451007767","0.000309266062334898","0.000608958220687686","0.0260267714735019","0.0391169946302909","0.0169427536692925","0.0226853971970211","0.462750304832594","0.0272874396587675","0.828197689013784","0.309755407723216","0.000291057267570949","0.0362027889978567","-0.00241254640538369","0.220893831580194","-0.0195642056463647","0.0849787733384861","-0.0147682910592364","-0.0305565099722103","-0.0095780170970404","-0.0150943099220555","-0.0167015175313619","-0.00468238720334924","0","0.00036021108758888","-0.00297407202084443","0.00944658236337226","-0.04","-0.0299999999999998","0.00547059109003101","0.000898806938842256","0.00296649559408735","0.00501155552782606","-0.0118","0.000499999999999945","-0.0817","-0.0886","-0.1324","0.0188384896792559","0.0104477160597138","16.12000084","0.0130427248169456","-0.0244296133571096","24.19648","-0.379600000000011","0.0409999999999968","0.0144000000000091","0.00298046618787618","0.000222193886199912","0.022040563610904","0","0.0018450189735697"
"260","2019-08-01","0.000638579334770739","0.000463821900707373","0.0154064671966871","0","0.00979199990461765","0.0586835018280905","-0.06834957780121","-0.0321571116345316","0.0999999999999943","0.00106416951619792","0.100000000000009","0.017601356126689","0.1","0.00370810978728286","0.00312989300892763","0","-0.00184672259316532","-0.00918842605440595","0.00676821534613925","0.00200200267067263","-0.00364963908754934","0","0.00367422336188383","0","-0.037740327982847","-0.00674051661384301","-0.013348362823427","0.00520563382726547","0.00410116774421443","-0.026375155254394","0.00730596857055144","0.00727275932908","-0.0135348240050073","0.0194881663796513","-0.0357579995747805","-0.0384438721152875","0.0156661167443994","-0.00207900282783324","0.00785858661252092","0","-0.00609492526749644","-0.0018450189735697","-0.0123585507037971","0.00106326432133041","-0.00858374369139092","0.123934525309925","-0.00769959855005276","-0.00641911821761454","-0.00459894561546825","0.00164281154845337","0.00117986229200612","0.000652216944726111","0.0002116119622001","-0.00201926659792297","0.00280219940559471","0.0028344849129888","0.000397150329988303","0.00754278646923613","0.00558117744518748","0.00312245430197552","0.00535854296361189","0.00147668219060683","-0.00807467217761371","-0.0147309004408829","0.014747613499356","0.0246362016306811","0.0511136805568029","-0.0893937485750378","0.103114784556209","-0.0862524243078502","0.0360116071964427","0.0544971496271138","-0.00970881412696034","0.014903405502575","-0.0122325684356346","-0.0198921568185995","-0.0153864386694043","-0.0127492257478499","-0.0175116755496238","-0.0441975627764402","-0.0255049562463623","-0.0794171211658021","0","0.00894105571167891","0.003693026552817","-0.0180436610443966","-0.04","-0.02","0.00880977562822949","0.00494982528201682","0.00518287753483726","0.00675042502205159","-0.00639999999999996","0.00109999999999999","-0.1789","-0.2528","-0.2748","-0.0447728173102391","-0.0139735860010468","18.97999954","-0.018257281784817","-0.0387896318398462","47.30551","-0.351009999999988","-0.186700000000002","-0.000700000000009027","0.000120117438405713","0.00387291677646919","0.00292867364294499","0.00227358945987266","0.00276116144132832"
"261","2019-09-01","0.000334331264607357","0.000579475011869945","-0.00348068572780225","-0.1","-0.0461140891020202","0.0603197902335229","-0.00322061470004176","0.0258078839558724","0","-0.00045593398865762","-0.100000000000009","0.016958947500247","0","0.000379542655661425","0","0.00268456537066841","0.00552996800946115","0.0137511716128245","-0.00168776411372029","0.00199800266267314","0","0.00380228594973886","-0.00613122705493652","-0.0408219945202548","-0.0194180858571018","0.0172418064345061","0.013348362823427","0.0256292859497425","0.0368304098126959","0.0220273223182907","0.00815591290360729","0.002068253064059","0.0135348240050073","0.0460975467856866","0.0202709643736183","-0.0486714063758127","0.0523613766343161","0.00207900282783324","0.0486969718670487","0.0047869885572247","-0.00437637459979889","0.00644272822219882","0.00825598084701884","0","0","-0.077118590340107","0.000965143481289843","-0.000171118057831876","0.00143974169149352","0.000889213166914591","0.000743185755001248","0.000765945844687443","0.00140907731360056","-0.00122841420049846","0.00198092349530736","0.000776888155665501","0.000409115889302342","-0.00665317551982754","-0.000338396308818474","0.000773427996955438","-0.00219681778506571","0.00329617062704629","0.00280458588260046","0.0178537760220276","-0.00021276595824915","0.00666940567130503","0.0736690655118704","0.0516591406142695","0.121208707897849","0.0490867409907052","-0.0199893244900178","-0.0625306845725255","0.0145281005629094","-0.125952408977614","0.0228146777661715","-0.0175039015288716","0.0228090236295753","0.0141558247627517","0.026911503052465","0.0278249913345396","0.0162392895056207","0.0622174861226386","0","0.00163612529002855","0.00381032177650376","0.00296453366928517","-0.0999999999999999","-0.04","0.00378954104896856","0.000282178999611915","-0.00499043931601406","0.00555027884469439","0.00580000000000003","-0.000299999999999967","0.052","0.0205","-0.0367000000000001","0.0271316019600185","0.0276191205999581","16.23999977","0.017035250490979","0.0352958818083096","-31.90189","-0.475940000000008","-0.0425999999999931","-0.00153999999999144","-0.00126861904554891","-0.000850308688370555","-0.0013600122392003","0.00302343389799731","-0.00368324541629672"
"262","2019-10-01","0.00297366404342725","-0.0018555032576284","0.0220698612870311","0","0.023945693596354","0.047628048989254","-0.049596941139372","0.0126583968719238","0.200000000000003","0.00267185002280357","0.200000000000003","0.0233850643042528","0.0999999999999996","0.000379398657686103","-0.00312989300892763","-0.00537635703638006","-0.00183992692200707","-0.0137511716128245","0.0033726844786397","0","0.00182648452603473","-0.00189933580365231","-0.00493219248931887","0.0800427076735364","0","0.00945186620797234","0.00989562775422392","0.0240011520995429","0.0272390381621843","0.00651468102119335","0.00450248396831565","0.0275106498820152","0.00515730900714484","-0.0304943933540676","0.00111420624340397","-0.00374766210024013","-0.0407707768194063","-0.0010389611324193","-0.041871006796649","0","-0.00704228262541307","-0.00921665510492353","-0.00308801068857623","0","-0.00576370471675069","-0.0629802846829426","-0.00775182831744026","-0.00725114835038809","-0.0129117725822461","-0.000808775282712503","0.000253355299426499","0.000535272974825692","-0.00572203924989522","-0.000482641940138489","0.00146112574505276","0.00167069366707412","0.000479792764390308","0.00168185257243482","-0.000879454543491593","-0.000762726342989165","0.0013716798418767","-0.000343089790931624","0.0187381197495853","0.0473881737232418","0.025603037012166","0.0419660520163117","-0.0213637691503958","0.136230449593688","-0.0456817926185042","0.268800553651605","-0.0135517103118676","0.0705026655676999","-0.0342331716422422","0.0680976162794398","-0.0258963443035798","0.0265948732301231","0.020714842377771","0.019367548426778","0.0191507419175329","0.0297089232679939","0.0234401356241318","-0.0509331558559545","0","0.00238918972445568","0.0183229633381359","0.0022025776034873","-0.0800000000000001","-0.0800000000000001","-0.00208564455599713","-0.0045479965816746","-0.0051367351161371","0.00200068157815103","0.0133","0.001","0.00269999999999998","0.0392","0.0581","-0.0169534374869826","0.00424448093091634","13.22000027","0.0202258423657948","0.0343998423087526","5.42533","0.135919999999999","0.0981999999999914","0.0457699999999903","-0.00185942316222355","0.000118110998861612","-0.0372526069804233","-0.00681562653505985","-0.00184672259316443"
"263","2019-11-01","0.0015742790330151","-0.000464414265863411","-0.0347016081929317","-0.0999999999999996","-0.0458679125795056","0.0365337433324564","-0.00680274732275254","0.0248459985865308","0.200000000000003","0.000969814598985153","0.100000000000009","0.0171867721756662","0.1","-0.00294411153348229","-0.00313972000466789","-0.0054054185669079","0","-0.00462606838878177","0.0033613477027048","0.00199401860686432","0.00182315456151461","0","0.00246913705692187","0","0.0384662808277962","-0.00188323972796489","-0.0356385154473591","-0.0149330798855729","0.0345837671969607","-0.00433840159859766","-0.00179856163591463","-0.0621962078699054","-0.0134647295770005","0.0507653577276868","-0.00111420624340397","0.00499376818048702","0.0590416870269319","-0.00521105921275211","-0.00976570261132448","-0.0290718148219771","-0.00976483569096853","-0.0168071183163816","-0.00516797015844261","-0.00319319057915557","-0.00289435802636451","0.0448045610642014","-0.00389811636830295","-0.00191599641246398","0.000631247613577912","0.00254087803270886","0.001555321478183","0.00290075798522127","0.00455176853933532","0.00339216395890108","0.00510475294932989","0.00196761089046054","0.000371418811448284","0.00306184777429639","0.00318580583360158","0.00445555950056089","0.00253241727185393","0.00271820264525738","0.0197219136601507","0.0377582132900223","-0.0915398470709476","-0.137028924188003","-0.0117290658271099","-0.139943899629184","0.0224582262373296","-0.258362519240275","-0.0541277016051129","-0.127176708704276","-0.147127308672162","0.161734923185566","-0.116048429844175","0.0197139000879236","0.0174772774318237","0.0219359044572407","0.0190481949706945","0.0252865209222772","0.0184885799115484","0.0569630059253061","0","0.00125237612517815","-0.0229759828795615","0.00400048659617447","-0.04","-0.0600000000000001","0.00517412188370692","0.00473757943622033","0.00621128101082746","0.00830390376142986","0.0104","-0.000299999999999967","0.1157","0.1277","0.146","0.0181812185196399","0.038751857640019","12.61999989","0.0334802657884001","0.0122214028207641","-27.97021","0.342320000000001","0.302000000000007","0.139140000000012","-0.00257789426284614","0.000549281369406077","-0.0150320969996725","-0.0458689032950153","-0.00185013928816158"
"264","2019-12-01","0.001390568543302","-0.00104572135248482","0.0306004404487172","0.2","0.0765263530180036","-0.0648375194953079","0.0401391675903442","0.012195273093818","0","0.00187634349756571","0.0999999999999943","0.00638979809877149","0","0.000095106757407315","0","0","-0.00184331849428876","0.0015444018513735","-0.00167926151971987","0.00397614837963989","0","-0.00190295014608655","0.0012322860462648","0.037740327982847","0.0550597771830277","0.000942063187901354","0.0123945248697082","0.00600001800009764","-0.0263008272006129","-0.0142312199279493","0.0275206005763255","0.00106894718890516","0.00830742056985567","-0.0127904806643695","-0.022548869686613","0.0497977806491958","-0.0164287236257552","0.00417101751733817","0.0126769128187831","-0.0049285462011488","0.00356189156636066","0.000941176540063537","-0.00207468954086032","0.00849262004565343","0.0086580627431152","0.00744593135431071","0.00875082518848469","0.0108085815066534","0.00535800897384497","-0.000633602482027164","0.000470941270978703","-0.000412416136999547","-0.00142602767091528","-0.00183694897105221","0.00247739968715964","0.000286814484093353","-0.000291521360617494","-0.00335373436559714","0.00101692353321079","-0.000064528050691285","-0.0003944463541198","0.00237707438250561","0.0443646002274516","0.0652969402371539","-0.00391423357427989","-0.0187041615968813","0.0751062564356602","-0.0032606193005762","0.0446896262760532","-0.00180750162178978","0.0358914497760434","-0.0473934844352808","0.0829204075011516","-0.0491902441907719","0.042415178800721","-0.0688661207421211","0.0128582137422777","0.0122393415036346","0.0111723476721901","0.018635257213484","0.0167799503621459","0.0615083058127528","0","-0.00445260674470482","0.0241242534234125","0.0141138135744736","0","0.01","0.00178403587491083","0.00530196058262078","0.00172081674834779","0.000877322824360149","-0.00480000000000003","-0.000400000000000067","0.0637","0.0658","0.0709000000000002","0.0314045151318716","0.0501698225609992","13.77999973","0.0281887563558882","0.0349132336192541","13.39064","0.156649999999999","0.337899999999991","0.237349999999992","0.00274395123889226","-0.00109665937345379","0.0105686927714745","-0.00718565966087414","0"
"265","2020-01-01","0.00235351022882035","0.0117879557520428","0.0136056520557784","0","0.0309180394033106","-0.0291282729230238","0.00327332534496882","0.0298529631496818","0.0999999999999943","0.00217457047334868","0.200000000000003","-0.00898973456495433","-0.1","0.00171037669974172","-0.00314960890289617","0","0.00735297430525872","0.00308166653740827","-0.00168208618298493","0.00198216120399142","-0.00182315456151461","0.00947874395454384","0.00858374369139181","0.0363676441708747","0","0.0168071183163816","0.0319586426800944","-0.000997506317125918","-0.0179262162681519","0.0304040791735503","0.0113192327399378","-0.0259754864032606","0.0255246118315791","0.0207851934660779","0.0424170729033388","-0.0485532254169909","0.0188398158124867","-0.00417101751733817","-0.0136587489310402","-0.0119285708652734","-0.0116228398279929","-0.0113530074649963","-0.0010389611324193","-0.00423729447551491","0","-0.0397788452433776","0.00289911949725852","0.00170585652975674","0.0139018325789166","0.00374097596687306","0.00186503415509357","0.00306821972710274","0.00304747550376612","-0.00060024128892729","0.00475644095197434","0.00382810632720617","0.00173200666746046","0.0123423906176296","0.00223571229887372","0.00255731059846754","0.00444991522652326","0.000267122130352369","-0.0757309428193889","-0.155975068618185","0.0363676441708751","0.045313688822235","-0.191033902746687","0.0111352836321856","-0.252106193959641","-0.0639657920679735","-0.0345899145465651","0.0223145633931026","0.143100843640673","-0.0576528514272772","0.0995295953470334","0.037317763007195","-0.00353350844887679","-0.00901929246974953","-0.00101824361788891","-0.000691426963383535","-0.00229252736811891","-0.0545714972935443","0","0.00280909690459374","0.0271481577834898","0.0282193837192146","0.01","-0.01","0.00826246610613524","0.00494803583214498","0.0046169797888993","0.00875456212936498","-0.0523","0.00120000000000009","-0.0967","-0.1073","-0.1348","-0.0336841274176169","-0.0343958467043031","18.84000015","-0.00162941936522643","-0.0437588280142545","-36.76456","0.0677600000000069","0.120699999999999","0.33287","0.000976933046813066","-0.000814945536870277","0.0107704258457085","0.00240096153753822","-0.00185356864932285"
"266","2020-02-01","-0.00619739879776837","0.00057428359701639","0.0220523470301952","0.2","0.0468925244862852","0.0098040000966213","0.0162078102268532","0.0289875368732524","-0.599999999999994","-0.00544531839218898","-0.400000000000006","-0.00138397058765438","0","-0.0234378224607319","-0.0158985860677983","-0.019152432214756","0.00182982667707599","0.00613498856751615","0.00503779402995708","0","0.00182315456151461","0","-0.0297419691987377","-0.0363676441708747","-0.0741079721537221","0.0192578166044139","0.0043290110895855","0.0119049025063189","0.0160208489086058","0.0377799390026379","0.0180185055026785","0.0334262925591258","0.0219350768662556","0.00990433979513572","0.0459237126953385","0.0354343729878766","0.00779614143612584","-0.00209205097222398","-0.00196656897204051","-0.0356271776431516","-0.0135810145352968","-0.0211546350429019","-0.00939954701150381","0.00317965291737998","-0.00576370471675069","0.0226801980437381","-0.00775182831744026","-0.00850478860112602","-0.0135788717712817","0.000690193145428698","0.00113227951955243","0.00255457702660664","-0.000221301784781216","0.00379249401791934","0.00225354240407777","0.00264750350587088","0.00105575510719355","-0.0000731369104091514","0.000651222230868747","-0.000716369687359599","0.00278896865180818","-0.000246590598653881","-0.0587915175710947","-0.0924416127085461","0.00369249772672653","0.0198322453430659","-0.043370627162","0.0355049000968091","0.0342579238111531","0.19239600036072","-0.00460123511171773","0.00645143707928142","-0.143100843640673","0.168878486537502","-0.0978698439286685","0.035975102458278","0.00464617302040793","0.00588631241811166","0.00870636495690222","-0.00191792102119059","-0.00875985315674088","-0.134137568905671","0","0.00118626347624229","0.0199043395925198","0.0297518241509689","-0.01","-0.01","0.0114871330817188","0.0100537303140271","0.00891505617026667","0.00351424186605875","0.00890000000000002","-0.000900000000000012","-0.0516","-0.0905","-0.1284","-0.0993847605651741","-0.0896276575889701","40.11000061","-0.0878595369532214","-0.107951021322726","5.61353","-0.585570000000004","-0.348399999999998","0.421210000000002","-0.0025395338343779","0.00331031397852734","-0.072662295653969","-0.00400481111951301","0.00185356864932285"
"267","2020-03-01","-0.00477240817643754","-0.00818589917209422","0.00658763910680626","0","0.0166208812360402","0","-0.0838011013593816","-0.160839667978055","-0.200000000000003","-0.00340322419015493","-0.299999999999997","0.00195328457968902","0","-0.0670232201164112","-0.0628305787924148","-0.0597617345422545","-0.0334603705636818","-0.0216391751034815","-0.00841047850859677","-0.00198216120399142","0.00181983671698571","-0.0171269647928005","-0.221572459082169","-0.251314428280906","-0.23767165187712","-0.0773971034999548","-0.193616203361723","-0.0897046185852739","-0.0134402023151141","-0.0485327307788994","-0.064992138745712","-0.341788570248446","-0.101641819476998","-0.108870830802571","-0.0350540404584345","-0.0580768497376365","-0.124526149541273","-0.0829264427955527","-0.376843217377903","-0.0753043830641307","-0.145979958020209","-0.147370992841879","-0.106176985056423","-0.062213184501573","-0.0646669815398289","-0.489774121108033","-0.0498604979743877","-0.0731678390393","-0.227490417983502","-0.00112746809109336","0.000316076736422739","0.000510320995296188","-0.00331869022226252","0.00260411697784046","0.00220670735303932","0.00214804799014363","-0.000621114604717555","-0.00587543720489047","0.00193105300297384","-0.00116952021549538","0.00347436488036267","0.00304603749373088","-0.0521416502613548","-0.070753786777157","-0.106129614669637","-0.0960387137077916","-0.0314925179622119","0.0352909180564911","-0.0322796837990467","-0.0535149120514511","-0.135179835219907","-0.0978489214866372","0.117488267783947","-0.0593722734999691","0.0993724738132036","-0.0581982392429881","-0.0455707313405433","0.0024955760028228","-0.0597360670264192","-0.0689887131314642","-0.046847158376804","-0.553213402115973","-0.4023","-0.0172519998711831","-0.232233577409492","-0.242319323941262","-0.01","0","0.0551393938091174","0.0464964251170485","0.0521398729740223","0.0325930392014069","-0.214","-0.3912","-0.1913","-0.1721","-0.1494","-0.167382084148652","-0.246937309039202","53.54000092","-0.133667724728548","-0.204546236735933","156.53359","-1.70464","-1.03958999999999","-3.26425999999999","-0.00519967536267384","0.00131059782544629","-0.137915952694025","0.0175024356497726","0.00185013928816158"
"268","2020-04-01","-0.00335734657931219","-0.0181069137129111","-0.00791039062242227","0","0.0720650705239221","-0.211022190781865","-0.0800427076735364","-0.167664398993981","-0.200000000000003","-0.00179743837331081","-0.200000000000003","0.530374731079372","2.2","-0.0960275436789111","-0.092923950616818","-0.0920895651042826","0","-0.10189430768134","-0.0378702740554093","-0.0281708769666968","0.0198026272961798","-0.00770716724493781","-0.301911561555746","-0.559615787935423","-0.247836163904581","-0.169644643975172","-0.309321247555261","-0.290923566375952","-0.01231782187135","-0.124154642652423","-0.282252194857412","-0.404719117771442","-0.231089887140612","0.0493133135405053","-0.078692268575665","-0.177751861103889","0.103396477235682","-0.199533685675076","-2.32727770558442","-0.251474057940436","-0.247704316056806","-0.352821374622742","-0.241692588953052","-0.162253993743145","-0.19702313641973","-3.17873231003431","-0.156881097882647","-0.207433732531726","-0.548948720301567","-0.00315883602022256","-0.000890485866819407","-0.00012969110280695","-0.0095271091833882","0.00647736966141451","-0.00108948450215729","-0.00124550625606908","-0.0288648734435565","-0.0114679879383896","-0.00402376931302634","-0.00954332016558698","0.00262353248152566","-0.000358798188923409","-0.0961278526062195","-0.0547562507390804","-0.248013768955698","-0.245550558557525","0.0444747545121587","-0.380769000718928","0.1515498981272","-0.300776240532005","-0.425685772615743","-0.421567309600713","-0.235602923406891","-0.161268147596123","-0.224646181198745","-0.0738199122352681","0.0176890122223528","0.0109530120191971","0.0199900518123805","0.00468667975619219","0.00371357494664609","-0.554785237054231","-0.2477","-0.040274765521378","-0.679852220956631","-1.25938675075855","0.01","-0.02","0.019791026342018","0.014124262112043","0.00710773429162082","0.0182556474298838","0.112","-0.2533","-0.0991","-0.1032","-0.0959","0.0487040660405427","0.0858314330089005","34.15000153","0.119420838841251","0.0557849023728476","-63.47037","-1.97469","-1.50006","-8.72132000000001","-0.0125702675908246","-0.000312945846691","-0.271927853018006","0.000788332717216456","-0.00277649414829284"
"269","2020-05-01","-0.00229557972347472","-0.0180806638328264","-0.00797346417014211","0","-0.00409836639228267","0.0296757681461166","-0.0746908926015886","-0.0404913613547366","-0.0999999999999943","-0.00137310266443791","-0.0999999999999943","0.239965340463349","1.5","-0.0327936362764731","-0.0304205967007118","-0.0260601066698651","0.00565505748334516","-0.00346620797648622","0.00175284882741433","-0.00204290162979959","0.0106383982050557","0.00578593706704389","-0.361844485632274","-0.538996500732687","-0.287682072451781","0.0717796823941308","0.149035579160487","0.180395701600741","0.00520495644830188","0.0708678975121799","0.115775405991895","0.368240909169033","0.100672791645447","0.0234331880148959","0.041242958534049","-0.0355799324326256","0.00182871126854423","0.00554018037561566","0.916290731874155","0.0853337253079518","0.165285369641387","0.147258853789337","-0.0456006054071079","0","0.127883432835019","1.47602154925091","0.111917748002219","0.122698189842113","0.226958845280496","-0.000872395774864275","0.000173827962600597","-0.000439076959360192","-0.00163304790705956","0.000681230486182352","-0.000432641603060178","0.000679243363181865","0.000159550550552139","-0.00859029862156153","-0.00107522928811169","0.0000358286391903668","-0.000731234592476009","-0.0010299079528216","0.00715260189338807","0.0530196184212191","-0.0183838486123822","-0.00125681984038017","0.0271938922571646","-0.0419671946401685","0.0271418906161758","-0.00911168035125609","0.0211880802639577","0.0217931231873916","-0.577688568995117","-0.26298945986141","-0.393321100853366","-0.111878124975293","-0.0123254694138719","-0.0144950997454373","-0.0126907493307689","-0.0132278734252571","-0.00890333683814412","0.46905105381819","0","-0.0224974412014358","-0.223139068305931","-0.532052462261802","0.03","0.04","0.0190920853518168","0.0170391787728139","0.0132719757291007","0.0202030229590893","-0.3206","0.0015","-0.0824","-0.0834","-0.1012","0.0305357757635587","0.0351405662103996","27.51000023","0.0442865329591493","0.0188314526943203","-15.65007","-0.442850000000007","-0.735550000000003","2.5433","-0.00322185258447359","-0.0000389038792343242","-0.0700624826482519","0.0109718969012489","0.00185185238107355"
"270","2020-06-01","-0.00177886874082134","-0.00264423230992783","-0.0114056922465657","0.300000000000001","0.0588111654771035","0.141540172235328","0.0517013743768899","0.0870113769896292","-0.100000000000009","0.00079357816330905","0.0999999999999943","-0.0248431583189204","-0.0999999999999996","0.00507046661472099","0.00769234562315591","0.013114942077828","0","0.0240148762038732","0.0104530568520893","0.00611622701743553","0.00176211499339995","-0.00192492840958458","0.117783035656383","0.538996500732687","0.117783035656383","0.101782694309943","0.186160333101121","0.0261608260386721","0.036946877513838","0.0292155610448024","0.150930065127216","0.417772955782762","0.122745824998512","0.047881486233214","0.030941694884878","0.0536527134923199","0.0329469752218525","0.0796176279646916","1.56370190311142","0.15150867036442","0.144779464514007","0.24854434340709","0.0366453216780043","0.0616369646977368","0.118272392162356","1.75419896384397","0.11599866100567","0.120176788955709","0.369103979255632","0.0023638508413737","0.00114777582355456","0.00227532272764233","0.00382379783029784","0.00396037205013214","-0.000754562438251998","0.000406604429807052","0.00111354761988573","0.0019551042945912","0.00223156007637685","0.00343061375191266","-0.000590904446258591","0.000613247253107705","0.00557234628962","-0.000537387991247584","0.132178212445103","0.166660454430801","0.0255146874454759","0.199198527130378","-0.0156591572209877","0.0276463305680785","0.251841715400952","0.276513865201997","0.443730646187118","0.224768247041212","0.323253538236649","0.125892368350105","-0.00372289617985544","-0.0127621448799622","-0.0135728487788497","0.0213932152022354","0.0182072217248493","0.315292604117632","0","-0.0057696549688071","0.65169503288789","1.45901954090029","-0.01","-0.01","0.00794291911449463","0.00180957432388773","0.00445440674537423","0.0108863447949012","-0.1371","-0.0028","-0.0315","0.00370000000000004","0.0408000000000001","0.0139523448420213","0.00446103284382282","30.43000031","0.0182213742031152","0.00116530174903495","-34.5986","0.998770000000007","0.135090000000005","5.34174999999999","0.00582941432780047","0.00216918603155469","0.125236017438856","-0.00782476605822957","0"
"271","2020-07-01","-0.00261269301956446","-0.0108907175164816","-0.0204506104712907","0.199999999999999","0","0.17638178540617","0.186833327257617","0.173443882761937","-0.299999999999997","-0.000305147846496823","-0.0999999999999943","0.0230351120225469","0.0999999999999996","0.0361533859132344","0.0375984135570073","0.0352036351929796","0.0167757895048366","0.0512085450337141","0.013769580723757","0.0161293819298836","-0.00352734051796855","0.0133973295718217","0.14832655154127","0.405465108108164","0.138150338480817","0.0411738387741627","0.0844538308385125","0.102539639316185","-0.00690307102687271","0.0528424813743804","0.0441712183131378","0.0545499632540647","0.0618534012758154","-0.0309948978684851","0.0384252181250426","0.0206802052375394","-0.0372191819028727","0.0654150501390669","0.273105911140076","0.00452489459828964","0.0244750347147651","0.0525330864769282","0.0847599689091716","0.0615764798418086","0.0468312996840989","0.509435340240991","0.0309453908402082","0.0531907133809906","0.135909215127075","0.00559734692268917","0.00311899280000268","0.00391158461914059","0.00756250104371585","0.00661974522474117","-0.00377318752961202","0.00461935885381448","0.00791375145196769","0.00231173574002579","0.00494485652864919","0.00738577824758236","0.0030305288398737","0.00251163705195989","0.00506153739561199","-0.0119281914307034","0.0559399256023809","0.0730878338451681","-0.208082398086827","-0.191140114797738","-0.275444740965985","-0.0225107985964623","0.0708225482539255","0.101548537771531","0.316279479601953","0.119224996973285","0.219912530732763","0.0838586323222419","0.000826481880740637","0.00949930914717778","-0.00577046051666927","0.00486621126025621","0.0130865967248062","0.0711592179076446","0","0.00434481044974966","0.271257609461159","0.501828117743276","0.01","0.04","0.0116891617065136","0.00565527713981417","0.00628361942450617","0.00939699831508101","-0.0912","-0.0047","-0.0884","-0.0686","-0.032","-0.0385258688605621","-0.0109539775095726","24.45999908","0.0536368015973441","0.0065777013411128","1.17301999999998","1.54769999999999","0.479500000000002","4.35537000000001","0.000220668040714111","0.000213797576851463","0.0755161968667331","0.0015698590351203","0"
"272","2020-08-01","-0.00413274706150091","-0.0116259034482233","0","0.4","0.0426402823493035","0.112568518033606","0.112409567595241","0.0736529095747658","-0.400000000000006","-0.0014965719086053","-0.100000000000009","0.0172682295019744","0.2","0.034453488572308","0.0397882500584128","0.027908788117077","0.0201287674306139","0.019139340210697","0.0118947876521487","0.0139029051689921","0.00176522552456859","0.0244143581712875","0.135282195522875","0.154150679827258","0.149531733970964","0.0313968540606728","0.0897462878562756","0.043530188457134","-0.0113997434647279","0.0300074247739976","0.0131407935610577","0.0608517139032516","0.0435071143820114","-0.037534259258198","0.0248203020497799","0.0159539279422409","-0.0386581802730754","0.0352149062910669","-0.0529224014543423","0.0289230394692508","0.0124941558021625","0.00815498912930579","0.0781337029576132","0.0277153998465467","0.0139084300461318","-0.0497058732382891","0.0119318827845873","0.0120121873358219","0.0165039582105937","-0.00457174149318194","-0.00769741757064332","-0.00719971387437405","-0.000501801083964351","-0.00095935203773754","0.000768735114110959","-0.0105456314333129","0.0061224288907283","0.0057839307920331","-0.00388940508307282","-0.000255254427009643","-0.0152317656887328","0.0023600983053498","0.00162090673927473","0.0194568530958357","0.000988077282151778","-0.0052989514837698","0.109311341919016","0.035584877399268","0.171501025813603","0.0280602024051317","0.0806008171656032","-0.0136207804199504","0.0245712607305055","0.132089431307621","0.0224009366891673","0.0916471720455876","0.0164441935173745","0.0141969645106739","0.00370053222506551","0.0272779637894534","0.0337019152235037","0.034101963290976","0","-0.000115616961137377","0.142432635616025","0.246536118296879","0.0900000000000001","0.15","0.00496384832736396","0.0014447730083802","-0.00563924342950806","-0.0057345093125214","-0.025","-0.0037","0.0438","0.0623","0.1233","0.0182419689569624","0.0492943640803798","26.40999985","0.0677190831777388","0.0270132112684531","-35.7325","0.893860000000004","0.202929999999995","0.0471900000000005","0.000133947554956608","0.000121203753372033","-0.00668840904175239","-0.0015698590351203","0.000924641767219292"
"273","2020-09-01","-0.00105132971959421","-0.00977186327379265","0.0311889686924234","0.2","0.0238324753680983","0.044617065488807","0.0826917158451135","0.117125357237413","-0.0999999999999943","0.000611116222765773","0","-0.00650596194123043","-0.100000000000001","0.0367981270619149","0.0382655380789538","0.0360399364831965","0.0108109161042158","0.00315457674851594","0.00505477066162463","0.0117648415795859","0.00877968765204606","0.0110702237542464","0.0878613557913344","0.174353387144778","0.154150679827258","0.00995033085316788","0.0451046563122555","0.0200809960570494","-0.0205927482767638","-0.0102459912740382","0.0291615861296313","0.0944015018681075","0.022516859284333","-0.0477128587186781","-0.0185572335602178","0.154356208550621","-0.0616184403474787","0.0137459209046353","0","0.00109589052063708","0.0151661674714108","0.00808902287308388","0.039955377077594","0.0056786069688437","0.0137176362287992","-0.0118767682312537","0.0144935564998212","0.0144532545419285","0.0382120878471177","0.00369414907802746","0.0026479622120605","0.00418279448670479","0.0000580636660274221","0.00803292589012074","-0.0005749419408081","0.007661579362253","0.00660831214512389","0.0120355993409426","0.004803733704831","0.000690935743104895","0.0117025427800826","0.00128951007517146","-0.00508653994937447","-0.0166768100840411","0.0745452375125826","0.0998810374709063","-0.130811124965495","0.207914081069994","-0.280751351639573","0.172403507286552","-0.00920441935131677","0.0898120507486411","0.144394504881894","0.208901194598667","0.0950224514179343","0.0785660292889299","-0.011987248632864","-0.014021899590319","-0.00968640172156186","-0.0170560593334121","-0.013035994742448","-0.0894934241206764","0","-0.00480508959158144","0.0583716478875242","0.0828724516115926","0.13","0.15","0.00737932119779749","0.00400867914984104","0.00807950259625478","0.00767006205115628","-0.0093","-0.0015","-0.0329","0.00130000000000002","0.00750000000000006","-0.018171898713236","-0.0269504328886701","26.37000084","-0.0400181200992389","-0.0441276134094122","65.50185","0.861789999999999","-0.172470000000004","-0.892769999999999","-0.00114487150149016","0.00288567248108503","-0.0564921222491497","-0.00788647620691574","0.00092378759456313"
"274","2020-10-01","0.00108223445574751","-0.00161721749497268","0.0204830418518975","0","-0.00544960476756451","0.0903391670823037","0.0131407935610577","0.0512932943875501","0","0.00146515700335037","0.100000000000009","-0.031562225082272","-0.199999999999999","0.0247286845591059","0.0236098656391337","0.0233246725664089","0.0089206657583798","0.023347363996991","0.0116960397631907","0.00969939708871337","-0.00350263055120159","0.00913248356327223","0.0456700368331884","0.0392207131532816","0.023530497410194","-0.000900495333250539","0.004094171532663","0.0274527044086899","-0.00390879976505332","0.00205761389467973","-0.00593473551981472","0.0333228718761243","-0.0019379851026784","0.00726747384697823","-0.00626306848956215","0.00369231188712771","0.0134320353917978","0.00454030291878293","-0.064275051237483","0.0428790230592337","0.00187969980157821","0.00802411527004754","0.0169906999954454","-0.00113314459716918","0.00994133808784792","-0.0673728473393931","0.00984338789616412","0.0114384086840431","0.015667638565013","-0.0000158655983066923","0.00130678115822373","0.0019068509856406","-0.00251059197679362","0.00171336509807373","0.0013881020477059","0.000324097949535833","0.00741227021763385","0.00369227636346897","0.0007226284721528","0.00443354760496745","-0.000907063869031229","0.00482638095911583","0.0475538773359272","0.0677880700163609","0.0356411564014731","0.0393371682599692","0.07722930846613","-0.06190072901245","0.144875292055795","-0.149967545677152","0.0750855327736719","0.0394420854162423","0.0650635933470616","-0.046129771727502","0.0545971830497232","-0.00541168696072614","0.00285638790784581","0.00110803335436183","0.00354143389427397","-0.00165224555326038","0.0022358438056288","-0.0177563234801976","0","-0.00461428430132038","0.069112842626021","0.0865069742638074","0.13","0.19","0.0134834164937576","0.00994648640959461","-0.00287376520298999","-0.00364529812359216","-0.0114","-0.000899999999999998","0.0359","0.0328","0.0242","-0.0407236102977606","-0.00584428325610098","38.02000046","-0.0280556922664417","-0.0461651156428013","32.99029","0.661599999999993","-0.327500000000001","-0.490729999999999","0.000840105289860528","0.000118239883398641","-0.0251491188987696","0.00867171378161746","0.000922934998601299"
"275","2020-11-01","-0.0027852585084176","-0.00249314514580234","0.00781762939105324","0.0999999999999996","-0.0174556568113413","0.0736332510434536","0.0103897038491363","0.00995033085316877","-0.200000000000003","-0.00177066843185436","-0.200000000000003","0.015924572290487","0.0999999999999996","0.00360064171734731","0.00664454271866832","0.00574714225556816","0.00884179058146106","0.0107116555949274","0.00497101272202105","0.00769234562315635","0.00699303549097063","0.00724640852076774","0.0723206615796261","0.0741079721537217","0.0229895182246986","0.00807541400554612","0.0301833778230991","0.023890290533032","-0.00589199740537438","-0.00308801068857623","0.0135137191667232","0.041493232019687","0.0125302844256243","-0.0346259269337228","-0.0126450578472728","0.029057734479542","-0.0527338877394117","-0.0287211011159982","-0.209018283762198","-0.0627911853793472","-0.0421922599788607","-0.0714219646296286","-0.0133254545971493","-0.0264231340225356","-0.0469483361965448","-0.281490329289061","-0.0371929152827049","-0.0514373906155061","-0.119571350940705","-0.0000855663136127145","0.00095807672905006","-0.000143825526263954","-0.00268208341331198","0.000411680563729531","0.00169823852251103","0.00307458008022376","-0.032542563497727","0.000360926777766896","-0.000496102045183181","-0.00524915093441618","0.00117179434519489","0.00370589408237002","0.0105877781258368","0.0163845974512338","0.0549413034718107","0.0773063050151226","0.179570266849344","-0.0271377122916761","0.161259066634812","-0.0436895580418444","-0.0195733563191496","0.0797967354671556","0.0194937946810008","-0.106314714203508","0.0361243292471709","-0.00934586241823787","0.0100008298697194","0.00575365548556639","0.0118941751830751","0.00956395046649838","0.0169521469469556","0.0603464923087609","0","-0.0114501614136131","0.065974749582514","0.0658204777606635","0","-0.02","0.00835158128496616","0.00437527502527324","0.001250723423734","0.00661577536805247","-0.0045","-0.000100000000000003","0.0617","0.0778","0.0906","0.117131613631047","0.116237933207866","20.56999969","0.10214642793926","0.149326291673017","16.57002","-0.277049999999988","-0.0944099999999963","-0.03258000000001","0.00585399461545368","-0.00505294066721651","0.0574016559271247","0.0093750686654559","0"
"276","2020-12-01","0.0000619789891427303","-0.00739120182857356","0.00840069560747736","-0.0999999999999996","-0.0484195192430246","0.0857245411409675","-0.0182534403093504","0","0","-0.000641877973530214","0","-0.00665211994002579","-0.0999999999999996","-0.00855984188003145","-0.00998344398418327","-0.00863314714470276","0.00351494210744452","0.0344087796855419","0.00658980967905531","0.00573067470898447","0","0.00360360750329836","0.0246115785965673","0.0689928714869517","0.0659579677917974","-0.00358102441770658","-0.0180004860236211","-0.099189270717968","0.0111003425125134","-0.0239969783113505","-0.0109659470879242","0.0204940759085135","-0.0105922993229459","0.0418409654478733","0","0.0305546683219733","0.0640109558391311","0.0219028928842206","0.11633899208415","0.0329700192375704","0.0241908264602033","0.0389317972051746","-0.0234433931899396","0.0376972105957538","0.0103142030167644","0.20141294686476","0.00644906693753455","0.0173352650391543","0.0915699958372755","0.00213985432769325","0.00250037634530801","0.00147084045963254","0.00324784522927791","0.00299851503008002","-0.00248079246988351","0.000895458840556402","0.00633037829086857","0.00608806335422419","0.00392961262924881","0.00438433426616975","0.000261682003584642","0.00581886057332009","0.00987181006071225","0.020182173225793","0.0439395657206916","0.0584331009636827","-0.0468424940510932","0.0803286261887077","-0.154453425734932","0.20615437352137","-0.00802267529809519","0.0269953668848633","0.0797456632632132","0.114861774781967","0.090400284305157","0.142683437811802","-0.00293838143958869","-0.00278551712142627","-0.0112598586378611","0.0108147751953274","0.0168929277135724","0.157858284655608","0","-0.00540608513223795","-0.0216459782049547","-0.0419171418817559","-0.0499999999999998","-0.0599999999999998","0.0192170766527742","0.0125772720005433","0.0160621650493855","0.00551151241437786","-0.0119","-0.0045","-0.0379","-0.0612","-0.0753","0.03624307603204","0.0578698308573919","22.75","0.0364490476931394","0.035798806854586","-119.19387","-0.218540000000004","0.399119999999996","1.11056000000001","0.00805516849258255","-0.000153552563187051","0.0908302015812455","0.0207779695052324","0.00184331849428876"
"277","2021-01-01","0.00229052627459936","-0.00264400531744791","0.00577479949388415","-0.2","-0.068437161553228","0.0710681481491298","-0.00527705710084359","-0.0250639686632166","0.200000000000003","0.00116119187990371","0","-0.0189814542535887","0","-0.00165854707864632","-0.00335008688528182","-0.00579711768432611","0","-0.0283389583184661","-0.00658980967905531","0","0.005212870188533","0","0.00646205802809074","-0.0339015516756813","0.0618754037180875","-0.0263531834003388","-0.0380508628817013","0.0547804293652447","-0.0330062964681703","0.0167543186120476","-0.0415644244212503","-0.199752843171923","-0.0274796486264623","-0.0284379353205333","0.00528821962156467","-0.0474022388945841","-0.0696527197457986","-0.0348062977201282","-0.24801681605935","-0.0833816089390513","-0.0785301491715744","-0.100898520954375","-0.0125629793007054","-0.0318933637759535","-0.078566807300759","-0.381129987666188","-0.0792780861492384","-0.074316739898153","-0.286962848671388","0.00465799419590089","0.00321386074574368","0.00413635920546619","0.00380991802477063","0.00596084563843914","0.00407803373272023","0.00666207713718241","0.00462580196238427","0.0149104793443562","0.00388309263930427","0.00692092113382817","0.00121442166990008","0.00336643790027234","-0.101953967287059","-0.248804182952265","-0.146479074009683","-0.187904786519933","-0.159630145591883","-0.02959310814731","0.00760138795251919","-0.226714777965549","-0.150511388433815","-0.226575415636772","0.0315815720502997","-0.250099361302738","-0.0683071179884518","-0.191590979761755","0.0128896379420267","0.00839101014293786","0.0149256502166756","0.0149328545065561","0.0148534044287529","0.0913196133701515","0","-0.0105656932321114","-0.0602433540110212","-0.0618990801172998","-0.0800000000000001","-0.11","0.00798522546953429","0.00535941603685508","0.00427649004588559","0.00868293423919297","-0.0019","0.000199999999999999","0.0125","0.0448","0.0326","-0.00866649995679936","-0.0127566042251637","33.09000015","-0.0111991376183109","-0.00239280954108922","22.41999","-0.0362700000000018","0.571629999999999","-0.383300000000006","0.00500961739004556","0.00105247378252813","0.062862788583812","0.0314868590110047","0.00367647472930877"
"278","2021-02-01","-0.000927959483831842","-0.010264298441431","-0.00899749000460837","-0.0999999999999996","-0.0712275092883683","-0.00794706169253168","0.0515578096648497","0.0543343509633294","-0.0999999999999943","-0.00226251357712393","-0.200000000000003","0.0297546409156295","0.199999999999999","-0.011792466423163","-0.0101181301655844","-0.0116960397631911","-0.00175592670226532","-0.0121767105752548","0.00330033302865651","0","0.00690849034381102","-0.00360360750329836","0.00801928916661954","0.0339015516756813","0.0769610411361286","0.000920386627329073","0.0279087881170765","0.0195509648709553","-0.0292836723080212","0.0103306703878792","-0.010666767804195","0.0181823190831905","0.00595239852729534","-0.0776417461359982","0.00630916919326463","-0.034571344065089","-0.0980012089759033","0.0117372239457252","0.0932879344235573","0.0537579397288255","0.0204715439801877","0.0424644805177588","0.0138106400988605","0.00577035646133606","0.00804024431856565","0.0688434395732473","0.0108749483340294","0.0111627918107988","0.0276302719139458","-0.00111544848901851","0.00137973898759401","-0.00150429501075091","-0.00281643695589239","-0.000114648171466629","-0.00050325676209825","0.000958833734565284","-0.023398826922741","0.00420680864933374","0.00106156910897029","-0.000727433851177435","0.000814299510002786","0.00399428687489941","0.0715614713540251","0.150811091560056","0.0347041815420841","0.0411087689973044","-0.00460300007196146","-0.232462456117075","-0.155343369483499","-0.387735161257034","0.155838871331436","0.039479258132884","0.154890598469969","0.360764929190258","0.190216615406988","0.128589043190088","0.0195406365950523","0.0147583047045814","0.023113237803277","0.03225534389267","0.0172349101227476","0.128497748170167","0","-0.0072892507031419","-0.0869422928381969","-0.1397418688701","-0.12","-0.14","0.00867444436771514","0.00648857597592212","0.00347776719707049","0.00683339961586604","0.0213","-0.000800000000000002","0.1838","0.255","0.2999","0.0164674893072938","0.0331492361585859","27.95000076","0.0257568766454419","0.0386019240079407","-46.09997","1.11179","1.03725","0.761859999999999","0.00722528970453506","0.00236261782944293","0.0809632970696311","0.0355238512719556","0"
"279","2021-03-01","-0.000123793018230955","-0.00536399753558037","0.0223437319575028","-0.100000000000001","-0.0599257609311872","0","0.0609201737618399","0.0190481949706944","0","-0.000551116023869369","0","-0.00662467170169112","-0.0999999999999996","0.0193373319384742","0.0201349084090556","0.0145987994211527","-0.032145624973416","-0.00153256734977791","0.0016460909066689","0.0056980211146378","0","-0.0127158843253028","0.0513731634024088","-0.0689928714869517","0.0540672212702757","0.00458926918364089","0.0111506477195098","-0.0404993618347653","-0.0209504869408033","0.00716848947861326","-0.00178890924272501","0.0388741527616654","0.00984259914419372","0.0299234924722764","0.022798914964806","0.00750942202213167","0.0276940775818373","0.0332790320073011","0.0187171239529373","0.080214013883805","0.0503810242923519","0.0584340404366159","0.0628225859220555","0.0159820753385684","0.0402212134868645","0.09033170199007","0.0328850057948289","0.0391401334235333","0.087877978991715","0.00149580333567919","0.00216900135108938","0.00120341988260806","0.00135751609279949","-0.000673021601449935","0.00321064852601517","0.000779775037412243","0.00683044980867158","0.00198032774835188","0.00195424783734205","0.000942710463371832","0.00244570190398002","0.00272132518460075","0.0489196588736611","0.0739018503349964","-0.0148342547823646","-0.0310874467034985","0.0197008513050481","0.0839788447356842","0.0788702194059301","0.205990472087961","0.068526090272325","0.0703555688616824","-0.0929461125094448","0.00190295014608655","-0.0613554945774499","0.0270864741855714","0.0132321701786955","-0.0105029791344431","0.0156611463981628","0.0303776151512638","-0.00079339324007488","0.0490348050073237","0","-0.00175372333102075","-0.0223824256302176","-0.0417852906464145","-0.0600000000000001","-0.05","0.0071040876881554","0.00337448814430452","0.00640267413402462","0.00698013096597272","0.028","0","0.1651","0.2234","0.2021","0.0341576982982712","0.0286756267877752","19.39999962","0.0415628074789325","0.0304822116942844","32.18752","1.80968","1.26536","1.27659000000001","0.00420414037920281","0.00315675687918659","0.0774839647744879","0.0533922296820419","-0.000917852290228893"
"280","2021-04-01","0.000680672035191066","0.00408946256824727","0.00754720563538314","0","-0.0574378995879945","-0.0187924993493676","0.0946652265410783","0.0140517534556501","0.0999999999999943","0.000367444428166053","0","-0.0133054916471789","-0.0999999999999996","0.0195764816250978","0.0164748372035053","0.020086758566737","0.0443728515429767","0.010678972575854","0","0.00566573753567745","0","0.0288308257177095","0.147844254664014","0.133531392624523","0.0344861760711694","-0.00183318108166119","-0.006066752682238","0.0453279564409605","-0.0440027711903399","0.0400053346136984","-0.00268937858197127","-0.0201319709519243","0.0107161278768428","-0.153116820856908","0.0391813050627947","0.130721963587636","-0.227325271910884","0.0387430856502258","0.197655920794062","0.0223586549725878","0.0831503683321708","0.0726326104225459","0.0591081122544095","0.0235041597882164","0.0794508165642176","0.152796745972365","0.0786514783339074","0.0833419122205523","0.216886222261987","0.0029967673995848","0.0034861046284231","0.00108735663579007","0.00499246959838161","0.00203331605487217","-0.000669027742711585","-0.0000669486270450381","0.00789087345825348","0.00209804149910602","0.00965791082734002","0.00772007687806364","0.0178221583669869","0.00466001418575642","-0.00569836931320644","0.00952541676647378","-0.0131668174721415","-0.0122412171899313","-0.0960738300896224","0.104971015750277","-0.0813302452467921","0.286816646175351","-0.00244431424676428","-0.0145120455104379","-0.0246520289983119","0.151431069774616","-0.0240148762038741","0.104093891042633","-0.00353669796526201","-0.00766110714026658","-0.00801624772798618","0.000553383616450631","-0.00122739266699368","-0.00921523953349634","0","-0.00774194801964434","0.0143467897094034","0.0532496346648674","-0.03","-0.0700000000000001","0.0117568817660487","0.00673954064737003","0.00776401980352581","0.00373751172192449","0.00539999999999999","0","0.00110000000000005","0.00590000000000002","-0.00319999999999987","0.0391097831642853","0.0444774760136823","18.61000061","0.0510973303917623","0.0382251845706016","-37.80795","1.431","0.996400000000008","0.683199999999999","0.00279957188985718","0.00246877479444161","0.00253678708093753","0.0114133498093665","0.00366636524357844"
"281","2021-05-01","0.00364299127850032","0.00951965049153358","0.0216928246112591","-0.0999999999999996","0.0112571545246345","-0.0907137136881655","-0.0350145178451013","-0.0525180342834464","0.200000000000003","0.00238510341487519","0.100000000000009","-0.0580395360252393","-0.300000000000001","0.0161253431495139","0.012987195526811","0.00848661387731875","0.0103627870355467","0.0030303053491787","0","0","0.00171969087952739","0.0123567326889056","0.126471187614021","-0.0645385211375711","0.0813456394539518","-0.0101430099650548","-0.0445900719691776","-0.0303201710072711","0.0189925358272749","-0.00294551022975664","-0.0126469617007672","-0.0187421818097411","-0.0166100545656205","0.0267634171988167","0.00589392668877764","0.0949122490390257","0.0401360450249699","0.0204198390087429","0.0320883145515003","0.026774033605057","-0.0142859572474769","0.00764822083825667","0.0389659685333834","0.0142781118642885","-0.0197315818625947","0.0593666179237271","-0.023132863508545","-0.0118216000787363","0.0284330655518765","0.00453025622798238","0.004144315135966","0.00473612323524582","0.00592836433109435","0.00704735416114064","0.0039854799315438","0.00305202577345831","0.00810245236742659","0.00571260876932323","0.00378764891719737","0.00589481423651585","0.0000434409798047807","0.00106381941770362","0.0335501343057132","0.0360383876416392","0.00528449353789817","-0.00437118218176735","-0.0198026272961798","-0.0337806561578944","0.0329487169204095","-0.361510363440206","0.0174516304496013","-0.00994150977179231","0.205348890065265","0.070951735972284","0.17185025692666","-0.0335082895614169","0.00633921213480804","-0.012861352249142","0.00354196733306503","0.0194785888320119","0.017828847293296","0.0558116931581072","0","0.00333400457513378","0.0144958493396832","0.00848381170807677","-0.03","-0.02","-0.00162061697339766","-0.000344946294863036","0.00470001610633908","0.00362134986278306","-0.0029","0.000900000000000005","0.0193","0.0543","0.0621999999999998","0.00807001024045917","0.00826006583868377","16.76000023","0.00547149261992885","0.0380022249717715","-38.27218","1.146","0.760899999999992","0.497699999999995","0.00686697218039175","0.00181077986616059","0.0470741501284325","0.0112845538663038","0.000914494805387633"
"282","2021-06-01","0.00218559136423302","0.00201918291723047","0.0109757199385854","-0.100000000000001","-0.00623832341269193","-0.0997711537449497","0.0242036017408864","0.00488998529419238","0.0999999999999943","0.000793771984891833","0.0999999999999943","-0.0726531528088987","-0.5","0.013029500290334","0.0128206884290614","0.00841519692528436","-0.00862818122333842","0.0194762710606211","0.00164338574372991","0.00188146809970569","-0.00344234419097322","-0.0105821093305369","0.110193110496035","0.154150679827258","0.0606246218164355","-0.00650862362738724","0.00949875215790819","0.0186921330121521","-0.0428742678306619","-0.00789737569495053","-0.0027309985112316","0.00359712618084984","0.00196850457267228","-0.0844538308385125","-0.0167905179129901","0.130417095495164","-0.124553386837553","0.0137350283901529","-0.0386314131404362","0.0184202978513195","0.0151720893391349","0.0104216954624139","0.0147526384750387","0.0140771138908367","0.00811912443850371","-0.0295656027417301","0.00717477889712903","0.0167490392135647","-0.00412882125958447","0.00406421088060723","0.00361822773115167","0.00469494674113008","0.00838548966730379","0.0126903047954265","0.0029936049145923","0.00280215073744327","0.00714964952983951","0.00910665653159645","0.00675188178101353","0.00950285322518292","0.00349007807689331","0.00579712383078761","-0.0404529158979994","-0.0799559547306234","0.0208630654804303","0.0247043148731052","-0.103950575346706","0.129778415123797","-0.21153342208495","0.445182839164321","-0.071711847720195","0.030891212922354","0.104140259252597","-0.124655914944145","0.0714589639821446","-0.0380680356705252","0.0000807606182293696","0.00385830012133859","0.00370131690043018","0.00471122675439517","-0.00455225197543335","0.065377217924933","0","-0.000278676440723657","-0.035508041650127","-0.0845932254592388","-0.0799999999999998","-0.0800000000000001","0.0082251987660289","0.00606022315139931","0.00751911376217684","0.00711446134863003","-0.0024","0.000299999999999995","0.00440000000000002","-0.0509000000000001","-0.0766","-0.000346137600498508","-0.0136708742521225","15.82999992","0.0219708726330214","-0.0327898268083908","11.22888","0.677800000000005","0.341999999999999","0.346199999999996","0.00874765653894675","0.0095182600081562","0.0323912052533994","0.0337475244125516","0.00273847729330434"
"283","2021-07-01","0.00282494737564143","0.0177438117731992","0.0168374392636101","-0.0999999999999996","0.0295952549107952","-0.17513433212785","0.0129591446425046","0","0.100000000000009","0.00143329850864404","0.0999999999999943","-0.0208313165805656","-0.0999999999999996","0.00547678630586557","0","0.00557104504945549","0.00518583703236519","-0.00744605078407812","-0.00164338574372991","0.00375234961855053","0.00172265331144583","0.00353982670512387","0.0832163060210789","0.0822380982369721","0.0845573880280632","-0.0159852957205802","-0.00421053253634351","0","-0.0377112789044265","0.00198019866686217","-0.0418860669775754","-0.04404381576144","-0.0138616080866241","0.0984400728132524","0.00199005040800948","-0.0556696689873499","0.161378382948712","-0.00210084110881237","-0.0401839778190336","0.000960153698343014","-0.0223923373126214","-0.0151949742150714","-0.00314300939719914","0.00107469112976499","-0.0227179238596564","-0.0936153027243209","-0.0280942559749295","-0.0196602452349346","-0.0330610321064135","0.00207506429692494","0.0025187951690831","0.00145686461717603","0.00508678439611264","0.0113755212150954","0.00259582746145381","-0.0000573794331884744","0.00560866308876766","0.00774366692590789","0.00528646280737652","0.00777630357660596","-0.000871298825594205","0.0059214357691516","-0.0321996624446932","-0.010232305439219","0.0234518592012396","0.0285292283957119","0.131812762698358","0.146771104734553","-0.0682359646764992","0.151758906383789","0.00772140496120954","-0.0368270848271113","-0.128832871842969","-0.08263226458027","-0.0971267107307225","-0.0234170479801552","-0.00186895339153903","0.00934993309329812","0.00325956713373857","-0.014469442642838","-0.015808333803519","0.0271033916667127","0","0.00361170096838315","-0.0489872447395552","-0.0899950380656538","-0.15","-0.0999999999999999","0.00221410751864504","0.00155622272259848","0.00018160496794728","0.00138357108194498","-0.0047","0.000800000000000002","-0.0645","-0.157","-0.191","0.00385333940357491","0.025276725646858","18.23999977","0.0224931760075702","0.00274851776909335","44.76448","0.290999999999997","-0.0538999999999987","0.148700000000005","0.00813616971926304","-0.00163703388807401","0.0137599871273973","0.0528237117249031","0.000911161794244997"
"284","2021-08-01","0.00339777176147926","0.00850964005424615","0.00475908096325295","-0.0999999999999996","-0.0536622809934322","-0.0357891078515848","0.00854706057845878","0.0568873744020513","0.0999999999999943","0.000609291717250215","0","-0.039278041919439","-0.3","0.00825608108589382","0.00634922767865875","0.00277392688272515","0.00687287928776215","0.0148370674304674","0.00328407520119001","0.00187090793581124","0.00343642949858136","0.0105449131766147","0.0670899213408651","0.123613955967177","0.114775514592428","0.00661315589171707","0.028082968742825","-0.0276697494192506","0.0339276951247873","-0.00994043970525116","-0.0162916875981862","0.00747667034302069","0.00298656269774877","0.165985137474261","-0.00398406901487469","0.0237237403493769","0.238891908282349","0.0125393492527355","-0.00456621797958157","-0.0115831410896305","0.00632056280258908","-0.00287494208559913","-0.00104986886283687","0.0202027073175195","0.0018365478073008","-0.00732955023258341","0.00183630126913759","0.00586269205668799","0.0109292834160115","0.00543845382986007","0.00404079049078498","0.0048710634733509","0.00799572274367428","0.00886323596452899","0.0016552728980788","0.00393658418161313","0.00516113821860029","0.00771022706984954","0.00588970363769041","0.00995933596043705","0.0010412315128473","-0.000636461410290102","-0.0137959774166827","-0.0372678867494773","-0.0142184582828033","-0.0307092323151483","-0.0571765750204261","-0.181742685576632","0.0593627919960129","-0.366812953673885","-0.107651340942395","-0.0295600825701285","-0.0675058823653734","0.150935242973284","-0.0502412164367465","0.069318021871867","0.00179064016060071","0.0051313208961985","0.00452856757180634","-0.0041525193303098","-0.000579584164598024","-0.0605996786660308","0","0.0024761288235311","0.00819563648367527","-0.0204791031180633","-0.0600000000000001","-0.0600000000000001","0.00115103230553792","-0.000171556699996245","0.00662225439451447","0.00432954182244316",NA,"-0.000199999999999999","-0.00270000000000004","-0.0538999999999999","-0.0966","0.0195873615575479","0.0490374087286138","16.47999954","0.0285781431228411","0.00668687605754092","-10.17364","-0.0940999999999974","-0.500399999999999","-0.0400999999999954","0.00624272220450479","0.00836689853500278","0.0234325596950642","0.0138264901782428","0.000910332334146169"
"285","2021-09-01","-0.000886592638213557","0.00538886790931592","0.0029629651306573","-0.100000000000001","-0.00643089033029032","-0.0371176629565024","-0.0215062052209634","-0.0186051878310343","0","-0.000944560468772337","-0.199999999999989","-0.0444814054378089","-0.2","-0.0015488870473126","0","0.0027662534928905","0.00171086440362966","-0.00294985464642128","0.00327332534496882","0.00373134761285865","0.00342466088136462","0.00174672533494213","0.062870464036874","0.0674412807955327","0.0809690625336668","-0.0094608085042287","-0.0113461763873017","0.0119523335238414","-0.0386446850029269","0.00199600864671545","0.00961545869944214","0.0356690762067347","-0.00199005040800948","-0.0397502651058765","-0.000998502329589535","-0.0395453826245777","-0.0564233899185806","0.00827305649319943","-0.0468469732967884","0.0305951205782025","0.003593894254589","0.00860014856363911","0.00836824967051619","0.00838579337627365","-0.000917852290228893","-0.0944508693919479","-0.00367598074498243","0.00355765175503819","-0.000278760511275067","0.00283653417778498","0.00293041595037663","0.00258835187420823","0.00135881706329709","0.00710832889606198","-0.00313422210993869","0.0034434014517044","0.00501004336346911","0.0163943313188929","0.00590578135687384","0.00517615756185216","0.00309999845540472","0.0082433292302978","0.0386719818553356","0.0172379818956081","0.0492714766231916","0.0500238520573113","0.0974179749708419","0.295593403514776","0.0999985725164407","0.547696695698212","0.0669706261061833","0.0904068542331959","0.0220435082886157","-0.302280871872934","0.0177180247311863","-0.065145554066067","-0.00519581112746881","0.000747319743900854","-0.00538531882366414","-0.00214025587120314","-0.00479443022127252","0.0515123516648384","0","0.00074013471816059","0.00902639210616663","-0.00564329996261392","-0.11","-0.03","0.0206304798434207","0.0158377167134542","0.0162204222699209","0.00584702910146007",NA,"-0.000399999999999998","0.1312","0.1583","0.1585","-0.0124865130557144","-0.0454488960575574","23.13999939","-0.04873779284571","-0.0232924517296502","19.52276","0.0538999999999987","-0.830699999999993","-0.195900000000009","0.00867851364077183","0.0073484440759181","0.0622858803608664","0.00417039627372695","0.00725297830501503"
"286","2021-10-01","0","0.00414432577568569","0.00236406729487992","-0.0999999999999996","-0.00129115576361993","-0.11097850796205","-0.026433257068156","0.0139862419747399","0","-0.000396371679858731","-0.100000000000009","-0.0334247439947459","-0.2","-0.00155128982050279","-0.00316957476127921","0","0.00681433641972973","-0.00444116199996802","0.00163265342388552","0.00557104504945549","0.00511510066677001","0.00695654979335991","0.0206533570117777","-0.115069329784787","0.0434851119397388","-0.014361185068128","-0.0587462004330668","-0.049731200865013","-0.00236686501026551","-0.0110276806770626","-0.00191570939813879","-0.176409150428201","-0.0211381801045087","-0.00306513649937656","0","0.0204278226900989","-0.00663474604855629","0.00411100270652209","0.0422598092898827","-0.0132703369208969","-0.00179533261867437","-0.00095192772538244","0.00829880281469553","0.00520563382726547","-0.0018382358117508","0.0108938583903315","0.0064245461760235","0.00535216493872781","0.0289172023193327","0.00868904514952923","0.00889185468010782","0.00592057104603294","0.0113459443500076","0.00973085519443057","0.00792484748908789","0.00631274990871729","0.00564832617298552","0.0176347675172411","0.0110193191855599","0.00964343114939565","0.0207339185596149","0.00542835225010316","0.0644229337959068","0.0930485343016212","-0.0437278564213166","-0.059841617099007","0.0814105098290661","-0.103338705234311","0.091883003867208","-0.320768844692763","0.00412619858179575","-0.0488202832905582","-0.0707593810126736","-0.165470866442099","-0.0454383497641517","-0.130265194837901","0.00625985699895182","-0.0217260941779267","0.0118435329767777","0.024000258470493","-0.00269787614875855","0.114660670880844","0","-0.00668608316317965","-0.00327290521582668","-0.0312180982300436","0.02","0.0900000000000001","0.00618383714691362","0.00373192490275009","0.00214445293262955","0.0067734783575375","0.0861","0.000199999999999999","0.3144","0.2807","0.228","0.0171472606801686","0.00326407990904087","16.26000023","0.0668581753392115","0.0433861553366199","-8.21812","0.279799999999994","-0.688200000000009","-0.301099999999991","0.0193707758617589","0.00462888876667537","0.0814935257704003","0.00828897581895482","0.000902934598592253"
"287","2021-11-01","0.00113103165189621","-0.00170440752242129","0.0117372239457261","0","0.0153849188394792","-0.0334159969198442","-0.0317486983145798","-0.0281708769666968","0.0999999999999943","0.00112772227316071","0.100000000000009","-0.0392307842045483","-0.2","0.00599788970388637","0.00632913505164767","0.00275862243907943","0.00169635324817818","0.0117995469311554","0.00650408796917645","0.00554018037561477","-0.00170212807053005","0","0.0162209558235391","-0.0246926125903717","0","0.0134101626474239","0.0420094080775435","0.0437728912813826","-0.0159239033567236","0.0160003413464409","0.0123870092654341","0.100848745194164","0.0211381801045087","-0.0423260669992676","0.00796024103838899","0.0562899813059943","-0.0547248996892469","0.004094171532663","0.00801378072355341","-0.03101023674256","-0.00269905696916517","-0.0124582349220415","-0.00103359182328333","0.00930239266231325","-0.00184162114664943","-0.00979029494109973","-0.00826846448143215","0.0125201823831418","-0.00398161337445835","0.00709334824163554","0.00849363730893678","0.00724162141440667","0.0120120484924359","0.00681092446941511","0.00322051258571804","0.0043939702448854","0.00644942091119841","0.023101185808182","0.00972785179645539","0.0132619337581788","0.00397892686781457","0.00689796893675933","0.00893549512765901","-0.0195982686167948","0.0377834613076864","0.0225048956179865","-0.0716716103671988","-0.0252406785224508","-0.0801244504291301","0.0434248364808738","-0.0148650217966324","-0.0071730399283112","0.107853505418914","-0.00257400399517227","0.0546929145303574","-0.0313152846654638","-0.00692308287258214","-0.00695388505541694","-0.00144098350850724","-0.0101107770190705","-0.0182734232930717","-0.0302593108873443","0","0.00427737841527431","0.0535934688376649","0.0147436379990236","0.22","0.24","0.0065224410633089","0.00672222964170643","0.00895070929849595","0.00717420240605904","-0.025","-0.0034","-0.0905","-0.1436","-0.2437","-0.0253329685919521","-0.0257278270722043","27.19000053","-0.00836862569591723","-0.0499190476641362","48.09785","0.287199999999999","-0.319199999999995","-0.409200000000013","0.0103925451603042","0.0139599222979224","0.048540743072298","0.0238869498892562","0.00360360750329836"
"288","2021-12-01","0.0000916492279188219","0.00583162872451659","0.00174876173975047","-0.100000000000001","-0.0166777438417842","-0.0146701897477941","-0.020955365175988","-0.00956945101615059","-0.0999999999999943","-0.000335135961702093","-0.100000000000009","-0.0369128258744214","-0.199999999999999","-0.000578871217322252","0","0","0.0267574491695495","0","0.00485045413374952","0.00916596701408068","0.00170212807053005","0.0307191390375303","0.00561573878563504","-0.0512932943875506","-0.0106952891167476","-0.010521378741533","-0.00105540906894408","-0.00399202126953746","-0.0210875616200958","-0.00198609797162952","-0.024929383042525","-0.0588698638555032","-0.0100100935951009","-0.0177710654146663","-0.000991571722295248","-0.040785794770029","-0.0173369196532764","-0.00102197249569258","-0.0103152777118325","-0.0198813705538292","0.00359712618084984","-0.00774447239547804","0.00309757604413452","-0.00205973296301032","0.00184162114664943","0.00413792050782025","0.00276375818105112","0.00911600763918585","-0.00511006314574658","0.00467757149991432","0.00685078032661322","0.00488634221378964","0.00758657454747532","0.00503008139097206","0.00557726267594246","0.00187740862687635","0.00706034598628291","0.00196336866413105","0.00776108029253503","0.00992118407969374","0.00764675294152316","0.00635335624613921","0.00759595659297041","0.00227431868501959","0.0243584438320408","0.0216548796728198","-0.00412007645797452","0.0310965832804264","-0.0824810304297188","0.0267634171988158","0.0476908184804667","0.0493451662535627","-0.00561799230422277","0.170221149859867","0.027260648208892","0.0321054862079642","-0.000764670536309353","0.00648396023473907","-0.00144306293876409","-0.0126230007667472","-0.0109911757351553","-0.0887064924332179","0.0714","0.00126050648707832","0.0392256926254078","0.0480538275754032","0.0700000000000001","0.04","0.00519905276632215","0.00121011948264993","-0.000245598045443884","-0.000236209826555367","0.0319","0.0673","-0.0581","-0.1019","-0.0994000000000002","0.0442511673846084","0.0417926520939496","17.21999931","0.0426886482072923","0.0337558426773921","51.55124","-0.0219999999999914","-0.465209999999999","-0.563699999999997","0.00738222664731285","0.00962507961576358","0.00782702887084937","0.0114483219459922","0.000898876465017295"
"289","2022-01-01","0.000977069480192938","-0.00388397138333296","-0.00525548654896024","-0.2","-0.034213863454605","-0.137056246467958","-0.033495954428183","0.087411937780085","0","-0.00137218152619489","-0.0999999999999943","-0.0236430630331608","-0.100000000000001","0.00519781707361666","0.00314960890289617","0.00275103337189009","-0.0066225407604934","0.0188821877213297","0.00803217169726356","0.00908271457431908","-0.00170212807053005","-0.0101352218940436","0.0135083500247921","0.212561441983673","0.0106952891167476","0.00383877630716611","0.00105540906894408","0.0109399400383339","0.0298770708629448","-0.0395388552063904","0.0436916594980481","0.0569299990376768","-0.00100654261140143","0.0461865526184093","-0.0550597771830272","0.0259058703358441","0.0450736746248763","0.00408163831964803","0.0283948662161491","0.064161944217286","-0.0117382837645499","0.0240049932672584","-0.0103627870355467","0.00719058054535449","-0.00924220996482106","0.0618505317423654","-0.00831344282534463","-0.00305490042391909","-0.00333501888610144","0.00478166531115535","0.00691983721804115","0.00581905979445378","0.0057379996329702","0.00765883594859501","0.00259940333566013","0.00621833360391055","0.00724690738774516","0.0115183235388035","0.00710223120485849","0.00696906510317079","0.00476106878361431","0.00857923874206672","-0.0848782184630785","-0.124753538003512","0.077556580151148","0.118242772563621","0.169659403249241","0.111974878409578","0.206267968987865","0.262838149999157","-0.0763966976683648","0.0445914864713615","-0.258989683087345","-0.17538912001831","-0.222148031072708","-0.0151216570240846","0.0158141034357726","0.00504015601336183","0.0172643135941433","0.0274469742289511","0.0193588057346491","0.153900258443816","0.0786","0.000372805364653672","0.0218450190595547","0.0165730072307486","0.0399999999999998","0.0699999999999998","-0.00170438094921366","-0.00164241791159547","-0.00479517431623755","0.000984063220444753","0.3627","0.0817","0.3672","0.3676","0.3379","-0.00385959738951058","-0.0684826052846184","24.82999992","-0.0540182299759753","0.0223789740278928","-33.52532","-0.273800000000008","-0.98733","-0.74669999999999","0.0119866111799073","0.0243105613783651","0.0201614571452009","0.0208399544316444","0.000898069211684671"
"290","2022-02-01","0.000701679483309903","0.00364166462178872","-0.00175798463089816","-0.1","0.0106525641162074","-0.100975917340002","-0.0890040711063396","-0.087411937780085","0.0999999999999943","0.000244081036115062","-0.100000000000009","-0.0303909516422829","-0.2","0.000671817290972321","0","0","0.00165975141836494","-0.00288184637488875","-0.00642056780292233","0","0.00170212807053005","0.00169635324817818","0.00707828358359652","-0.0215062052209634","-0.0106952891167476","-0.0086580627431152","-0.0202457634411832","-0.0372839153779365","-0.000795861562103539","0.00823897554455311","-0.0330686721067606","-0.0255667809720066","-0.0101215438980065","0.00543268701322663","0.0217737995495604","-0.0124225199985579","0.020309084637975","0.00710302326824674","-0.00112044829648994","-0.0257524961024149","-0.0109590137897193","-0.015296665375474","0.0051948168771041","0.011196045705085","-0.0130842988144408","-0.0594042993983743","-0.0149541166549092","-0.000596982952462355","0.00511573973453672","0.00487015082686947","0.00666029662979496","0.00520933842961647","0.00774495601197936","0.00221903948315333","0.00678789605511389","0.00239136283221447","0.00531439419833733","0.00479341192467746","0.00431096858483601","0.00550542460586955","0.00129460677648225","0.00565706124117009","0.0527221372174811","0.106175150098588","-0.0165066535061431","-0.0238503101452618","-0.142029319294913","-0.121562130780413","-0.342027544915115","-0.302340592975403","0.064874486200365","0.00289553132579101","0.203983053575134","-0.0315815720502988","0.196932373351544","0.02923953856987","-0.00183497869418048","0.00652606907717301","-0.00368047257785103","0.00241109605406642","-0.00169748001939252","0.115790273221957","0.225","0.00487396513985594","-0.0440656052319923","-0.0803513889423026","0.16","0.14","0.00568863613971438","0.00408934574736008","0.0117769149684257","0.00958189294251355","0.2889","0.2241","0.3046","0.284","0.2241","-0.00815375797830065","-0.0393236078888162","30.14999962","-0.0318627611837954","-0.0118730306492103","-44.16628","-0.3673","-1.46893","-0.890320000000003","0.00883258892731942","0.00306532172130948","0.0342316253799781","0.0105351681361103","0.00268937858197127"
"291","2022-03-01","0.00252806128885474","0.00145296066244072","-0.00352526804568498","0","0.0541369295411904","-0.0915671935254903","-0.0324352757531541","-0.0145281005629094","0.100000000000009","0.00170690117033523","0.100000000000009","-0.0406786150662848","-0.0999999999999996","0.00296977753354444","0","0","0.00825768523898152","0.038221212820198","0.00642056780292233","0.00541029272824733","0.0033955890011379","0.0234516610350504","0.0116869269419073","0.0833816089390509","0.0212773984472845","-0.00290275965796116","0.00322407587175277","0","-0.0176711425628104","-0.0134230203321408","0.0105113246826862","-0.0201214031994219","-0.00101781179270066","-0.00543268701322663","-0.0165463961144088","-0.011675031580503","-0.00897537812812566","-0.00202429218923061","-0.0915057665774688","0.00289435802636451","-0.00737330529375235","-0.0145562977742069","0.00413651055178033","-0.00202634314523298","-0.00660691407574099","-0.120111640367698","-0.0075613264938692","0.00966326019584329","0.0329688487895261","0.00809965571185926","0.00814701078501683","0.00672941757301592","0.0113633247486843","0.0040315637552927","0.00512981893085586","0.00682708036628231","0.00648091548112107","0.023318287208169","0.00926290354792081","0.0133542692002212","0.00232970061738674","0.00749613389967377","0.0101163422295034","0.0111825315174858","0.0115716085979791","0.0131826973656146","0.310862270352315","0.0368399573849167","0.332593512681757","0.108788698651894","-0.079133368700262","0.0725909320332487","0.0963918456750656","0.213471256671702","0.0642831259120733","0.026135230812546","-0.00743863173250858","-0.0320447564340756","0.00167462150832526","0.000945399415169135","-0.0273312658387257","0.188258119912149","0.1446","0.00447613769645194","-0.0134852475662903","0.00821284967605251","0.32","0.36","0.0138514454536995","0.0112212670126066","0.00606808196840447","0.00114786058084704","0.177","0.1424","0.0346","0.0566","0.1089","0.00719183158672188","0.00374042847101208","20.55999947","0.0351482863092194","0.00446888000123247","171.54411","-0.369799999999998","-1.50245","-0.915019999999998","0.0225179042658052","0.00447418634787706","0.201156114355706","0.0500238734592955","0.00178890924272501"
"292","2022-04-01","0.00546068159104074","0.00723330459351956","-0.0160193280272853","-0.0999999999999996","-0.00755671102256095","-0.0783318432699067","-0.0250360781613246","-0.0707365510917786","0.200000000000003","0.00279788516562007","0.200000000000003","-0.0472769727037647","-0.2","0.00162485101459531","-0.00314960890289617","0","-0.00329489589685306","-0.0367792515032965","0.00319489089651981","0.0035906681307285","0","-0.0183797989370893","0.00694715260298562","0","0","0.00483326218801938","-0.0195022432314413","-0.0408647743538477","0.0168746471005514","0.0185381209989117","-0.00380952841666815","0.002030457550382","0.00305033281762324","0.0139105797955246","0.0358461317731358","0.0311274575073188","0.023757613301421","0.00202429218923061","0.132148372811298","-0.00870832789178433","-0.00463607691747825","0.0116619397478424","-0.0135066988393646","0.006066752682238","-0.00951481964133816","0.126547104691574","-0.00857572747830737","0.000611005858882407","-0.0249961165876638","0.0176476129186471","0.0199474039880046","0.0050490405731053","0.0310507378966277","-0.00226562992986878","0.00942733906223317","0.00429270865107773","0.00537874903495819","-0.00386471161639083","0.0286574457778794","0.00749017588206835","0.0757728836138939","0.0045096129031399","0.0532633980526658","0.034178296822061","-0.00130207512417435","-0.0294170549215664","-0.150094730211046","-0.0562946940877396","-0.27481107386056","-0.198801578645281","0.0967799061879013","-0.0351354954883423","0.107520343711257","0.159382265847701","0.074723546195937","0.0995775136941788","-0.00868740230401421","-0.0219482558475218","0.000250951525847476","0.0437140500017561","-0.0196250069978115","-0.114356078566404","0.1304","0.00661489913419011","-0.0383598927598836","-0.0400759012639291","0.24","0.21","0.000833786068492159","0.00485126914779954","0.0014666753463306","-0.000925087863041796","0.1385","0.1283","0.3092","0.2905","0.2544","-0.000635303925900388","-0.0215634502819118","33.40000153","-0.0920678247992974","-0.0406486102723735","-57.34302","-0.395499999999998","-1.26723","-0.817280000000011","0.0241955325136334","0.00477629700808249","0.110587679908869","0.0630289878216859","0.0115505504512026"
"293","2022-05-01","-0.00154416804583946","-0.00324851395583181","-0.00780550345420306","0.0999999999999996","-0.0152869218969061","0.157320254588537","0.0167601688574646","-0.037337670437644","-0.300000000000011","-0.00325480522779031","-0.300000000000011","-0.0125415225071457","-0.0999999999999996","-0.000286546637426","0","-0.00275103337189009","0.00164880499018416","0.031208206453841","0.0063593219082918","0.00714288751238001","0","0","-0.00772204609391025","-0.0202027073175195","-0.0212773984472845","0.00384986038544177","0.0195022432314413","0.0021367529497347","-0.0168746471005514","0.00203873668984755","0.00570886422032046","0.0436577266210465","0.00909556548448531","0.0076452971779517","0.00100553050201846","-0.03929076814648","0.00658137658929725","0.00403633242246038","0.00750673766375343","-0.0235999153408732","-0.0159253951203233","-0.0155796724767443","0.0104059211611167","0.00703167136368066","-0.01250617550523","-0.0156663815142579","-0.0134876419802898","-0.00209681309252119","0.00602390807355135","0.00498604594765217","0.00623103226422126","0.00536850452193092","0.00687173115342173","0.00200750922043556","0.00462024451596036","0.00442929293235147","0.00510833447641958","0.00893184835994006","0.00859688523750462","0.00852478300359848","0.00412446811712885","0.00825970441446995","0.0423344358017079","0.0655977325669745","0.0403894853046278","0.0431616469991223","0.103184236235231","-0.031119908713805","0.208185067383875","0.123777059596594","0.0334283924487764","0.0387857223123014","-0.0308095841431975","-0.338684626904153","-0.0261158471305594","-0.068208250026534","-0.0179538885983597","-0.0201864439714106","-0.0166143395804128","-0.0184566958471208","-0.0373860574563844","0.0804398219814884","0.2262","0.00353812759456851","-0.00482980074329298","0.00496278934212846","0.27","0.28","0.00307274514750411","0.000721297356442108","-0.00319714766212265","0.00529010495171889","0.1759","0.2252","-0.00190000000000001","0.0707","0.2023","0.00401566849791735","-0.0141369994172003","26.19000053","0.0000531761546298526","0.0265785910894261","-6.19378999999998","-0.229599999999991","-0.748200000000011","-0.685059999999993","0.0151110959621308","0.0291410587716195","0.0379996950288106","0.0122400548945025","0.00704228262541307"
"294","2022-06-01","-0.00273083278001174","-0.00325910120090711","-0.00301841460680752","-0.2","-0.0635975861209701","0.0732034040232952","-0.0569954810493636","-0.0616441631112066","-0.0999999999999943","-0.00253207170168679","-0.299999999999997","-0.0145008769169443","-0.100000000000001","-0.00229533383101632","0","0.00275103337189009","0.0114661370876439","-0.0183232751499807","0.00631913635147896","0.00355240160436843","0.00507186209796107","0.015063046311095","-0.0211523750052267","-0.0631789016215314","-0.0108109161042158","-0.0154891770424603","0.00214362354325104","0.0179803892098649","-0.00895406877816107","-0.0133266964636993","-0.0406638792538967","-0.00389105549296698","-0.0203259030140392","-0.0161231899602496","-0.0223586549725878","-0.0985028849108831","-0.00511510066677001","-0.00403633242246038","-0.0336805327776659","-0.000995520241501069","-0.00283688133519977","-0.00689318337531386","-0.0125001627642316","-0.00100150233708973","-0.000968523078130445","-0.0498746447436273","0.00290562624812551","0.0171092191825934","-0.0014836515437171","0.00709433362722066","0.00693646643507283","0.00535428504193533","0.0110578811745042","0.00139035828525671","0.0100309162730882","0.00577737625018616","0.00532918093706355","0.0193134048934929","0.00869088271169067","0.0119312671773969","0.00387147069412145","0.00624708397891205","-0.0414596726609293","-0.111195956676056","-0.0424039487957799","-0.0761416447076311","-0.20979397129349","0.110970882378215","-0.525625587706871","0.0601297463716914","-0.036320358934498","-0.0537695880474498","-0.0958109309414787","0.378401038116659","-0.0896691858631513","-0.0178046246335066","-0.00755945985770889","-0.0134128770069558","-0.00931272482956905","0.0304474341683898","-0.0123722922155506","0.0794316972469833","0.1613","0.00364378162801771","-0.0495511449200503","-0.0557078640573021","0.28","0.24","0.00977855979530062","0.00991435578224475","0.00774356941257892","-0.00247569398233871","0.2593","0.1609","0.4846","0.4755","0.4859","-0.0641419750665531","-0.0896702780627372","28.70999908","-0.0876515816720964","-0.101782669847217","4.15303999999998","-0.724900000000005","-0.407359999999997","-0.552900000000008","0.0187802829865354","0.00533509570923962","0.101322911216794","-0.00536717560674038","0.00262812240626964"
"295","2022-07-01","0.000394914718743422","-0.00411922075065796","-0.0036341651142191","0","0.0362699258925936","-0.0606246218164355","-0.085679286743364","-0.142656300401524","0","0.00183105519909077","0.100000000000009","-0.0189021898800537","0","0.00725055647268125","0.00941922191649169","0.00547946576462532","0","0.00567377408590808","0.00157356444743062","0.00706716722309242","0.00168492036491941","-0.00166251077361323","-0.0151578490513664","0","-0.0331522073169008","0.00194931835604972","-0.00536769941500381","0.0145684158282906","-0.000817995955631368","0.012307847674597","0.00885396831725416","-0.0097943975922874","0.00307534840024815","0.0259754864032606","0.012257558986084","-0.109276604578583","0.0231726516379016","0.0050428750338618","0.0589983407619554","-0.0303359966091401","0.00283688133519977","-0.000988630826939563","0.00626961301359508","0.00499751165047169","0.00193610902686636","0.0620075024845823","0.00289720803849658","0.0147191742992909","0.00607590792959911","0.00798114420017755","0.0071229112299942","0.00637698362372974","0.0131183750552557","0.00303832095825776","0.00847501901367434","0.00474477313983579","0.00620889764662776","0.00562361702904617","0.00927302069870895","0.0127190850119213","0.00652012812242794","0.00655801676550851","0.0396738151081699","0.0769170727713586","-0.0178676323770564","-0.0219969066840324","0.165191984136618","0.0206303364991722","0.477898687858769","-0.216496248067232","0.0392684507872545","0.0324870042363727","-0.00414079266603107","-0.537733076685916","0","-0.173676399358148","-0.00429970089917386","-0.0168135653331854","0.0108422968477018","-0.0074087153553517","-0.0247963608524269","-0.0919501720872802","0.1125","0.00567338424662012","0.0475364544532209","-0.00462432256646927","0.53","0.61","0.00137446960074072","0.0018398422925987","0.00242336834418211","0.0039625260934546","0.2743","0.1141","-0.2858","-0.237","-0.128","0.0412861141099707","0.0771969018819565","21.32999992","0.0872013846250503","0.0312166233498186","71.27754","-0.991600000000005","-0.3322","-0.42143999999999","0.0120743546159913","0.0114793890367281","0.00726930136139442","-0.0247660008018116","0.00610555756248488"
"296","2022-08-01","-0.000121495611120181","0.00157700038747777","-0.0183716128509808","0.1","0.0526775601239029","-0.0382212128201971","0.0283483550042556","0.1073585183205","0","0.00115793656476626","0","-0.00249491298740789","0","-0.00543298291065408","-0.00626961301359552","-0.00823049913651541","0.00972454989199534","0.00423430413878823","0.00470589103741226","0.00526779093485885","0.00671143458798618","0.0115799474309597","-0.0178431335675837","0","-0.0227282510775559","-0.00194931835604972","0.0255061648403636","0.0143592210778882","-0.0451959763433685","0.00406918160672554","-0.0029426210541974","-0.00493340911795581","0.00815498912930579","-0.0759660611797726","0.00101471343054627","0.0330790909765843","-0.0905968953522267","0","0.00623054975063653","0.0382725462048761","-0.0181043534659882","0.00689997808999632","0.00312012733624378","-0.00199600864671545","-0.0165776590198146","0.0493424960509676","-0.018491762031613","-0.0206356407358257","-0.0293278115309406","0.0041937544953423","0.00490638590627355","0.00666613048927686","0.00212865385533555","0.00711989551546571","0.0128876413099719","0.00683562620382117","0.00581872895952874","-0.0160240040268227","0.00488428364652488","0.00122454445286475","0.00365890855672569","0.00800062803207489","0.0649911178878515","0.110584692454095","0.00813870355281132","0.0112398383897432","0.065099870117054","0.0528103080831812","0.0512667265532265","0.210224013412778","0.0867461390696604","0.0243855180362154","-0.0881436662217565","0.411507422564127","-0.0864671592891231","0.10553859419093","0.00184118472304817","-0.00122568799010803","0.00482826739509096","-0.0117032596369171","0.000833750256735183","-0.108213584640232","0.4318","0.00279050627632849","0.0742463427830753","0.140150320090216","0.18","0.12","0.00850044360745272","0.0104947380670843","0.00737204266384239","0.00184671529304659","0.3867","0.4312","0.3044","0.1824","0.0703","-0.0245375984281822","-0.0561521988871512","25.87000084","-0.0433670306482732","-0.066892200451488","-75.99038","-1.0492","-0.514409999999998","-0.303400000000011","0.00152046706351538","0.00589276456265774","-0.0371125352222946","-0.00402010591666535","0.00606850583638074"
"297","2022-09-01","0.00166927212987922","0.00326738355667011","0.0405747451680254","0.0999999999999996","0.0700769728315054","0.0129034048359076","-0.0575238441381867","-0.0553987793897885","0","0.00276751541388975","0.199999999999989","-0.000197232175781714","0","-0.00086054410818015","-0.00314960890289617","0.00275103337189009","-0.00161420535454138","0.00421645037893459","0.00779427172681935","0.00698083114134018","0","0","-0.0115227612367805","0.0425596144187961","-0.023256862164267","-0.0167244429411948","-0.0222820889686108","-0.0289276369061788","-0.00859850525523154","-0.025708356710207","-0.00987174847915373","-0.00694791876879641","-0.0194778069595705","-0.00653063545533072","-0.0246419039369288","0.0043290110895855","-0.00471328445209807","-0.0050428750338618","-0.031548357734926","-0.0280579527951579","-0.0135529664047036","-0.0218479395258697","0.00517867547845174","-0.00601204215662765","-0.0138616080866241","0.00345612751008062","-0.0138478518807261","-0.00561327760827979","0.0113258789482877","0.0043455970273448","0.00550594711524116","0.00740478451908843","0.0043172101039018","0.00515119253306216","0.01170002548259","0.00539283403896574","0.00598049317607421","0.00432178722066902","0.00927291135382457","0.00732158854055199","0.00788096424485102","0.0101540986328534","0.0251312304117786","0.0383270038976811","-0.0431153562135567","-0.0619535952968118","0.00538156502763876","-0.0309092294422211","0.0180094912556603","-0.0569610389256594","-0.141441203894878","-0.0754195771663202","0.00301659353942529","0.0679213471411915","0.00325910120090711","0.0361959261314722","-0.0351469522171932","-0.0260927014752145","-0.033249057318163","0.000547930680734332","-0.0577223452906385","-0.112520649486557","0.2349","0.00247122514710973","-0.0749135124992559","-0.106580734367363","0.36","0.57","0.0424976727240569","0.0370676757916844","0.0284406655903489","0.0198344798283543","0.6842","0.2349","1.2671","1.1729","1.0573","-0.0628135584729232","-0.104726584139733","31.62000084","-0.0980491666732846","-0.0980465686055307","68.88838","-0.471299999999999","-0.426469999999995","-0.17398","0.00177966078978531","0.0104935537068936","-0.0679910751342369","-0.00808902287308388","0.00860590509287906"
"298","2022-10-01","0.00166649030341581","0.00854140531169634","0.0286653145540248","0.1","0.00233100338647496","0.137529798591218","-0.0402738991379401","-0.0586487270815077","0","0.00106239291207899","0","-0.00725884142789912","-0.0999999999999996","-0.000861285282200974","-0.00315956029036846","0","0.0144348937836023","0.00559442018532419","0.00619197024792051","0.00693243677564492","0.0231415285616947","0.0130720815673522","-0.0345297462082046","-0.0425596144187961","0","0.00494805561736911","0.0053504675528302","-0.00525487283835879","-0.019181058851844","0.0134507977241229","0.000991571722295248","-0.00800004266707699","0.00927363678532878","-0.027398974188114","0.0185381209989117","0.038140216019527","-0.0263278070601487","0.00905894468875168","0.0530545629558894","0.0417971286784615","0.00873367996875452","0.0287006339879108","0.00617921636595753","0.00701054448621719","0.0128778401764915","0.143605602976615","0.00991046305015519","0.0194509252894193","0.0234854759977896","0.0160008884482355","0.0185042229938816","0.00708249741681831","0.0249859804965502","-0.0000335242522449377","0.00914618703302414","0.0073400778651445","0.00585000478478999","0.0020118318528658","0.0251374092329135","0.00712581252990848","0.059347625608877","0.00871141156332823","-0.00437343412518842","-0.0026080580020249","-0.000408914338144939","-0.013583452107504","0.0362602962023324","-0.117118449174898","0.110651402478033","-0.0580469079010646","0.00761796827981343","-0.0704503996294648","-0.00907721815111628","-0.317516084542571","0.00971405372047318","-0.109318190960435","0.00908273121864767","0.0265444455376225","0.0040104674502823","0.0265732445836475","-0.00167896473850519","0.0390021578032691","0.3333","0.00283899134325516","-0.0380655207021299","-0.112576607401522","1.64","1.82","-0.0436647707392765","-0.0382578541989105","-0.0104452682067091","0.000618651623724986","0.4739","0.3288","0.5456","0.6089","0.5469","0.0295834642491766","0.0411716240509303","25.87999916","0.0768345644000856","0.0674911127424522","21.81505","0.0961999999999961","0.101279999999988","0.00342000000000553","0.012300230187968","0.00804830437636178","0.0044776504160567","0.0300022503037987","0.0034217313111613"
"299","2022-11-01","0.00257003482503926","0.0111972581453514","-0.0133528834482934","0","0.0264231340225365","0.0166208812360402","-0.0207619914484294","-0.0203396842371228","0.0999999999999943","0.00318042340508207","0.200000000000003","0.00824461353151573","0.0999999999999996","0.005918306698109","0.00315956029036846","0","0.00793025567597727","0.00139372844860386","0.00308166653740827","0.00859850525523154","0.00163265342388552","0.00808411839995937","-0.0251640176002796","-0.0909717782057267","-0.0732034040232952","0.00786631391598203","0.0116712200166003","0.0104822762735104","0.0017590154051792","0.0173208609426307","-0.000991571722295248","0.0228297756381268","0.0102041701742417","0.0282176398089504","0.0192022069839357","-0.0457283283100187","0.0341709845211744","0","0.0150832422113281","-0.0266682470821609","-0.0126399349358195","-0.0147422817372034","0.00512033888797525","0.000997506317125918","-0.00889773541986472","-0.02635808735248","-0.00891553417597013","-0.00231023296716515","-0.0044781906726179","0.00510863447122052","0.0055689242425171","0.00594258110810595","0.00525552189272029","0.00440219979704031","0.00619928627046406","0.0057618814752661","0.00523740242863729","0.00828496917255508","0.00780254330990353","0.0090745327949351","0.00499535685733198","0.00853393967979773","-0.0101147685204914","-0.0187396152656678","0.0378170752712315","0.0561574156116933","-0.0959729252514983","-0.0610348707521222","-0.1615011973866","-0.0838932487557891","0.0823302683831262","0.174669777137629","0.0416726964005676","-0.0804723532225733","-0.00107469112976588","0.0363984318742681","0.0143380117275234","0.0180311790510819","0.00104356910070766","0.00198692154139657","0.0379204689190518","-0.0206773266740576","0.6818","0.00367287623738655","-0.320962818704981","-0.214815301405862","-0.11","-0.00999999999999979","-0.00917511571516094","-0.00205086942450627","-0.0146055555722437","-0.0172930437494276","0.1403","0.6742","-0.6956","-0.6925","-0.6297","0.0656836993160539","0.0687607026453438","20.57999992","0.0523579761153137","0.117307400464229","-61.53216","-0.119699999999995","0.419280000000001","0.159930000000003","0.00020161906830742","0.00370349644702365","-0.0657623483169409","-0.00592887112227825","0.00085360653924127"
"300","2022-12-01","0.00120714645272102","0.00919709348091757","0.00175182526553197","0","-0.0240975515790609","-0.104140259252596","0.0805804866593398","0.152191815341926","0.100000000000009","0.00081619085258211","0","0.00928414645159492","0","0.00237653992742537","0.00314960890289617","0.00274348594575091","0.00315457674851594","0.00416956823672532","0.00766287274556898","0.00512383699986962","0.00488202759730783","0.00481928643594909","-0.0213151941990466","-0.0240975515790605","0","-0.0118227978110559","0.0270568013875128","0.0155202287590965","-0.0458507275650666","-0.0183491386681967","-0.00796816964917646","0.0290155751735721","-0.00203252102492257","-0.100643525779687","-0.0273989741881149","-0.00545555090153726","-0.113203693118852","-0.0050226122662913","0.0285312023721502","0.00399600931338195","-0.00588814262522241","0.00296589441337769","-0.0112995552539328","-0.00499751165047169","0.00198412763504674","-0.0124526199053294","-0.000994928874185064","0.000640340094651748","0.0044284834855759","0.00343867062828586","0.0048805480978973","0.0060077413363262","0.00206126531266817","0.00447275914529924","0.00735280227086844","0.00612512146113259","0.00484421720814054","-0.00511681855436068","0.00367392165566653","0.00224544052314389","0.0027948383040749","0.00771297603438338","-0.000977511136703413","-0.00154933700015469","0.071156537185912","0.0994120867138442","0.359451395962392","0.425467309612927","0.0878369794003548","0.249607069150084","-0.00871683692737157","0.0380363036765612","-0.0447168387817962","0.0490561569891943","-0.0361287240885053","0.00745345065458114","0.0120942935740977","0.048183464191118","0.000608246097737408","-0.0138583368349403","0.0367811437207008","-0.122003260604053","0.3182","0.000430364389879756","-0.15492461201025","-0.117445385217849","-0.45","-0.550000000000001","-0.024579988728604","-0.0119358351605605","-0.00637141391252882","-0.00825621134967136","0.2555","0.318","0.1271","0.0844","0.1144","-0.0157086002134008","-0.016324979810987","21.67000008","-0.0607818252732706","-0.027980626889589","-77.43958","-0.121099999999998","0.399470000000008","0.281269999999992","-0.000673738263647044","0.00235703427612689","-0.0769775700163057","-0.0149778136970351","0.00764984606040375"
"301","2023-01-01","0.00274084173810252","0.0038657577574206","-0.00585139176846461","0.1","0.0387292138471249","-0.0309622256039672","0.0348688256508236","0.121696934977519","0","0.00190185865842274","0","-0.0103356712593152","-0.0999999999999996","0.00180240052589209","-0.00314960890289617","0","0.00627945548484288","0.00277008487381547","0.0045696956900656","0.00340136382348977","0.00808411839995937","0.00479617226349305","-0.00179694567670197","-0.0500104205746617","-0.0256424306133374","-0.00397219986043318","-0.0123968529768286","-0.00617921636595753","-0.0461258233953759","0.0163268932874292","0.0158733491562897","-0.0153701392766585","0.00810541418282185","-0.0889053949313823","0.0223814021961353","0.0676790985806672","-0.107988638064096","0.00902261759963707","-0.0176129797682769","0.0138616080866241","-0.000984736662539731","0.00295712388974412","0.0143592210778882","0.00897761640709849","0.00198019866686217","0.00972115860194123","0.000994928874185064","0.00258777974499935","-0.00191768019739769","0.00170701506714424","0.00413344302904861","0.00259163564468219","0.00488660420275629","0.00115930912456594","0.00753774628937368","-0.000807907084384654","0.00559988397137175","-0.0191147880828162","0.00679197511772286","0.00613556505531466","0.00361643452637911","0.00673981519210369","-0.0644114319017763","-0.109012014967325","-0.0737328080150128","-0.0940683112915472","-0.402288485360671","-0.299502059261139","0.0333599175203725","0.15107006811491","-0.00824650697907892","-0.070153389029425","-0.0532206962049093","-0.0659579677917979","-0.0514693352294806","-0.0533798887805039","-0.00940567509138646","-0.0085509481272229","-0.0139960297273252","-0.0312366522433987","0.00401360247191873","0.0193372810410901","0.25","0.011201447820131","-0.0430483314769496","-0.04095261956126","-0.39","-0.29","0.0044994696209848","0.00776973392662228","0.00365273495863505","0.0114475509689687","0.2268","0.2496","-0.0587","0.00999999999999979","0.0621","0.0433613916079523","0.0517082615839186","19.39999962","0.0599211819186731","0.0604327412188805","2.13110999999998","-0.0566000000000031","0.429010000000005","0.380670000000009","0.00293988429816033","0.0138457637381617","-0.0238159942904847","-0.00403226352793862","0.00590968372522838"
"302","2023-02-01","0.00234332859739084","0.00791898862914309","-0.00176211499339907","0","-0.0123666556372122","0.107245530353597","0.0185190477672377","0.0703807967617998","0.0999999999999943","0.00286105994076635","0.200000000000003","-0.0111747782366516","0","0.00227208277238589","0","0","0.00624026986008452","0.0110042375910133","0.00606062461169099","0.0101352218940436","-0.00161160389434123","0.00794285351393675","-0.0072202479734873","0.02531780798429","0.0256424306133374","0","0.0123968529768286","0.0305211890348867","0.0200292818755727","-0.00507357760070182","-0.0108858076452512","0.0220209951465682","-0.00505817972735301","0.068795027980519","-0.0162275366217566","0.00408163831964803","0.0696424330557477","0.000997506317125918","-0.0099207162867474","-0.0198616260867217","0.00295130563458024","-0.00889773541986472","0","0.00297471711674291","0.00197628522821169","0.0113937761962655","0.00792944055506872","0.0135515612238564","0.019480913602882","0.00739550830415635","0.00668445333943533","0.0100129061960189","0.00861635491519441","0.00565598583296624","0.0101929124765274","0.00866364708998156","0.00619890970549573","0.00189677130418682","0.00792001156428057","0.00922818769331094","0.00575683538237323","0.00705550843811393","-0.0147238496647155","-0.0410606778898863","-0.016400988629643","-0.022041987602007","-0.0405346111439009","-0.0440045853694198","-0.0658949551577432","-0.256076225158115","0.00374269442737152","0.0125687333863418","0.0143657698020334","-0.0524901826213959","0.0289204655428676","-0.0255633135596156","-0.00597195427246522","-0.0099771294338194","-0.00556513957833162","0.00866288533462445","-0.0120894601254126","0.00109031448199115","0.475","0.00643315807819889","0.0826613385124126","0.0758560002409716","-0.3","-0.35","-0.00605809081708486","-0.000829215538621142","-0.00541938747750059","-0.00622472659071782","0.1995","0.4746","0.0427","0.0438000000000001","0.0779999999999998","0.011392325236697","0.00250527230915765","20.70000076","-0.0264594790307005","-0.00894380416273322","-9.37596000000002","-0.249399999999994","0.807019999999994","0.453389999999999","-0.00111115551667678","0.00512910262210483","-0.0665653181796224","-0.0142423567155427","0.000841396768191949"
"303","2023-03-01","0.00443127764843076","-0.00185765756428502","-0.000588062351554619","-0.1","-0.02752467339009","0.0708743395866573","-0.0861776962410525","-0.0967675519349944","0.200000000000003","0.00228296884977475","0.0999999999999943","0.01380151996237","0","0.00894334038132083","0.00628932890756406","0.00273597981887441","0.00155400186673482","0.0108844611984233","0.0105185041912206","0.00502934840500124","0.00482704074831553","0.00630916919326463","-0.0266192862752774","0","-0.0519597389307114","-0.00498754151103853","-0.00514669175176863","0.0159049078396647","-0.0123517009765379","0.00406091928631547","-0.0120121564480034","-0.0229895182246986","-0.0040650462481695","-0.0424391832751567","0.00102197249569258","0.0310801958942175","-0.044617065488807","-0.00399600931338195","-0.0638076483765557","-0.00200803280324546","-0.0108643043919052","-0.0140002286733898","0.00609138939340248","-0.00496278934212935","-0.0119167249334629","-0.122615288400113","-0.0129167716522911","-0.0104460597569656","-0.015150358089052","0.00486257419009283","0.00549567995629921","0.00754665559613167","0.00499311505725261","0.00475827313947744","0.00800604978413247","0.00617972621778934","0.00542847785041801","0.000524148009238231","0.00563125534379544","0.00659521375957321","0.00520021628178164","0.00612166688101433","0.0113115992965884","0.00513822359984673","0.02256769233278","0.022543918114474","0.0693726193719435","0.0328727450005761","-0.030571160505267","-0.00889685583773669","0.0155221464673581","0.0548830330272931","-0.0338469053738555","0.200126181427461","-0.023069073774403","0.0333656938438001","0.006814507077892","0.0213020044437676","0.00362527476050505","0.00811495488272751","0.00404608123919803","-0.0516821005980512","0.1011","0.00583495228545594","0.144363175788","0.174732422490402","-0.100000000000001","-0.0499999999999998","-0.0194812250293523","-0.0125201322711561","-0.00943251305524129","-0.00651905790293483","0.1178","0.101","0.1066","0.00850000000000017","-0.0478999999999998","-0.0346510353072116","-0.0502273884638775","18.70000076","0.0344512928837091","-0.00061978498726134","52.37101","-0.249660000000006","0.905249999999995","0.478499999999997","0.000519305603549081","0.0000440453279649782","-0.0486560889151726","0.0137371786295279","0.000840689414792983"
"304","2023-04-01","-0.000508001026926053","0.00359608298905734","0.00410919275013377","0.1","0.0376541916289455","0.0808520966290951","-0.0134230203321408","-0.0326115855887608","-0.0999999999999943","0.00188851807503454","0.100000000000009","0.0205764569817255","0.0999999999999996","-0.00563911268777062","-0.00628932890756406","-0.00273597981887441","0.0123458358222992","0.00135226525001375","0.0133632278121665","0.00832644277655437","0.00480385231264524","0.00470589103741226","-0.0302194855609903","-0.0779615414697119","-0.0270286723879192","0.00199800266267225","0.0284861580710718","-0.0179109265665307","-0.0261516114021436","-0.00507873107901613","0.0130066866145118","0.0115608224010764","0.0141559492301324","-0.0263558447053622","-0.00102197249569258","0.0330127066218537","-0.0358045018217679","0.00299850299625604","0.0487395581624881","0.00200803280324546","0.0059406115301206","0.010020123916763","0.00101163387484426","0.000994530166508412","0.0109290705321907","0.104986990644877","0.0139028652731925","0.0189797114422028","0.0299905852993767","0.00794060201309281","0.00639793595488421","0.00880372929113843","0.00649118865520429","0.0106163220086606","0.00690555147152343","0.00595222909902107","0.00528435436363137","0.00369049998431678","0.0105193960792631","0.0112875238766743","0.0160545494299152","0.00993143776048477","-0.00931712693618536","0.012772702966684","-0.0208166007951753","-0.0346585381070454","-0.105180781920035","-0.0193964079902038","-0.151355607495562","-0.00178890924272412","0.0516687028401819","-0.0393910598091374","-0.092690662916775","-0.159064694629687","-0.0527068090499698","-0.093153612222773","0.0129784423770705","0.010840701500438","0.00149931676893744","0.0248363883000309","0.0257874134007971","0.0762004608854143","0.1739","0.00720862883301265","-0.00667504446577993","-0.0408285123416068","-0.0999999999999996","-0.140000000000001","-0.00224105333271574","-0.000951226571627828","-0.00274215210299289","-0.00180912598497507","0.1934","0.1743","0.1098","0.0865","0.0598999999999998","0.0298421866152907","0.025907826314846","15.77999973","0.0145361774382771","0.0504715673124099","-80.54168","-0.293869999999998","1.03266000000001","0.484300000000005","-0.00190327078445452","0.00122442146226929","-0.0525773568210841","0.00504033325140618","0"
"305","2023-05-01","-0.00317337032464593","0.00462108031206832","-0.0219138173836404","0.2","0.0733878280937938","0.0192313619278872","0.0134230203321408","-0.0280130362276747","-0.200000000000003","-0.000149752160455208","-0.100000000000009","-0.0186763745099858","-0.0999999999999996","-0.00567109270381572","-0.00315956029036846","0","0.00459067370859856","0.00807541400554523","0.00881062968215485","0.00825768523898152","0","0.0031250025431353","-0.0174085634282637","0.0266682470821613","-0.0419641990990316","-0.00801607498823564","0.00100250634962595","0.0218479395258697","-0.0198222545741711","0.00710302326824674","-0.00798407434822046","-0.0380719479494083","-0.00301659353942529","0.00197628522821169","0.00306278953054573","0.00190839752576011","0.000984736662539731","-0.00199800266267225","-0.011196045705085","-0.00100351237724006","-0.00892420399700811","-0.00600001800009764","0.0050428750338618","-0.00398406901487469","-0.00893306188547527","0.00142239498189234","-0.0069268151106181","-0.00587832695746471","-0.00720853424754608","0.00532996664897655","0.00585718691772366","0.00806332018634993","0.00454515708527769","0.00320116904242814","0.0103835228396718","0.00774215830248052","0.0053328267887924","0.00591422768708666","0.00697558192705719","0.00485918154268284","0.00775900369951992","0.00438197071119026","-0.0203716502333648","-0.0428505857721948","0.0516251213718668","0.0713425172606943","-0.0368717411583948","0.0358441471992297","0.117190794004486","0.0820378237424375","-0.0282665216012088","0.0999891589671158","-0.304611134552228","-0.0964602661875622","-0.243961453975647","0.0651307627894688","0.00997791331684006","0.00481355854403653","0.0129587664062925","0.028467334168325","0.00168505556421031","-0.114671741813212","0.175","0.00234148275938573","0.0308262718085093","0.0396741957546425","0.12","0.12","-0.00683896971866282","0.00195157601496554","0.00168276749011476","0.00226180700177814","0.2097","0.175400000000001","0.3197","0.3118","0.3256","-0.051991025998797","-0.0368186297570414","17.94000053","0.00247927151579042","-0.061693590054023","21.27645","-0.0621000000000009","0.842169999999996","0.423329999999993","-0.0067693215550522","0.00532168557228965","-0.0502225892038856","-0.051055170800284","0"
"306","2023-06-01","-0.00225140808045587","-0.00833338155914554","-0.0096270298271639","0.0999999999999996","0.0175352610645252","0.0909717782057271","0.00995033085316788","0.0280130362276747","-0.299999999999997","-0.00173876591457933","-0.199999999999989","0.0093817874919333","0.0999999999999996","-0.00475060275859818","0","-0.00274348594575091","0.0226424767497599","-0.00537635703638006","0.0014609206396754","0.00492207720542837","0.125914598935263","0.0292103780998012","-0.0147422817372043","0","0","0.018934297592109","0.0296171697036467","0.0261769672884435","0","0.0239771726259708","0.0227845418532011","-0.00598804184462232","0.024864533065295","-0.0119167249334629","0.0221783283965724","-0.039869159764983","-0.0198813705538292","0.00199800266267225","0.019260605541815","0.00300752106395574","0.00595830958363042","0.00600001800009764","0.00801607498823564","0","0.00893306188547527","0.0198222201568434","0.0079128431382367","0.0079195154881937","0.00894174947069182","0.00275560837755707","0.00128253522632596","0.00254704102806205","-0.000223465076167151","-0.00480082158941332","0.00122993307908801","0.00449587813617144","0.00526833329744227","-0.00966204809446265","0.00320885598643071","-0.000608363065493406","0.00427335205520019","0.00537376615974616","0.00532202131371839","0.0124763208985428","-0.030873924083652","-0.0525778639076648","-0.267813286978339","-0.313943796548775","-0.31058586991792","-0.187199413598932","0.0578069546459172","-0.0438068452360945","0.237671651877119","0.321900029762122","0.179176900114483","0.0271589184940408","0.019606831873463","-0.00529023137675289","0.0133940217965648","0.0431545234270301","0.012587801648266","-0.00838272489088787","0.2341","0.00674087572988213","0.0989907571889805","0.0641799716560438","0.67","0.77","-0.00657732608183004","-0.00184536005790825","0.00143545623679842","-0.000975489457522016","0.357","0.2344","0.6253","0.4038","0.1979","0.00721784369221901","-0.0164840605362659","13.59000015","0.0627188649866781","0.0140079757731266","-18.29338","0.290770000000009","0.448989999999995","0.340209999999999","-0.000455139708906072","0.000471053433902628","-0.0204672185628528","-0.0322608622182212","-0.000840689414792983"
"307","2023-07-01","-0.00204566720957899","-0.00536069341085721","0.00722894714315103","0","0.0111846615878948","-0.00435730536895562","-0.115310846510994","-0.20806444448709","-0.200000000000003","-0.00255366589631834","-0.300000000000011","-0.000389155537405372","0","-0.00362561221505864","-0.00316957476127921","-0.00275103337189009","-0.00749067172915741","0.00403497521217933","0.00291545396012349","0.00326797676461599","-0.0791041810912727","-0.01066270574404","-0.0220229120874365","-0.0540672212702757","0","-0.0059406115301206","-0.00292255444260192","-0.0340665545636059","-0.0222681266057707","0.00492369286178462","-0.0138069254461026","0.0315297053684063","-0.000982801061907956","-0.0355909451027019","0.0168071183163807","-0.0251143284841477","-0.0378561827011596","-0.00299850299625604","0.00999009307508647","0.00499252160312125","-0.0139583522507074","-0.00199600864671545","-0.00600602406021178","-0.00199800266267225","-0.013930573535947","0.0675491545515143","-0.0168906269638009","-0.0114522594812989","-0.0124469713063888","-0.000749741946736883","0.000243529064099975","0.0035136949698027","-0.00826928876091624","-0.0048288506556842","0.00514461892598226","0.00706721171790676","0.004259560976904","0.00258276469605605","-0.00529753177534098","0.00189778645706546","-0.0182494062198928","0.00870184569638043","0.00894661011737519","0.0263846768257299","-0.00157096882516861","0.0019981592245859","0.230636301783982","0.167512025654025","0.339136991708362","0.15748389804757","-0.0139444490586325","-0.0290396995977797","-0.096849825989918","-0.214011067750937","-0.12271644477434","-0.0569042390171379","0.0113876874794503","0.0138496531924401","0.0000858332260944838","0.0175201412155843","0.0195992476221127","0.0680481888211366","0.3409","0.00422825769495283","-0.0608805267946337","-0.104465401919642","0.76","0.73","-0.0110668891458552","-0.00258125208853421","-0.00595704577854939","-0.006690378241613","0.4041","0.343","0.122599999999999","0.0712999999999999","0.0429000000000004","0.0245386851647851","0.0387156102830932","13.63000011","0.0306639508791928","0.0289434005118752","16.35738","0.39076","-0.00164999999999793","0.270099999999999","0.00222191570840319","0.000042904303768313","0.015517222895389","-0.024897551621728","-0.000841396768191949"
"308","2023-08-01","0.00429707529003487","-0.00152020142707165","-0.0114700925491471","-0.2","-0.0476280489892549","0.0173164500114602","-0.0729690198665915","-0.100083458556982","0.200000000000003","0.0017131783641009","0.100000000000009","-0.00912355628045436","-0.0999999999999996","0.00305402031610136","0","-0.00275862243907943","0","-0.00134318354646812","0.00435730536895562","0.00650408796917645","-0.0184620628397347","-0.00153256734977791","-0.0152986155618633","-0.0870113769896297","0.028170876966696","-0.00198807222538644","-0.00783549552394902","-0.0373215276493006","0.0322283683108262","-0.0238579904538936","-0.0039801047566268","-0.025541663523784","-0.0108750453888753","0.0660901118289896","-0.0198026272961789","0","0.0743313942362001","0","0.00396825917562094","0.003976148379639","0.00200601872686601","0.00299252093645475","0.0129677627690112","-0.00501254182354494","0","0.000432189518105197","0.00100182786701719","0.0082086211119865","-0.00739562778994873","0.00238941002764276","0.00157553847272643","0.00123786533950454","0.00334193286437758","-0.00528837898628468","0.000834969349889943","0.00123050362819092","0.00429093481135268","-0.00108493991403076","0.00559792958837833","0.00501552505263963","-0.0000754557188483345","0.00959175594893474","-0.0249018479435659","-0.0520796728339477","0.000602496449088719","-0.00184129647916542","-0.0127992843576479","0.0953960203983932","-0.0280246674481957","-0.018435677545841","-0.0223865617209018","-0.0224117690955907","0.136440293260926","-0.0143063956512375","0.135754439112469","-0.00919124117554837","-0.00266302040251709","0.00650323058269886","-0.000686872182925236","0.0118133588366929","-0.0136003346915536","0.0726892727469126","0.2273","0.00561460992884477","-0.220289402503475","-0.0842175674344823","-0.18","-0.04","-0.00421861624736763","0.000533612794084704","0.00833885935406009","0.00376716132726607","0.0427","0.2307","-0.0167999999999999","0.0926","0.1492","-0.033545779815249","-0.0285110006955609","13.56999969","-0.0178752039120749","-0.0398214713638483","24.39053","-0.0929000000000002","0.183160000000001","0.244430000000008","0.00505319370711762","0.00105374737002357","0.107941749360551","-0.00392927813988919","0"
"309","2023-09-01","0.000629486988907857","-0.00433941922956294","-0.028327017180926","-0.0999999999999996","0.00105988351204278","-0.108704201600889","-0.0241947285870561","-0.0781647728493367","0","-0.000150161423812634","-0.100000000000009","0.00104691496835496","0","0.00133320655877345","0","0.00275862243907943","0.00749067172915741","-0.00404040953700502","0","0.00161943355230232","0.00464756839654701","0.012195273093818","-0.02181904739464","0","-0.028170876966696","-0.00498754151103853","-0.00295421189743106","0.0353393664453092","-0.0200206887308969","0.0159684031787313","-0.0110276806770626","-0.0180727810596943","-0.000994530166508412","-0.0496626376870424","0.00995033085316788","0.0131381374374318","-0.0577849981217913","0.00100050033358379","-0.0230355704018237","0","-0.0120969217088289","-0.00800004266707699","0.00986201286911559","-0.00201207311341989","-0.0120969217088289","-0.00379603519114546","-0.0151291621867617","-0.00409717667214338","-0.0211494795464038","0.00569847907361186","0.00292129038056237","0.00478083379505299","0.00390115598825097","-0.00267554782955436","0.00204289899574238","0.00707435819576154","0.00383809848133919","0.0171858011458958","0.00710246278819099","0.00571942336349829","0.00898330909728009","0.00445900807938745","-0.0211044757401897","-0.0363004914775402","-0.0509129572609606","-0.0717429326458241","-0.224124149557667","-0.25051768874193","-0.27098022283385","-0.262191194200531","-0.00868290959255091","-0.0557773307966158","-0.0888615162777908","0.0802643634430353","-0.0823121202215358","-0.0167601688574655","-0.0110444049762481","-0.0207105375700816","-0.00326910132847844","-0.00446276507272447","-0.0253440405887956","0.0842216506656568","0.0227000000000004","0.00538652014477314","-0.0884467419617714","-0.0286074335496824","-0.29","-0.27","-0.0137863812498793","-0.00112710901843904","-0.00702585461045224","-0.0131305930936616","-0.0144000000000002","0.0244999999999997","-0.234999999999999","-0.1099","-0.000399999999999956","0.0165417488891482","-0.0176931793970105","17.52000046","-0.0499461677949444","-0.0113137791796669","31.54943","-0.0544000000000011","0.0783100000000019","0.221299999999999","0.00744411507120839","-0.00143907541264949","0.105736998689908","-0.00677203490994494","0.000841396768191949"
"310","2023-10-01","-0.000629486988907857","-0.0105158409824639","-0.0552129950532452","0","-0.00637621713927583","-0.0796440630599253","-0.0123204843880407","0.0553500950831651","0","-0.000300390509918813","-0.0999999999999943","0.00651850297180268","0.0999999999999996","0.00522045701773166","0.00632913505164767","0.00275103337189009","-0.00749067172915741","0","0.00433840159859855","-0.0048661896511728","0.0015444018513735","-0.01066270574404","-0.00421053253634351","0.0588405000229333","-0.0289875368732524","-0.0130852395486558","-0.0039525743158233","-0.00796816964917646","-0.0339364185713107","-0.00795232819049563","-0.0162605208717803","-0.0277367549715999","-0.00899556290857806","-0.0205768576887593","-0.00695482187336971","-0.0357728486143056","-0.0291383778117691","-0.00300450902029947","0.0319069937892431","0.00396040121609698","0","0.00500752173062224","-0.00196463717416506","-0.00504796629730464","0.006066752682238","0.0516296448138016","0.00910493636445153","0.00658701921355842","0.00774311440192577","0.000482491703140836","0.000722589770824393","0.00203731390994825","-0.00672681647595462","-0.0041193490263229","0.0039933253564627","0.00403752721702758","0.00294167501053684","-0.000319422796736549","-0.000769259565931899","0.000878668683745803","-0.00123125511584292","0.00690149350821321","0.0023920426776769","0.0131354884756956","0.0693482732530999","0.0965292685478332","0.0778301383027067","0.237268647010861","0.114634152443156","0.111136826477967","-0.000813278666688788","0.11179984281317","0.0607434501690198","-0.148845627597566","0.0440236149145186","0.0259514100330138","-0.0111578013629963","-0.00514047754785218","-0.0070910016945229","-0.00576757587421017","-0.0179994271766099","-0.0338574005906613","0","0.00495705819649039","0.104814559889311","0.0912554363262021","-0.220000000000001","-0.31","-0.00712875373482724","-0.00308098314211058","-0.00324038047265418","0.0028519953776982","-0.117699999999999","0.00170000000000048","0.0370999999999997","0.1496","0.2228","-0.0427926958282825","-0.0676851161747418","18.13999939","-0.0222248409997654","-0.0366954400066937","-5.29509000000002","-0.0113000000000056","-0.178539999999998","0.183459999999997","0.00329763925810437","0.00241059285747599","0.0107095524645642","-0.00510929297680818","0"
"311","2023-11-01","0.000869187364587631","-0.00392740760695709","-0.00463116937556762","-0.1","-0.0336074988910884","-0.14469637648813","0.0945585826250124","0.116072171252754","0","-0.000180277628034631","-0.0999999999999943","0.00828215669167065","0","0.000189322226994193","0","0","0.00749067172915741","0.00269541942167262","0.00431966114451665","0.00970881412696123","0.00461894585629441","0.00762780204888625","-0.0256424306133374","0.0555698511548108","-0.0451204352804702","0.0030349036951538","-0.00496278934212935","-0.00803217169726445","-0.00104657257067142","0.01485911440375","0.00408998525152526","-0.0263867551731947","0.00600602406021178","-0.00104004169541394","0.0216971036105731","0.0297305341583431","0.00421496935931209","0.00300450902029947","0.0019607849419403","-0.013930573535947","0.0150984247125852","0.00199600864671545","-0.000983767910132549","0.00605450890870607","0.0160003413464409","-0.0479664204277217","0.0149921480313155","0.0113171339094507","0.0229590188315036","-0.000290910721329448","0.000922929758416968","0.000915739867008158","-0.00385843834281804","-0.00314837071951026","-0.00406703824918973","0.0032224708794141","0.00224566981557285","-0.0108013677639975","0.00123566432018929","-0.00196039727253648","0.00368181523572448","0.00462200614873759","0.00683495195671568","0.0224628790481276","-0.0254651526410132","-0.0379102723319988","-0.0820436276824426","0.0185283576954109","-0.109128288568633","0.0199309039001827","0.0113261488767833","-0.0611181969196135","-0.156053629973345","0.143512281622203","-0.112413895241326","0.00456413389293697","0.00614755780468013","0.0211095890783337","-0.0026938969148344","0.0223813557667034","0.021303350565628","-0.0883367582306986","0","0.00785975387457682","0.061325440964902","0.0449360549860955","-0.13","-0.319999999999999","-0.00180844767385402","0.000772220790681288","-0.00103012324622576","-0.00056800157517678","-0.0414000000000003","0.000399999999999956","-0.2938","-0.2974","-0.2983","0.0248384613388755","0.0651709135949101","12.92000008","0.0854244481946527","0.0601230307368987","1.55433999999997","-0.388270000000006","0.281739999999999","0.146420000000006","-0.000788151582730527","0.00435827653153638","-0.0254097116254987","-0.000569313992034637","0"
"312","2023-12-01","-0.00194923067130404","-0.0106696450664217","-0.033718635999298","0.2","0.0250421360321651","0.113114804437831","0.110235830021001","0.0852975805118952","-0.200000000000003","0.000420597254292332","0","0.00859751221659799","0","0.00566306374246128","0.00628932890756406","0.00547946576462532","0.00298062813813793","0.0317907566494968","0.00430108189939027","0.0032154368539743","0.0030674870678622","0.00151860317718988","-0.00869570696755417","-0.0273989741881144","0.0303053494953289","0.00302572091653719","-0.00398804117795581","-0.0142134372500555","-0.00209643682652771","-0.000983767910132549","0.0222007099801917","-0.0249065392143555","0.00696173870879946","-0.0210312693849124","0.00194931835604972","0.0190100772249737","-0.0223294763980881","-0.00300450902029947","0.0165132455611685","-0.0284572048140355","-0.0366266779762343","-0.0262641359191527","-0.0108858076452512","0.00401606965488988","-0.0353393664453092","0.00620196266706863","-0.0384268637139069","-0.0391311375972094","-0.0316711078166882","0.00324338288126627","0.00226759598297235","0.00459745005067468","0.00096874079101596","-0.00389112262272079","0.00336725774303157","0.0077299849365617","0.00331941206782758","-0.000756870573167446","0.00198450663507638","-0.000250784530336519","0.00529261196931455","0.00269138442384442","-0.0217016404138803","-0.0526959380609284","-0.0222535098976628","-0.0430477292641971","0.132915439417491","-0.1354238488031","0.0644527247323881","0.0059026241224549","-0.00190322874227888","-0.0252336023540902","-0.0293143876687756","-0.20394402080712","-0.0167050202000025","-0.0380556361992381","0.00893064069235816","-0.00329121660592546","0.00969872514211453","-0.0208984860410197","0.0177814356845069","-0.0661635044006461","0","-0.00856119504604713","0.0919153240039972","0.0442613008911472","-0.21","-0.25","0.0100122050407503","0.00810347038418691","0.0136699685775579","0.0037376400962259","-0.0197000000000003","-0.000499999999999723","-0.4296","-0.4099","-0.375","0.043022277300139","0.0768299962707495","12.44999981","0.0432790353369885","0.0201718289519688","-34.06042","-0.194459999999992","0.388850000000005","0.141959999999997","-0.000643288008771654","0.00457838179883016","-0.0313462757456518","-0.00342270727750194","0.00251995093451285"
"313","2024-01-01","-0.0000300178606291723","0.0016859348887408","-0.0138123742876113","0.100000000000001","-0.0140771138908367","0.0919013622838216","0.13226796857775","0.060994512702842","-0.100000000000009","0.000540508090752567","0","0.00248843644122054","0","0.0052567472970777","0.00625002034517141","0.00544960476756495","0.00593473551981472","-0.0264216162344386","0.00570614957685489","0","0.00610688920817903","0.0075586149739264","-0.0131870042819537","0","-0.0150378773645405","-0.0131780923805547","0.0188031269630962","0.00204290162980048","-0.0276613380883477","-0.0168738494898735","-0.0130589500220974","0.0195445960729703","-0.00297766969392477","-0.0356987609840864","-0.0216543894353824","0.0157328712188995","-0.0316793285389645","0.007992050531338","-0.00870832789178433","0.0284572048140355","0.0336251749724781","0.0262641359191527","0.00891536365795265","0.00300150300375623","0.0323587383071713","-0.020232938707796","0.0304588473008742","0.0307034627121929","0.0232166398951446","0.00182334027283023","0.00190774133084355","0.00105917809499521","0.0030559767417636","-0.00123957264370354","0.00334365492291192","0.000652835281732793","0.00219600406585431","-0.0114949634196786","0.00347072956673341","0.000598409207737206","0.00562835353167132","0.00523512001843622","0.057242412492851","0.0726879120256019","0.0247689031839098","0.0307754294129268","0.0519246415647654","0.105523448448411","0.254811808813077","0.122621184856294","-0.0102368607617791","-0.0177998227012104","0.340061733051552","-0.0265796378047121","0.267182418215248","0.0641245281695388","0.00594749632432734","0.00364320534592011","0.00421379133196861","0.0185947719455326","0.00378638931505576","0.0315715603800282","0","0.00787880938129959","0.0426110466821754","0.0665733929417573","-0.25","-0.32","-0.0155680566747343","-0.00785553805676287","-0.0129255502127315","0.000055899815496474","-0.0161999999999995","0.000499999999999723","-0.0141","0.0697000000000001","0.1328","-0.0140274084197127","-0.0169847870297257","14.35000038","0.0157706938416915","-0.0189376134239567","41.69929","-0.127840000000006","0.285779999999988","0.140879999999996","-0.00054009039889637","-0.00478953835359362","-0.0291931278508361","0.0130572391566481","0.000838574472620479"
"314","2024-02-01","0.000660184875737713","-0.0095509400391407","0.0110651198124723","0.0999999999999996","0.0226424767497599","0.132311136219293","0.00588236990306701","-0.011904902506318","-0.0999999999999943","0.00134999345506159","0","0.00197358014083271","0","-0.00159287923115059","-0.00312012733624378","-0.00544960476756495","0.0058997221271877","0.011976191046716","0.00708720188305456","0.00958473791298786","0.00152091284070721","0.00600602406021178","0.00110558330774957","0.0273989741881144","-0.0152674721307884","0.00813012608325003","-0.008862687257845","0","0.00859296372283236","0.0158891128273337","0.0110609473594252","-0.0586775937751192","0.00693415358899863","0.00220022090960192","0.0206802052375386","0.0448334500582384","-0.00333518930613774","0.000994530166508412","-0.0206192872027353","-0.0141273792592109","-0.00301053915287142","-0.0110276806770626","0.00393701295933901","0.00299252093645475","-0.00199203253124036","0.00149987140978336","0.000999825481427408","0.00189970304586495","0.00524448483838569","0.0039662278533156","0.00215056468164705","0.00272991305718347","0.00231717450031679","-0.00580877243289574","0.00117963066778956","0.00424291324856819","0.00314679985096578","0.0031480795520286","0.0044006009064136","0.00292553547737467","0.00369555130505621","0.00744467222196802","-0.0167080320786255","-0.04302368975703","-0.0115623518265338","-0.0199872597243118","-0.182380055141394","-0.0954714831355883","-0.257389129827377","-0.13396532623949","-0.00407967038412949","0.00391071054054315","-0.308527588644464","-0.0769610411361281","-0.223729889648217","-0.1145716935466","0.00174419709610252","-0.000351988739994646","0.00419610977491799","0.01687166371077","-0.00623940736013467","0.0410815714113832","0","0.0044924637474324","0.102547934034904","0.0663435135096133","-0.0199999999999996","0.0499999999999998","0.00596357932088765","0.00609816502227467","0.00361224542239746","0.00339431933332079","0.00380000000000003","0.000799999999999912","0.2793","0.1911","0.1379","-0.00236319182572231","-0.015781463914081","13.39999962","0.0504275284756908","0.00981903220298408","-46.42777","0.11251","0.0381800000000112","0.160089999999997","0.00152048437206401","-0.000264333199062393","0.0223507191625805","0.00337838159162729","-0.000838574472620479"
"315","2024-03-01","0.000269950060877377","0.0114742487219335","0.00206114810174007","0.100000000000001","-0.00856536285892329","0.0211424365738093","0.0430482535685135","0.0178046246335066","-0.0999999999999943","-0.000299841086471631","-0.100000000000009","0.0079187009081112","0","-0.00206514670223079","-0.00312989300892763","-0.00273597981887441","0.0058651194523982","-0.0227434552313319","0.00843886864586452","0.00791769773678475","0.0105821093305369","0.00745715610808251","-0.014468811119916","-0.0273989741881144","-0.0472528848505451","0.0100705785635959","-0.0169580123638973","-0.00614126802208315","0.0180185055026785","0.0339015516756813","0.00299550897979817","0.0446004798842825","0.00884526651496653","0.014184634991957","0.0447907168999837","0.0384310788564823","0.016565812292769","0.00495786836078693","-0.0210534091978323","0.0201214031994219","-0.00201207311341989","0.00502766267696497","0.00782782862024689","0.003976148379639","-0.00199600864671545","-0.0543588007140006","-0.0050073077833197","-0.00276703560692937","0.00435422012870745","0.00458794209548276","0.00224724233879786","0.00391142114325587","0.00252762994750564","0.00148490423707313","0.0015482548871347","0.00398952324206289","0.000866196071947151","0.000706348418339613","0.00367808821854177","0.00305009693024981","0.00383602835911572","0.00580352204453798","-0.0152796949287932","-0.0425804475351175","-0.00429374067852706","-0.00811639261125485","0.148468417787878","-0.0856777405815432","0.148976024037241","-0.143787892791712","-0.0394169565790126","-0.0164516048920049","0.062318764399258","0.173189073230682","0.0188821877213297","0.103866863401043","0.00487343396554518","0.00992535004626927","-0.000769395207862844","0.00817667251019127","0.00741971988650855","0.022856107749055","0","0.00533222087740803","-0.0112303084290737","0.0268534349496381","0.12","0.2","0.00254690252303647","0.00607999069351095","0.0140054312330147","0.00859813339832449","-0.00850000000000062","0.000799999999999912","-0.0457000000000001","-0.0899999999999999","-0.1187","0.0411384914721999","0.0426262457580862","13.01000023","0.0305474200851865","0.0436150100155306","-45.66456","0.224739999999997","0.111099999999993","0.201540000000008","0.00114334289751928","0.000783408845838624","0.0103655484544541","-0.00168776411372029","0.00502093105009926"
"316","2024-04-01","0.000959232687460343","-0.00312725778078438","0.0163380080725943","0","0.0327898228229913","-0.0383842430083154","0.00560225554866989","0","0","0.00194736194080569","0.100000000000009","-0.0011364355033292","0","0.00524837193488104","0.00625002034517141","0.00273597981887441","0.00583092031079335","0.0319601103362555","0.00697839538146283","0.0047207011349375","-0.00452148471884595","0.00444774639823642","-0.00674918197492858","0.0800427076735364","0.0160003413464409","-0.00905894468875168","-0.00201409937170105","0.00205128277055788","0.00732604009207272","-0.0280076249869037","-0.0191248909096826","0.00326619778662085","-0.0187659828017139","0.00432433106300234","-0.0360570369312292","-0.0639402560883182","0.0108933539078837","0.00197628522821169","0.0180727810596943","-0.00299252093645475","-0.0162440120023897","-0.00704582683320254","-0.0019512201312617","0.00494805561736911","-0.0171288822629672","-0.00762565023335782","-0.0141559003486122","-0.0140011733614109","-0.0262121121832841","0.000604504882096683","0.000949312347867983","0.00277744797415739","-0.0091718160305209","-0.000173081990641255","0.000519624500979602","0.00465460637561602","0.00167996567255184","0.00441054643883585","0.000913819594638226","0.0037645094832879","0.0014514348838908","0.00543263386737157","0.019012241424246","0.0122064472738117","0.0636386014178552","0.104375481474477","0.0712294003607106","0.137083950032888","-0.0720149829011127","0.195502725303709","0.0261737118893635","0.0632598741921164","-0.0578939784189023","-0.00306278953054573","-0.02181904739464","0.0204179307920569","-0.00507761779003424","-0.00565121373479838","-0.00188323972796478","0.0115514296054711","-0.016172859245601","0.0516795913845058","0","0.0161629726921273","-0.0388489150120765","0.00492340579272899","-0.0200000000000005","0.0200000000000005","-0.00292166265836258","0.000656040114794365","-0.00261940602049648","0.00199462604293998","-0.0161999999999995","0.00879999999999992","0.178300000000001","0.1842","0.1923","0.0210311224372628","0.00405024233873341","15.64999962","-0.042505777827575","0.0142217367580391","36.85372","0.131950000000003","0.308499999999995","0.241799999999998","0.00204897834136146","0.00271734065207816","0.00844744051895562","0.00449438958783954","0.00499584719337154"
"317","2024-05-01","0.00337994788234397","0.00851681511085545","0.0213768995205568","-0.2","-0.0556293147928137","-0.0535842461341067","-0.0515873687904929","-0.138586163286147","0.199999999999989","0.00056851335293473","0","0.0204465184017728","0.100000000000001","0.00177445762180195","-0.00312012733624378","0","0.00435098583432669","0.00392413845613415","0.00693003466466902","0.00313479880537137","0.0075244899786151","0.00295421189743106","-0.0182237389564515","-0.0800427076735364","0.0157483569681389","-0.00101163387484426","0.00201409937170105","-0.00102511541524564","-0.0115365726284162","0.00293398743478779","0","-0.00873367996875452","0.000996512289739293","-0.0185089660549593","0.00289435802636451","-0.0193242728264025","-0.0230147144402286","0.00295712388974412","0.00496278934212935","0.0119167249334629","0.028256168450393","0.0190100772249737","0.00389864041565779","0.000986679902445609","0.02904560719643","0.0343371057592297","0.0310801543027956","0.0273374047380202","0.0361068749626625","0.00292973890652294","0.00220956194650507","0.00330216870545445","-0.00153346312225573","-0.00493483492305197","0.000735464478945247","0.00687678156977737","0.00074601996342035","0.0100748085314203","0.00341801682786239","-0.000874759783545331","0.00510380108872787","0.0061090382401386","-0.0104947152576855","-0.0265906557506597","-0.0319926384958329","-0.0479194145480424","0.0873635268682555","0.0610752062320365","0.0978051640133764","0.167452570422573","-0.0447462316896576","-0.0817814971292066","0.076470363991838","-0.203401072585009","0.036105004642117","-0.0987431306693161","0.00498328421434646","0.00878346687572273","0.00119883556060471","0.0226969037708962","0.00970340867355335","-0.0954769715651986","0","0.00686530682148501","-0.0133897314108786","-0.0119617873528295","0.15","0.21","-0.000439054341834222","-0.0000349164541511016","-0.00260281338745649","-0.000512401311231869",NA,"0.00210000000000043","0.0154999999999994","0.00570000000000004","-0.000100000000000655","0.019409768780152","0.0375859366398696","12.92000008","0.0469038054560897","0.04562883634302","22.66378","-0.160449999999997","0.447810000000004","0.249899999999997","0.000201505477993347","0.00298081866101308","-0.00209099494449784","0.00223964259350495","0"
"318","2024-06-01","0.00298160571522921","0.001670844164817","0.0105194921407064","0","0.00109950533341685","0.0316053394153313","0.0145987994211527","0.0332256476283206","0.100000000000009","0.00301668363957575","0.199999999999989","0.0180328733425892","0.0999999999999996","-0.000933532554727279","-0.00312989300892763","-0.00273597981887441","0.00144613184999898","0.0116808596127562","0.00138026246895873","0.00624026986008452","0.00448766646938825","0.00147383961830094","-0.00807852056520186","0.0540672212702757","-0.0157483569681389","0.00101163387484426","0.0139862419747399","0.00613498856751615","-0.0234802676088428","0.0029254043291056","0.0181273845925567","0.0408219945202548","0.0118813278867522","-0.0553500950831651","0.00288600488913549","0.037342778329081","-0.0724038135954173","-0.00197044398729851","-0.0129548398734673","-0.00792868375550704","-0.0150378773645405","-0.0119642503917712","-0.00292255444260192","-0.000986679902445609","-0.015920734286845","0.0195576063051988","-0.0179291009473523","-0.01780414613728","-0.0238580780287219","0.0026792975806882","0.00183766757487844","0.00236512906927619","-0.00102794840118373","0.00211717417854979","0.00427303277343356","0.0039036511132624","0.0000911184927254588","-0.00496003725347856","0.00266790073925644","-0.000482705875945961","0.00108075932847596","0.00759438051169189","0.0455855644879186","0.105338323483103","0.0431156411342677","0.0595166471048145","-0.00673577676245785","0.021251602040115","0.139809046640459","-0.126385669483604","0.0753786560762499","0.0919208052803118","0.0880333494853227","-0.107032756850188","0.120144311842063","0.0583970041595787","0.00913314326952541","0.00916617837880185","0.0107253326388888","0.0183330372226305","0.00599749272485392","0.00609757986811843","0","0.00447824482198023","-0.0216451838899321","-0.00434216921928865","-0.0200000000000005","-0.0300000000000002","-0.00475247665950462","0.0112805568449108","-0.00043248124267059","0.00517893100509603",NA,"0","-0.0679999999999996","-0.0585000000000004","-0.0570999999999993","-0.0145303383740867","-0.0216557385957028","12.43999958","0.0340823430819821","-0.0404549154804665","36.67098","0.130920000000003","0.411720000000003","0.202700000000007","-0.00206440100754141","0.000481001435971882","-0.085972809005681","0.000559127775259682","0.0107394671187615"
"319","2024-07-01","0.00472252388744465","0.0177288652508825","0.00130718972862187","-0.100000000000001","-0.0553500950831651","0.0561702714670549","-0.0087336799687554","-0.013158084577511","0.299999999999997","0.00262099926663772","0.100000000000009","0.0713688280969969","0.3","0.00549528696263213","0","0.00273597981887441","0.00144404357223404","0.00514801651740093","0.00550207715398354","0.00310559255815335","0.00446761725971623","0.00294117859081577","-0.0187139964313729","0.0512932943875506","-0.0322608622182212","-0.00710302326824674","-0.0139862419747399","-0.0112763880679347","0.00431035150112269","-0.00488043916490888","-0.0110387473148217","-0.0540672212702757","-0.0108858076452512","0.0431885300438903","-0.00288600488913549","-0.0530756495479805","0.0499813495395847","0.000985707324758778","0.00400400935338219","0.00595239852729534","0.00503779402995708","0.00500251168297172","0.00583659244445123","-0.00197628522821169","0.00600001800009764","0.0262205199027887","0.00501232929506124","0.0080978594439749","0.0134208758366441","0.00163724984391344","0.00179717403731522","0.00197379779252934","0.000068779939386792","-0.000563845187990384","0.00491275340031777","0.00241449191212854","0.000815433940137569","-0.00438968522947013","0.000523172299208108","0.00219343335164603","-0.0018413245869603","0.00547673445745318","-0.0538527638376074","-0.118967861461455","-0.0468903318696956","-0.0729185342210865","-0.0509239701782533","-0.0629028288469939","-0.110976296548724","-0.0967578818306061","-0.0690189596911708","-0.044824257546459","-0.0342890734786323","0.0569259367960093","-0.0177669648146459","-0.0869282065317289","0.00906235995065607","0.0120923216568941","0.00414009293986917","0.0102446381668537","0.0119658878952158","0.034651017463216","0","0.00387713630112962","-0.0118489089936666","0.0216050767406486","-0.149999999999999","-0.17","0.0010294902891026","-0.00969835328944413","0.00278987571149791","0.00467199591192191",NA,"0","-0.0782000000000003","-0.0257999999999994","0.00219999999999931","0.0301763311314893","0.0627946925086729","16.36000061","0.011257710544843","0.0388015292772739","34.34753","0.0479199999999906","0.195800000000006","0.108999999999995","-0.000501563430187503","0.00304461924806559","-0.0388586569779382","0.00167551002615607","0.00164203649374439"
"320","2024-08-01","0.000799727542883488","-0.00269810709753315","-0.00196142593121795","0.2","0.0651916179279564","0.0411580724935074","-0.00586511945239732","-0.00664454271866877","-0.0999999999999943","0.00225807505995945","0.200000000000003","-0.00232327629646356","0","0.00721891149765419","0.00625002034517141","0.0081633106391612","0.00575541157062087","0.00384369467456303","0.0013708021337786","0.00309597770512848","-0.005961269516499","0.00293255342127807","-0.0178682538308461","-0.02531780798429","-0.0504308536268923","0.0111393556907071","0.0228751893919856","0.025446665661164","0.00107469112976499","0.0116732843047247","0.0130327659216869","0.00664454271866877","0.0148150857851403","-0.0327898228229913","0.00767758089903481","0.0235074487660292","-0.0381328696954437","0.00196850457267228","-0.0150984247125852","-0.00794443105853571","0.00601204215662765","-0.00299850299625604","0.00290557105141431","0.0029629651306573","0.00596423239167354","-0.00696341095056674","0.00697605016257441","0.00221911814141862","0.00283979518830435","0.00306519942296944","0.00238018750289135","0.0029473977976963","0.000281575824270008","0.00217012001693986","0.00163210955237676","0.00485181715644302","0.000293457952944725","0.00875843997076028","0.00503846214193175","0.000273557565579697","0.00699113404478345","0.00449551980009448","0.0603145672517105","0.127802518739305","0.0166385898575268","0.0229543960151659","-0.0291403996309541","0.0266919760968136","-0.251164063646385","0.184145920845857","0.118817346172094","0.0389178691990377","-0.0598981415810691","-0.108439471246117","-0.0378388258898461","0.046792161506759","-0.00622841197554447","0.00181262086561584","-0.0100844039215046","-0.0692056367368155","0.00542721133652879","-0.0578978671619632","-0.25","0.00390105424725107","0.0580064645448921","0.0415500306573477","-0.16","-0.19","-0.00917014444225472","-0.0036408043124414","-0.00606855416567775","-0.000669271814096817",NA,"-0.25","-0.237","-0.1942","-0.164","-0.00252701245451448","-0.0240926601730322","15","0.0225778970000672","0.0344254216449436","-98.42554","-0.296469999999999","-0.242400000000004","-0.0138000000000034","-0.00158276940581165","0.00255606511755521","-0.0312485022963811","-0.00335383209843076","0"
"321","2024-09-01","0.0000888191494663459","-0.00364813584952017","0.00587277381213003","0","-0.00874322509572867","0.0239055208535541","0","0.0198026272961798","0","0.0000593542260372004","-0.100000000000009","0.00147392316933015","0","-0.0000922211463745271","0","-0.00271370587159625","0.00999294539751805","0.0152287207018249","0.00410116774421443","0.00616334770766791","0.0044742803949207","0.0116449641968801","-0.0120920457650291","-0.052643733485422","-0.0173917427118688","0","-0.0108750453888753","-0.0162110946280825","0.00749067172915741","0.00866639993239815","-0.0120241929668019","0.0196727655987043","-0.00196270916784869","0.0316768566535703","0.0151805571770156","-0.0608666646591995","0.0437857959982324","-0.000983767910132549","0.0180909456490399","-0.0140564563392234","-0.0020000006666665","-0.00300752106395574","0.00386100865745931","-0.00197433430371774","-0.00198412763504674","-0.0251187573731659","-0.00198871906535203","-0.00240312045967528","0.011421580930401","0.00118578493810528","0.00141329968080024","0.00156580690808219","-0.000515318358284175","0.00187446632650098","0.00190484170446876","0.0019390631438646","0.0000116193136077969","-0.0169894250768614","0.000333442986946283","-0.000167092072044477","-0.00219296442363264","0.00448311817409847","-0.0213559499574778","-0.0719304441557096","-0.0245846146390338","-0.0381261646535886","-0.0478753475967117","-0.0731404297482641","0.243768361685256","-0.23627831744333","-0.07915122016189","-0.0610110355157438","-0.0858896718804294","-0.0589740024595518","-0.0962414643790499","-0.0700138006210587","0.0142496381927382","0.012876559032758","0.0137034795376679","0.000352470214763478","0.0217216953425626","-0.0821812129887238","0","0.00472061972972604","0.0435283752335689","0.00614752885081948","-0.24","-0.22","0.00916243514445725","0.00560987513715183","0.00722798112365908","0.00471884002704748",NA,"0","-0.077","-0.0390999999999999","-0.0212000000000003","-0.0144659065300985","-0.00158049476139688","16.72999954","0.0199956322672676","-0.00320253628916989","81.62271","-0.340779999999995","-0.642840000000007","-0.118299999999991","-0.00203693740497656","-0.00291709675693904","-0.0518629026822369","-0.00392707377060919","0.000820008246030568"
"322","2024-10-01","0.000355197730469214","-0.00781161505704553","-0.0177228137296259","0.100000000000001","0.0523903872019238","0.0938775148028288","-0.0543940720657989","-0.0468312996840989","0","0.00169011619007442","0.100000000000009","-0.00277959165830133","0","-0.00601269097874013","-0.00625002034517141","-0.00544960476756495","0.00141944665422677","0.00502513620267298","0.00272479732618525","0.00765114673551981","0.00297177038915741","0.00144613184999898","-0.0184167267862305","-0.114410351177744","-0.0176995770994006","-0.00606062461169099","-0.000994530166508412","0.0141990215146626","-0.00641713432063273","-0.0067340321813445","-0.0101317989304075","-0.0229895182246986","-0.00888017675685848","-0.0236630759300169","-0.0132703369208969","-0.00930239266231325","-0.0355746061678381","0.00196656897204051","-0.000996512289739293","0.00302877566216075","-0.00602411460338104","-0.00201005092802387","0.00192492840958458","0.00296004162847652","-0.00597611340334225","0.00511637602460979","-0.00799189729289029","-0.00802589385959607","-0.0104070452565761","0.00556527128418452","0.00367793804284184","0.0033890509926035","0.00393514841037034","0.00106366336113911","0.00126168219895972","0.00463069123999758","0.000513995747153365","0.0033120321308063","0.005464358464372","0.0014133227735312","0.0151635386227134","0.00371249147715638","0.00800563734854798","-0.00612741411379147","0.0468557862852634","0.0680349360461605","-0.043471982204828","0.144841561129807","-0.0898110119697648","0.188771505067681","0.0039788348726244","0.0612170617848218","0.0981597644722436","0.282998223139355","0.04858098102883","0.146092618497496","-0.000622265088498608","0.00267812468277651","0.00578012080470988","0.0325168853241538","-0.013098961186978","0.0215177029099278","0","0.000189222082783047","0.0417034056773815","0.0395789405443026","-0.0300000000000002","-0.18","0.00797223305397665","0.00723603399662309","0.00820686243766211","-0.000659396389524503",NA,"0","0.2577","0.294","0.2809","-0.01770624951771","-0.03205699079321","23.15999985","-0.0099460415719772","-0.0509979094795221","47.02619","-0.0754799999999989","-0.315989999999999","-0.1511","-0.000434841521991565","0.000117825939050458","-0.039833441505849","-0.00507186209796107","0"
"323","2024-11-01","0.00215807217216479","0.00332147399072014","-0.0160217045312656","0","-0.00208550649102168","-0.0290929609416644","0.0031007776782479","0.0726391836399713","0.0999999999999943","0.00156895282403013","0.0999999999999943","-0.0124608642919721","-0.0999999999999996","-0.000556844561952374","-0.00313972000466789","-0.00273597981887441","0.00283286308430419","-0.00250941160542606","0.00407332538763594","0.00152322954052142","0.00591717702808836","0.00144404357223404","-0.00496895432318745","0.0588405000229333","0","-0.00813839690297158","-0.00298953884836628","0.0169749457901327","-0.024987720508113","-0.00872521289086947","0.00101781179270066","0","-0.00297766969392477","-0.0195746031246298","-0.0144163957613488","0.134828577914734","-0.0224463056522666","0.00196270916784869","-0.000997506317125918","0.0120241929668019","0","0.00501757199197961","0.000961076479550904","0.000984736662539731","0.000998502329589535","0.0192535297096788","0.00100283253267808","0.00282007801654416","-0.00153829949676876","0.00354684452840001","0.00306830605739296","0.00415562083392436","0.00310527018589453","0.00144573275057986","0.00291750326913084","0.0035191473268267","0.000990206855953186","-0.000845397425524116","0.00301742426870832","0.00456660377002174","0.00198737266768429","0.00540396430736942","-0.00374840932300557","-0.0214497035579715","0.00835252038014644","0.00388240746491775","-0.00123494921530387","-0.0997465929094332","-0.173083615809018","0.0278450202321556","0.0344633178833647","0.00769550278364584","0.104140259252597","0.0514693352294806","0.0790766795835989","0.0166305802278304","-0.00530494562711858","-0.00777517551395046","0.0021693792404488","0.00148770651092711","-0.0228736469842567","-0.0170693569617741","-0.2024","-0.000137612509195861","-0.0249255996056128","-0.02994222232536","0.23","0.13","0.002500054098034","0.00179426966179719","0.00312016303500684","0.00104069653645489",NA,"-0.2024","0.2504","0.2171","0.185","0.0207784226976404","0.0185911105944871","13.51000023","0.0557197141153516","0.00700773730669457","87.91158","-0.326880000000003","0.0146500000000032","-0.149000000000001","0.00417499740016613","0.000548799574280583","0.0225230568381703","0.00169348050633378","-0.0016406894574601"
"324","2024-12-01","0.00174079855128362","-0.00213396642924835","0.0330936884299131","0","0.00312663099943222","0.00735297430525872","-0.0378594110434225","-0.0128206884290609","0","0.00133020016953722","0","-0.0104071244577169","0","0.00370645346484899","0.00313972000466789","0","0.00845075451772281","0.00750942202213167","0.00270636159774273","0.00455581653586101","0.0189925358272749","0.0171678036223657","-0.00499376818048702","0.158224005214894","0.0176995770994006","0.00915105521735793","0.00199401860686521","-0.0291331502699421","0.0324703850307841","0.00291687129512308","-0.00612246810438322","0.0465200156348926","0.00297766969392477","0.0195746031246298","0.0115496952792729","-0.0109490144896709","0.0282704339382551","0.00488998529419238","-0.017111640472721","0.0197245053477779","0","0.00499252160312125","0","0.00686613781319956","-0.000998502329589535","-0.0074330231684705","0.00100182786701719","0.00460158032208469","0.0154188978784298","0.00309571882214882","0.00274448096907131","0.00155154707794507","0.00378181354257582","0.00257874567592927","0.00531235479004404","0.00211037357282036","-0.000321536205012392","0.00205764695725078","0.00133288118795712","0.00467104330681203","-0.00263358484818694","0.00228021140355005","0.0100306262400292","-0.00128171079021655","-0.0147982495302088","-0.0382350700087422","0.0564544967700815","-0.0137891418885872","0.185763900984927","0.0888755726720456","-0.0578867878730325","-0.0626901767172683","-0.160581570157549","0","-0.120363682249875","0.00778214044205416","0.00172766936147539","0.0112238384046267","0.00672843839223999","-0.0076099830201084","-0.0081112387065958","-0.00661226348174626","-0.0476000000000001","0.00457833624236414","0.00454909041589779","0.0180905829062539","0.0800000000000001","0.0699999999999994","0.00128936938557622","0.0048192176250712","0.000915697932702741","-0.000481289317567857",NA,"-0.0476000000000001","-0.0261000000000005","0.0180999999999996","0.0473999999999997","-0.0126949578041469","-0.00719910742700769","17.35000038","-0.0253076921869493","-0.054532812658457","4.42658","-0.673839999999998","0.00392000000000792","-0.124800000000008","0.00398621410895933","0.0135033574984571","0.0177695701586756","-0.0011286682913747","0.00654666822631444"
"325","2025-01-01","0.00217909918673342","0.0082733009427578","0.00778214044205505","0","0.0124096732157124","-0.044951387862266","0.092089565104283","0.0745686954975087","0.0999999999999943","0.00212464669159296","0.0999999999999943","0","0","0.00157109223204088","0","0.00273597981887441","0","-0.00625392907629951","0.00539084863487638","0.00151400483121478","0.00433213673913446","-0.00711746776886457","-0.00250626697605938","0.0476280489892544","-0.0357180826020791","0","-0.0170772608181933","-0.00408580752258025","0.015848192240024","0.00869990987554559","-0.0165122430724907","-0.0311350967954125","-0.00796024103838899","0.0147144703540025","0.0123634480193333","-0.00829115758398125","0.0172715865086612","-0.000976085973055874","0.00405269045062351","-0.000977039647826139","-0.00808902287308388","-0.00299252093645475","0.00287769982761521","-0.00195694778696165","-0.00903167203034716","-0.0139795676831502","-0.0100609430213137","-0.0028391210890284","-0.022276894904703","0.00559875297100293","0.00375018897231813","0.0057802345374918","0.0059668847478427","0.00243977420553101","0.000466873780856416","0.00589988216106078","-0.0000340309461784732","0.0123312024297195","0.00456233047279367","0.00624647189534582","0.00331652272985616","0.00556117522728975","-0.0170198768568017","0.0143793530236813","-0.0118582716479736","-0.0160765710803101","0.194653958286617","0","0.133817720471862","-0.0246539585249259","0.0068030073189238","0.00179401499637599","-0.050727523509658","0.00666669135818854","-0.0445839066080262","-0.0130040844232058","-0.0156407172644881","-0.013416266974878","-0.0131668568872768","-0.00631999181862497","-0.0239259262579265","0.070688337424647","0","0.0055797260132735","0.0269221178865422","-0.00735913336766458","0","0.0300000000000002","0.00843462027312825","0.00644846257392828","0.0134578344675287","0.0151960888866451",NA,"0.000199999999999534","0.1389","0.2282","0.245900000000001","0.0529149854538993","0.0157749695294829","16.43000031","0.0266578063619232","0.0492114549005591","-4.51128999999997","0.160020000000003","-0.14734","-0.0664999999999907","0.00408811414522149","0.00121503513594638","0.0319517385596177","-0.00169539458524515","0.00650408796917645"
"326","2025-02-01","-0.000617910599173044","0.00832214848232304","0.00900327624995878","0.0999999999999996","0.0203465818591679","0.0339015516756813","0.0317486983145798","0.0352977820810239","-0.0999999999999943","0.000736669990441641","0","0.00504363514462902","0","-0.000739030056730705","-0.00313972000466789","-0.00273597981887441","0.00698814863392805","0.0235596761738917","0.00536194314138605","0.00603320080416836","0.00287769982761521","0.00711746776886457","-0.0177219827994124","0","-0.0370412716803492","0.0160646025038069","0.0416726964005676","0.0862434261007428","0.00835077921741956","0.0247160870442986","0.00725767830628499","0.0725488823461697","0.0188031269630962","-0.0308067716427578","0.00565505748334516","-0.0919854630365728","-0.0324854551444886","0.0019512201312617","0.0239771726259708","-0.00195694778696165","0.0161131381431314","0.00994043970525116","-0.0019175461292722","0.00195694778696165","0.0179825025504323","0.0323039514210208","0.0180368989798607","0.0188729770284439","0.0307891572456711","0.00158288553495579","0.00254379924061989","0.0021364944864974","0.000132964369261207","0.000266219120178455","0.000520086684619486","0.004014788934098","-0.0016165071702807","0.0036716847788598","0.0022790865601192","0.00183892129230704","0.0011870324496656","0.0038393411907425","0.00733543724144781","0.0194210507272459","0.0419106580986899","0.0627742624256769","-0.212327466904114","-0.012435870713249","-0.289688091178647","-0.319890975821399","0.0453489457739042","0.0956014651895352","0.069897439617379","-0.26903095582568","0.0830776113686902","-0.0742422273730954","0.0100288238621573","0.00890837053568816","0.00984982921702487","-0.0158588453928914","0.0158280731784728","-0.0495221085238624","-0.2125","0.0043965450737673","-0.0302049817190362","-0.0227151365678697","0.00999999999999979","0.0200000000000005","-0.00067575109857998","0.000926224713790447","0.000548596822287806","-0.0000105865137118855",NA,"-0.208299999999999","-0.1684","-0.1564","-0.0871000000000004","0.00924258213524709","-0.030241959494413","19.62999916","-0.0143444846226153","0.039371920196285","-83.09687","0.587609999999998","0.00691999999999382","0.0187999999999988","0.0041387248221334","0.0188582680587617","-0.00130112273150667","0.00676440008854229","-0.00406009489929815"
"327","2025-03-01","0.00105904166636428","-0.00409381237280293","0.0246613825970829","0.0999999999999996","0.00201207311341989","-0.0149256502166759","0.0739050294843295","-0.00579711768432656","0.0999999999999943","0.00208918847782158","0.100000000000009","-0.00312753643094332","0","0.000184808723497909","0","-0.00274348594575091","0.00970208580645071","-0.00861543790561559","0.0040026737896568","-0.00150489117942065","0.00143575042610422","0.00565772371985851","-0.0271861403041562","-0.264692554227082","-0.058268908123976","-0.0110166362065023","-0.00976570261132448","-0.0760600387100441","-0.0157153574796283","-0.0237540860081076","-0.00517867547845174","-0.0350913198112695","-0.008862687257845","-0.00232018665569722","-0.00849462399142276","-0.0835139044874982","-0.00472814119594567","0.0048614582862454","-0.00197628522821169","0.020359404148647","0.0119167249334629","0.0127765865789815","0","0.00487568006348393","0.0108322083293597","0.03032752713509","0.0138068798395539","0.00670381701294787","0.0154742864593214","0.00219249774150172","0.00279521476862571","0.00234457213308932","0.000997635455948612","0.00123124719245818","0.000927406658858254","0.0035918794136572","0.000343336149102435","0.000210514499800825","0.00242897565751773","0.000918070541340019","0.000889042939640757","0.00481924336691732","0.0254985097365399","0.0515986882194568","0.00863059352771067","0.0109284652661952","0.164834226325935","0.113361789303211","0.391082837727354","0.0730942873228759","0.0795273650152861","-0.0195903879980417","-0.0767079086199054","0.00433840159859766","-0.0226318004601973","0.0592968942480718","0.0095262779890195","0.0332971001040697","-0.00817352340164182","0.0124830030901224","0.028757481374196","-0.036583684158753","-0.0374999999999996","0.000521205224698562","0.00606852180298567","-0.0142454093738849","-0.0599999999999996","-0.11","-0.00122507343845335","0.000666569356162938","-0.00174595606987715","0.00315718713909163",NA,"-0.0364000000000004","0.0712000000000002","0.1385","0.1037","-0.0278756680240164","-0.0427632875691941","22.28000069","-0.0592667853189237","0.0115422107489853","180.12948","0.157340000000005","-0.0611200000000025","0.0775999999999897","0.000456159016908314","-0.0000406241255926584","-0.0305090195836446","0.00336511815031404","0"
"328","2025-04-01","0.00349276121504438","0.00595970212697949","-0.00250156478170194","0.100000000000001","0","0.13023649672767","-0.0106101791120157","-0.00583092031079246","0.100000000000009","0.00384328119722355","0.299999999999997","-0.0129026514854758","-0.0999999999999996","0.00846449068889754","0.00626961301359552","0.00274348594575091","-0.00692044284457349","-0.00371517455186332","0.00265957603575906","0.00600602406021178","0.00572247627406597","-0.00141143283840783","-0.0306486347384451","0","-0.0202027073175195","0.00201207311341989","-0.0248398265661507","-0.00916036939866416","-0.0159662785004864","0.0293720783123304","-0.0010389611324193","-0.0137495555831029","0.00493340911795581","0.033126958298455","0.0408599084934549","0.100608337846799","0.0372135963404343","-0.0038872740884015","-0.0199806846904833","-0.0371499220616371","-0.00395648389507386","-0.0187289851062769","0.00383142231155631","-0.00389864041565779","-0.00392542211610536","-0.205912978337435","-0.0039257966628421","-0.00550909934842991","-0.0212788927246823","0.00759325004566167","0.00453918508393556","0.00607656045121428","0.000818113087021589","-0.001246525623869","0.0150718851617129","0.00842466926748325","-0.0011096037006819","0.0187724629132814","0.0122594571284916","0.000299257610552293","0.0326091670921964","0.00836812639386763","-0.0286185122674869","-0.0912973333279563","-0.0285191714599531","-0.0210584874368944","-0.237229184870564","-0.129245025732233","-0.399822389152318","0.0666913744986726","-0.0722013249232134","0.00562222253003242","0.0975854936414606","0.133531392624523","0.00428266179200065","-0.0178735767992944","-0.00144706817094775","-0.00877864096509795","-0.0196200796846599","-0.0157281423174975","0.0168961856842864","-0.0653363093808723","0","0.00626283485181567","-0.00915834173993524","-0.0527266793695951","-0.0300000000000002","-0.12","-0.00349879968719691","0.000199081528396761","-0.00132764670699892","-0.000158310510565585",NA,"0.0022000000000002","-0.2208","-0.0686","0.0225","-0.0064160278442742","0.0207882778108974","24.70000076","-0.00765416183615386","0.0166735966101981","202.33111","0.0197599999999909","-0.0764700000000005","0.131700000000009","0.00223174042531677","0.0134007428692231","-0.0528531050796701","-0.00224215340568978","0.00729634367850629"
"329","2025-05-01","0.00245815411148342","0.000815233260080817","-0.0113351339593706","0","-0.0223586549725878","0.0608187400350397","0.00796816964917735","-0.0602591915181971","0.0999999999999943","0.00122907659157256","0","0.00895030690429977","0.0999999999999996","0.00100727997161876","-0.00312989300892763","0.00273597981887441","0.00415801014866357","-0.00497513464011323","0.00529802563755499","0.00448096343503668","0.00142551699122073","0.00282087634164174","-0.0177479061234056","-0.0953101798043248","0","-0.0151901654939746","0.00801607498823564","0.00713197113727126","-0.0205969340906229","-0.0207554620514516","-0.0157153574796283","0.0210755956751756","-0.0118813278867522","-0.0227282510775559","-0.0286129348834816","-0.0070035303773377","-0.0301297414520292","0.0019455259054908","-0.0111619626653701","0.00199005040800948","-0.0129677627690112","-0.00698954418171205","0.0047687262520828","0.0029254043291056","-0.0128650957968848","0.176457487987446","-0.0148593986104855","-0.0131899134820124","-0.0174871832098056","0.00138271714770416","0.00227591880578423","0.00192234442179063","0.0029449356243592","0.00290291074145271","0.00223812564736362","-0.000186426960766282","-0.0000485968365577022","-0.0145093116241797","0.00212862025398632","0.00294192368439421","-0.00139528118960694","0.00490727188121875","0.0234140298795786","0.0442246319547017","0.0195588975360828","0.0276827248056559","0.0762508138335463","0.0280139034164186","0.163463790201126","0.0294482602170385","0.0200335812148147","0.00244981748901552","-0.0465200156348935","0","-0.0157935802581406","0.0205272714127611","0.0107328416377861","0.00894048381604318","0.0121388528447312","0.0217446236312639","0.0177383222120105","-0.05552791540038","-0.2","0.00242196027971531","0.0725554976855705","0.0380541107091279","-0.0999999999999996","-0.24","-0.000939676171464399","-0.000405269016500398","0.00238739768227347","0.00241478685600249",NA,"-0.1973","0.0455000000000001","0.0241999999999996","0.0728999999999997","0.0353890875892215","0.0559093397781112","18.56999969","0.0597054474960856","0.0466631636264045","-199.60277","-0.0877499999999998","0.234760000000009","0.194800000000001","0.00485451386355867","0.000676373172046362","-0.0191704137142899","0.0117156151725624","0.0686697175012663"
"330","2025-06-01","0.000847247227742542","0.00232558244347558","-0.00380711119736432","0","0.00205338881184236","-0.0477037979572117","0.0338133643657779","0.0947453675893657","-0.0999999999999943","-0.000643613620017192","-0.0999999999999943","-0.00906783643372933","-0.0999999999999996","-0.00421902854572931","-0.00313972000466789","-0.00273597981887441","0.00276243269590992","0.0136225016812954","0.00263852395818187","0.00148920355146753","0.00142348778485424","0.00281294137661448","-0.00552487593196993","0.0327898228229908","-0.041672696400568","0.0111619626653701","0.0187845365198553","0.0514455670574385","0.0184487055523332","0.0151374697472288","0.00316289140850845","-0.00313316183203671","0.00991088389945372","0.0011487652038733","0.00467072311055805","0.034537226432362","0.00469484430420763","0.00291121020745866","0.0222007099801917","-0.00498257134446423","0.00500752173062224","0.00300150300375623","-0.00095192772538244","0.0038872740884015","0.00496772010193425","0.0116031024897749","0.00894210891172431","0.00767502344527671","0.00635175970889712","0.00329999373688532","0.00307643983540963","0.00354836854046682","0.00276553851190838","0.00123569947921853","0.00116924541607563","0.00473735882350927","0.000389327592720704","0.00444688574082197","0.00427951095679995","0.00333901268573131","0.0030698820710388","0.00266467425704444","-0.0272674445141234","-0.0615865649025462","-0.0192600555465603","-0.0339650740678188","-0.124354312852997","-0.0225352953638023","-0.29535670720489","0.0375185247214302","-0.0714904474021907","0.00164650155694979","-0.00651468102119335","-0.146603474191875","-0.0338516502310249","-0.0657170716570157","0.00270751973909267","0.000323607143755122","-0.0071126464121824","0.013000194120619","0.0148524934350094","0.102968207183047","-0.0499999999999998","0.00504370314423319","0.0230241807686813","0.0161669416911678","0.0699999999999994","0.100000000000001","-0.00309572599747376","0.00072596380015888","0.00127345766959586","0.00321968312925591",NA,"-0.0459999999999994","-0.0448","-0.0755999999999997","-0.0731999999999999","0.00277786619798803","0.0280553197280042","16.72999954","0.0484156554659769","-0.00502253570960232","-99.75629","0.0571100000000087","0.288479999999993","0.1892","0.00329910399411497","0.00123552540847938","0.0024485181965952","-0.0179075854204838","0.00526514943290124"
"331","2025-07-01","-0.000642673543971739","0.00555943058014918","0.00696866931609375","0.0999999999999996","0.0392207131532816","-0.013114942077828","0.0691633599367716","-0.00566573753567745","-0.100000000000009","0.00096526515721429","0.0999999999999943","-0.0197638410243997","-0.100000000000001","-0.00137962771940359","0","0","0.00412939334201123","0.00122925645472982","0.00263158046605572","0.00297177038915741","0.00849863472146239","0.00420463128203163","0.0123883208569522","0","0.041672696400568","-0.00404449489650638","-0.0118227978110559","-0.0204585800911001","0.00749869609111986","-0.0199153097009415","-0.00527705710084359","-0.00314300939719914","-0.0119049025063189","0.0204552586614017","-0.019765349333043","0.000969462024547951","0.0242926925690448","-0.000969462024547951","-0.00500251168297172","0.00199600864671545","0.0138891121606672","0.00696866931609375","0.00095192772538244","-0.00291403800184931","0.0118227978110559","-0.0426164272242087","0.0137526344010377","0.0163362355961958","0.0083834139852268","0.00310420957101812","0.00296074795236483","0.00326592581299455","0.00251031701903929","0.000527537691430664","0.000306922428795844","0.00413005439704715","0.00040234720815932","0.0100592754266218","0.00428620758440447","0.00356946404228304","0.00368765508339835","0.00240113058106439","0.0307704399638062","0.0455939925753928","0.0149029634945776","0.0250800348979503","0.0773830973006895","-0.00657794071142703","0.223451670250556","-0.264007139423513","0.0518181509198001","0.0548986323958687","0.0653551810441266","0.0881072675102663","0.0707876670629748","0.00938974034983886","-0.0109414445115439","-0.00383608002089564","-0.0179196289870063","0.0114684544822561","-0.00546974532448402","-0.00561483788432948","0","0.00584126952008113","-0.0218443717264236","0.01187526518612","-0.109999999999999","-0.0700000000000003","0.0109120856179459","0.00795897117671984","0.00892400846789165","0.00113065532353929",NA,"0.00279999999999969","-0.00870000000000015","0.0675999999999997","0.1109","0.0379081668587666","0.0154399458964409","16.71999931","0.0214351788871934","0.00226330153371279","112.76351","0.0201799999999963","0.200299999999999","0.137599999999992","0.00370527333295851","0.00570409724289927","0.0312118158146765","-0.00339366841543676","0.0111899712935433"
"332","2025-08-01","-0.000847792137077974","-0.00381878610236441","0.024938948347252","0.2","0.0243558069480985","-0.0132892321186819","0.0735964195805412","0.0335226920386438","-0.0999999999999943","0.00166508473437155","0","-0.00119954431705072","0","-0.000276154095739223","0","0","0.00684465368996534","-0.00246002584086202","0.00393443130483462","0.00148257996022316","0.0126140425160965","0.00696866931609375","-0.0082418048951034","-0.0327898228229908","-0.041672696400568","0","0.00691360778481798","-0.00394477829101625","-0.0150540477355694","0.00763362485507102","0","0.0156171836223749","0.00497761107375272","-0.0135902431417216","0.0113422766039344","-0.08384514743158","-0.0161293819298844","-0.00194174818291071","0.00600001800009764","-0.0303667057759309","-0.00493828164058208","-0.0139862419747399","0.000951022420704106","0","-0.00392542211610536","0.0216738141730755","0","-0.00326003487449356","0.0113512948258183","0.00220896635315767","0.00191639981653722","0.00160714461222079","0.00172221282609159","0.000346740123539518","0.00229842982570959","0.00278699197270076","0.000182654636420435","0.000634913955708285","0.00222998444731683","0.00295768694798606","-0.0000840809345467146","0.00225161146268082","-0.018843723647084","-0.0260004420365725","-0.00678135579284778","-0.00755459406160774","-0.151465282634053","0.134336379660581","-0.251578524413433","0.37158347694962","0.0197431305536089","-0.0350559280540068","0.0101523714640184","0.145507583671239","0.00139372844860386","0.0901994361417655","-0.000485149946753083","0.00464464001966725","-0.000778917344327612","-0.000107861272364396","-0.00311781115155568","-0.0456489879682476","-0.2","0.00569995661028067","-0.0084789852700009","-0.00669342412608209","-0.04","-0.11","-0.00236140732249623","-0.00050418581987266","-0.000958087945342356","0.00442891521510802",NA,"-0.2","0.00229999999999997","0.0445000000000002","0.0516000000000005","0.00314399248340891","-0.0163930159167709","15.35999966","0.0188869575210671","0.0406109133918813","-179.51225","-0.0666400000000067","0.108739999999997","0.0769999999999982","0.00261658487853008","0.00389620327067031","-0.00545483727806831","-0.00682208444616261","0"
"333","2025-09-01","0.000993890578467216","0.0019690745923171","-0.0111456262149163","0.0999999999999996","0.0237766788023626","0.110697419586014","-0.0407296115001889","-0.00550965581096907","-0.0999999999999943","0.000145927882700292","0","0.000240024003552719","0","0.00385923478157846","0.00313972000466789","0.00273597981887441","0.00136332672786388","-0.0012322860462648","-0.00130975788206378","0.00148038517043414","0.00832182333749198","0.00415801014866357","-0.00138026246895873","0","0","-0.0153142349730429","-0.0442728236779883","0.0349550150335762","-0.024123976894515","0.0188329483330918","-0.00317965291737998","-0.0114286958236232","-0.0119881555599699","-0.0514733502053399","0.0139992953565446","0.0453218654352447","-0.0635324459066346","0.0038797332855891","0.0343002757638979","0.0213531244705694","0.009852296443011","0.0179466431908368","0","0.000972289818938599","0.0107580499665509","0.0558506366203408","0.0087423300553171","0.0121548157399047","0.0155208315133457","0.000513753886309922","0.00194437627462467","0.00117612063054614","-0.000490591037082596","-0.00173377143473023","0.00322254397419327","0.00237219769888698","0.000164556243188126","-0.00188181058915988","0.0000060240313592792","-0.0000618668412361426","-0.000862394253712219","0.00139660194640088","-0.0184497211882668","-0.0460013655185278","0.00271313693876607","0.00198190420226929","0.0420631012848505","-0.0760437534966627","0.0456912614211671","-0.134100706616557","-0.0556346135376042","-0.00863893852601194","-0.0820649530543038","-0.0281708769666968","-0.0812040131112157","-0.0427452775150758","-0.00144506822034618","0.00649858620452903","-0.0038167985267008","0.00633397520946666","0.00408088119673083","0.00176652482270168","-0.0499999999999998","0.00438535732023659","0.00948545861245265","0.0148528607315708","0.0499999999999998","0.0900000000000007","0.0132799335102369","0.00966917084501873","0.0104166367646297","0.00647829330627658",NA,"-0.0499999999999998","0.0631999999999997","0.0516000000000005","0.0503","0.0177272594955333","0.018794142601644","16.28000069","0.0347141190493794","0.0122260215963106","58.26582","-0.0583099999999916","-0.047939999999997","0.0189000000000021","0.000904063605651447","0.0162823584120049","0.0153788455225388","-0.000570613424897282","-0.000742115061887816"
"334","2025-10-01","0.00224722474877304","0.0142465644868768","0.0360785079078374","0","-0.00471032430018337","-0.0181273845925567","0.0429444518297419","0.0641931576390595","0.199999999999989","0.00294319271803367","0.200000000000003","-0.00234269516964769","0","0","-0.00313972000466789","0","0.00814115758370004","0.021952101019882","0.00783293822118747","0.004428051515732","0.00550965581096996","0.00414079266603107","0.00413508514780325","-0.0689928714869517","0.041672696400568","0.0163268932874292","0.0263974718510251","-0.00382409643840287","0.042374617655712","-0.0159852957205802","0.00212089156913819","0.0439518875291833","0.00501254182354494","0.061683308438238","-0.018709619656728","-0.00910476699291962","0.075079918331407","-0.00290838789595682","-0.0513947091231985","-0.00605450890870607","-0.008862687257845","-0.0129290711988572","0.00189933580365231","-0.0019455259054908","-0.0078125397367943","-0.0565406166633693","-0.00679237760377571","-0.00633552681803806","-0.00235550736368495","0.00384543974366937","0.00236544721287042","0.00251360325440613","0.001466984210597","0.00311153918805029","-0.000713728081406169","0.00257338743564964","0.000344673592373633","0.00179583999649456","0.00248380668180473","0.00532595993367616","0.00606404415620415","0.00148145007174729","0.0115909108035979","0.00991159714593515","0.0134928070107136","0.0130889033589749","0.0086162862889152","0.00133323477270331","0.0559380547346366","-0.0413916328153512","-0.0192037352285706","-0.00692557801509963","0.0698696799604859","-0.0588405000229333","0.0629322468752607","-0.0530774161810514","-0.00591752003901913","0","-0.00287218962409583","0.0124518977132944","-0.011468698836621","-0.052075448914553","0","0.00536480213089874","-0.0381991038993696","-0.0142650076160376","0.00999999999999979","0.00999999999999979","-0.00524952684486735","-0.000511580556768365","-0.00170124847296371","-0.00288733269778163",NA,"0.00099999999999989","-0.0761999999999996","-0.116400000000001","-0.1368","0.0346532482755268","0.00703385334355389","17.44000053","0.0224333519904665","0.0165409478987519","-18.74222","-0.128489999999999","-0.00415999999999883","-0.00889999999999702","0.00104419379140361","0.00360325326205554","-0.00881695375389247","-0.0109039817807304","0.000742115061887816"
"335","2025-11-01","-0.00172144702379384","-0.00239849352605326","-0.010262691945127","0.100000000000001","0.000943841504706278","0.0819171224678863","0.0326470778366659","0.0154244703256312","-0.0999999999999943","0.0000290972575847093","0","-0.001986576218453","0","0.00247309491746606","0.00313972000466789","0.00272851465320434","0","-0.0244212380768039","0","0","0","0.00137646270872338","0.0123036411953574","0.0350913198112703","0.0594234204708011","0.0130720815673522","0.0364034293880051","-0.0105922993229459","0.0031864073694079","0.0113102053915863","0.00633581844908537","-0.00803217169726445","0.0188217542405873","-0.00907035696996417","0.0168543315549821","0.00101574411983574","-0.0197107830639327","0.000970402793278424","0.006066752682238","0.0150680902140676","-0.00297177038915741","0.00499252160312125","0","0.000973236086552198","-0.00294551022975664","0.00842510101163807","-0.00683973108580638","-0.00222104843834714","0.000470566469790157","0.000657450231257786","0.00149983934049386","0.000871310711965124","-0.00135015862311665","-0.00138514488606434","0.00121712858662029","0.00299929439256166","0.0000756375844451341","-0.00107433385525783","-0.00094975648746307","-0.000916241508941054","-0.000670062197068997","0.000714415725619659","0.00620950703782164","0.016015841209267","-0.00130096739790275","0.00144177710284765","-0.0822184886635773","0.00590407619094613","-0.118409574052355","-0.0436750635026613","0.0355439680744603","-0.00672397004766978","0.051804411188864","0.0624055661874294","0.0764355550494171","0.00842307272910858","-0.0110409503747126","-0.0112514982035138","-0.00919405802220638","0.00843556390453681","-0.0157019909080868","-0.0115319962730718","0","0.00718981853912304","0.0252878826613667","-0.00247751013209374","-0.11","-0.140000000000001","0.00112942462733479","0.00557160625177922","0.00697392099913863","0.00833399485997077",NA,"0.0011000000000001","-0.0573999999999999","-0.0735999999999999","-0.0651000000000002","0.000209911921542627","-0.000261672409234137","16.35000038","0.00129877447614568","0.0111863986745089","-25.94817","-0.121980000000008","-0.00704000000000349","-0.00480000000000302","0.00180240065997012","0.00193965701625349","0.0184307172129928","0.00976177720195359","0.00444116199996802"
"336","2025-12-01","0.00192548999011954","0.00479124804314068","0.00665257972102662","0","-0.0085268162291614","-0.0284919557943057","0.0106497279166575","0","0.0999999999999943","0.00194759011026235","0.0999999999999943","0.00162567395889646","0","-0.00265653066960869","-0.00313972000466789","-0.00272851465320434","-0.00677968698537867","0.00123533060799286","0.00259740405768483","0.00587373201209385","0.00137268381197231","0","-0.00818558458643981","-0.071458963982145","0","-0.00903167203034716","0.0086580627431152","0.0276867326822456","-0.0128070053563905","-0.0103627870355467","-0.00210748233956437","0.0248892887636867","-0.00590552897404173","-0.00800461678261399","-0.0215869480550808","-0.00406918160672554","0","0.0019379851026784","0.00301962987371951","0.0099207162867474","0.00297177038915741","0.00595830958363042","-0.000949216967332411","0.00194363520857088","0.000982801061907956","0.0104032000123144","0.00293691518406458","0.00464357899502943","-0.0121401183726331","0.00294900951121063","0.00257126731629852","0.00342336465532627","0.00432124936237867","0.000848853639060991","0.00355695783663864","0.00283090914850119","0.00109024516411144","0.00510520076639861","0.00442147456455958","0.00566448702768027","0.00296037931708","0.00446249617295028","-0.00850627121379333","-0.0273091084217043","-0.0121918396128109","-0.0155859722923797","-0.00261145457122058","0.0270051253851573","-0.0546493586263477","0.0823294683316034","0.000589188410033969","-0.0280766428118842","0","0.348097335950692","-0.0665554464497102","0.129211731480006","0.0108949955480657","-0.000162429952440313","0.00535159412066136","0.022878811582304","0.0181706661846517","-0.019946838321049","-0.0952000000000002","0.00658994305321947","-0.0050381899272729","-0.0484894388611306","-0.0699999999999994","-0.0899999999999994","0.00156963709933322","0.00176895715321201","0.00287630169872344","0.00457627457487675",NA,"-0.0904000000000003","0.0503999999999998","-0.0159000000000002","0.0205000000000002","0.0205960862104337","0.0136754487072483","14.94999981","-0.000524271865478099","0.0190525216801731","-73.4422","0.317059999999998","0.136490000000009","0.031400000000005","0.00126537638572188","0.000783527616554234","-0.00366033146190424","-0.00114351070207963","-0.00295858203974486"
"337","2026-01-01",NA,NA,NA,NA,NA,NA,NA,NA,NA,NA,NA,"0.00282358783011638","0",NA,NA,NA,"0.00947874395454384","-0.0136733019002095","-0.00129785871560006","0","-0.0041237171838624","0.00411805660891762","-0.0124053968574875","-0.0769610411361286","-0.0594234204708011","-0.00100857295488499","0.00573067470898447","-0.00756147270057639","-0.0118856072339808","0.00660691407574099","-0.0180952249779551","-0.079796916840297","0.000986679902445609","-0.0326750188506475","0.0113208756244818","-0.0164443582263774","-0.0479708277860293","0","-0.017233067123775","0.0108003013507698","0.0176475168135779","0.009852296443011","0.00189753377619173","-0.00194363520857088","0.0204187939887595","0.0133948423531276","0.020320382133395","0.0188054743814945","0.03044470372717","0.00202035760913606","0.0021357244159499","0.00280871007108185","0.000744696168256309","-0.00127414806699435","0.00207347009964269","0.00487588929514321","0.0012526098779542","-0.00120716941699665","0.00108585004602204","0.0011425310387485","-0.000269940082738916","0.00175349253686961","0.0505824993337249","0.117369625805853","-0.0215112921641865","-0.0346587535157266","0.255993622722883","-0.0994729648294985","0.341928449005377","-0.234168008400482","0.0591076246591964","0.0399005174590652","0.0135006872189027","-0.163406109801419","0.0167134809737401","-0.0282410795010364","0.00678627000358656","0.00873367996875463","0.00819105311641663","0.0160910467031652","0.010627724422534","0.0628982255166486","-0.1548","0.00602559273237091","-0.0125791146270906","-0.0197551085710277","-0.04","-0.0500000000000003","0.00215533383288502","-0.00169550199519897","-0.00439872787841367","-0.00128196365299615",NA,"-0.1539","-0.0196999999999998","-0.0316000000000001","-0.0264000000000006","0.0296728862642865","0.0342524697646347","17.44000053","0.0135704622217716","0.0483786442829621","75.81416","0.284510000000012","0.0659399999999977","0.0592999999999932","-0.0020197695021992","0.0017141290248265","-0.0298721568088034","0.00570452202964145","-0.00519867490923787"
"338","2026-02-01",NA,NA,NA,NA,NA,NA,NA,NA,NA,NA,NA,"0.0147092126492909","0.100000000000001",NA,NA,NA,NA,NA,NA,NA,NA,NA,NA,NA,NA,NA,NA,NA,NA,NA,NA,NA,NA,NA,NA,NA,NA,NA,NA,NA,NA,NA,NA,NA,"-0.00482393603085285","0.047139054034095",NA,"-0.00296356218959559","0.00087433806703352","0.00219402359144672","0.00207015279647487","0.00210547920253556","-0.000590186356381777","0.00450668566737257","0.00418622848077562","0.00314672007884303","0.00130532281012983","0.00130962321916639","0.000949569836524956","-0.000926913283034244","0.00191417070723034","0.00301875788583089",NA,NA,NA,NA,NA,NA,NA,NA,NA,NA,NA,NA,NA,NA,"-0.00315796384469458","-0.00522025779832402","-0.00347735723782519","-0.00681806783098526","0.00361583982486829","0.0624248023205825","0","0.00466913841202476","0.0519472836120638","0.0380734742574251","0.0599999999999996","0.0500000000000003","0.00207182318815313","0.00385008864847691","0.0080911792499414","0.00565093820500451",NA,"0.00239999999999974","-0.0592000000000001","-0.0185999999999993","0.000700000000000145","0.0598541664622694","0.0214342349274439","19.86000061","-0.00870613332629411","0.0531546555371674","-39.7266","0.000189999999989254","-0.155060000000006","0.0808999999999997","-0.00405555654568923","0.00395210680056205","-0.0125125202581669","0.00962362366439429","-0.0622081534220786"
